day,program,semester,period,time_start,time_end,lab_name,lab_block_length,prev_is_lab,next_is_lab,lab_occupied,week
Monday,,,1,08:30,09:20,Test Lab,0,0,0,0,1
Monday,,,2,09:20,10:10,Test Lab,0,0,1,0,1
Monday,cse_g1,6.0,3,10:30,11:20,Test Lab,2,0,1,1,1
Monday,cse_g1,6.0,4,11:20,12:10,Test Lab,2,1,1,1,1
Monday,cse_g2,2.0,5,13:40,14:30,Test Lab,2,1,1,1,1
Monday,cse_g2,2.0,6,14:30,15:20,Test Lab,2,1,0,1,1
Monday,,,7,15:30,16:20,Test Lab,0,1,0,0,1
Monday,,,8,16:20,17:10,Test Lab,0,0,0,0,1
Tuesday,cse_g1,4.0,1,08:30,09:20,Test Lab,4,0,1,1,1
Tuesday,cse_g1,4.0,2,09:20,10:10,Test Lab,4,1,1,1,1
Tuesday,cse_g1,4.0,3,10:30,11:20,Test Lab,4,1,1,1,1
Tuesday,cse_g1,4.0,4,11:20,12:10,Test Lab,4,1,1,1,1
Tuesday,cse_aiml,6.0,5,13:40,14:30,Test Lab,4,1,1,1,1
Tuesday,cse_aiml,6.0,6,14:30,15:20,Test Lab,4,1,1,0,1
Tuesday,cse_aiml,6.0,7,15:30,16:20,Test Lab,4,1,1,1,1
Tuesday,cse_aiml,6.0,8,16:20,17:10,Test Lab,4,1,0,1,1
Wednesday,,,1,08:30,09:20,Test Lab,0,0,1,0,1
Wednesday,cse_g2,6.0,2,09:20,10:10,Test Lab,2,0,1,1,1
Wednesday,cse_g2,6.0,3,10:30,11:20,Test Lab,2,1,0,1,1
Wednesday,,,4,11:20,12:10,Test Lab,0,1,1,1,1
Wednesday,cse_g1,2.0,5,13:40,14:30,Test Lab,2,0,1,1,1
Wednesday,cse_g1,2.0,6,14:30,15:20,Test Lab,2,1,1,1,1
Wednesday,cse_g1,8.0,7,15:30,16:20,Test Lab,2,1,1,1,1
Wednesday,cse_g1,8.0,8,16:20,17:10,Test Lab,2,1,0,1,1
Thursday,,,1,08:30,09:20,Test Lab,0,0,0,0,1
Thursday,,,2,09:20,10:10,Test Lab,0,0,1,0,1
Thursday,cse_g2,8.0,3,10:30,11:20,Test Lab,2,0,1,1,1
Thursday,cse_g2,8.0,4,11:20,12:10,Test Lab,2,1,1,1,1
Thursday,cse_g1,6.0,5,13:40,14:30,Test Lab,4,1,1,1,1
Thursday,cse_g1,6.0,6,14:30,15:20,Test Lab,4,1,1,1,1
Thursday,cse_g1,6.0,7,15:30,16:20,Test Lab,4,1,1,1,1
Thursday,cse_g1,6.0,8,16:20,17:10,Test Lab,4,1,0,0,1
Friday,cse_aiml,6.0,1,08:30,09:20,Test Lab,4,0,1,1,1
Friday,cse_aiml,6.0,2,09:20,10:10,Test Lab,4,1,1,1,1
Friday,cse_aiml,6.0,3,10:30,11:20,Test Lab,4,1,1,1,1
Friday,cse_aiml,6.0,4,11:20,12:10,Test Lab,4,1,1,1,1
Friday,cse_g1,6.0,5,13:40,14:30,Test Lab,2,1,1,1,1
Friday,cse_g1,6.0,6,14:30,15:20,Test Lab,2,1,1,1,1
Friday,cse_g2,4.0,7,15:30,16:20,Test Lab,2,1,1,1,1
Friday,cse_g2,4.0,8,16:20,17:10,Test Lab,2,1,0,1,1
Monday,,,1,08:30,09:20,Test Lab,0,0,0,0,2
Monday,,,2,09:20,10:10,Test Lab,0,0,1,0,2
Monday,cse_g1,6.0,3,10:30,11:20,Test Lab,2,0,1,1,2
Monday,cse_g1,6.0,4,11:20,12:10,Test Lab,2,1,1,1,2
Monday,cse_g2,2.0,5,13:40,14:30,Test Lab,2,1,1,1,2
Monday,cse_g2,2.0,6,14:30,15:20,Test Lab,2,1,0,1,2
Monday,,,7,15:30,16:20,Test Lab,0,1,0,0,2
Monday,,,8,16:20,17:10,Test Lab,0,0,0,0,2
Tuesday,cse_g1,4.0,1,08:30,09:20,Test Lab,4,0,1,1,2
Tuesday,cse_g1,4.0,2,09:20,10:10,Test Lab,4,1,1,1,2
Tuesday,cse_g1,4.0,3,10:30,11:20,Test Lab,4,1,1,1,2
Tuesday,cse_g1,4.0,4,11:20,12:10,Test Lab,4,1,1,1,2
Tuesday,cse_aiml,6.0,5,13:40,14:30,Test Lab,4,1,1,1,2
Tuesday,cse_aiml,6.0,6,14:30,15:20,Test Lab,4,1,1,1,2
Tuesday,cse_aiml,6.0,7,15:30,16:20,Test Lab,4,1,1,1,2
Tuesday,cse_aiml,6.0,8,16:20,17:10,Test Lab,4,1,0,1,2
Wednesday,,,1,08:30,09:20,Test Lab,0,0,1,0,2
Wednesday,cse_g2,6.0,2,09:20,10:10,Test Lab,2,0,1,0,2
Wednesday,cse_g2,6.0,3,10:30,11:20,Test Lab,2,1,0,1,2
Wednesday,,,4,11:20,12:10,Test Lab,0,1,1,0,2
Wednesday,cse_g1,2.0,5,13:40,14:30,Test Lab,2,0,1,1,2
Wednesday,cse_g1,2.0,6,14:30,15:20,Test Lab,2,1,1,1,2
Wednesday,cse_g1,8.0,7,15:30,16:20,Test Lab,2,1,1,1,2
Wednesday,cse_g1,8.0,8,16:20,17:10,Test Lab,2,1,0,0,2
Thursday,,,1,08:30,09:20,Test Lab,0,0,0,0,2
Thursday,,,2,09:20,10:10,Test Lab,0,0,1,0,2
Thursday,cse_g2,8.0,3,10:30,11:20,Test Lab,2,0,1,1,2
Thursday,cse_g2,8.0,4,11:20,12:10,Test Lab,2,1,1,1,2
Thursday,cse_g1,6.0,5,13:40,14:30,Test Lab,4,1,1,1,2
Thursday,cse_g1,6.0,6,14:30,15:20,Test Lab,4,1,1,1,2
Thursday,cse_g1,6.0,7,15:30,16:20,Test Lab,4,1,1,1,2
Thursday,cse_g1,6.0,8,16:20,17:10,Test Lab,4,1,0,1,2
Friday,cse_aiml,6.0,1,08:30,09:20,Test Lab,4,0,1,1,2
Friday,cse_aiml,6.0,2,09:20,10:10,Test Lab,4,1,1,1,2
Friday,cse_aiml,6.0,3,10:30,11:20,Test Lab,4,1,1,1,2
Friday,cse_aiml,6.0,4,11:20,12:10,Test Lab,4,1,1,1,2
Friday,cse_g1,6.0,5,13:40,14:30,Test Lab,2,1,1,0,2
Friday,cse_g1,6.0,6,14:30,15:20,Test Lab,2,1,1,1,2
Friday,cse_g2,4.0,7,15:30,16:20,Test Lab,2,1,1,1,2
Friday,cse_g2,4.0,8,16:20,17:10,Test Lab,2,1,0,1,2
Monday,,,1,08:30,09:20,Test Lab,0,0,0,0,3
Monday,,,2,09:20,10:10,Test Lab,0,0,1,0,3
Monday,cse_g1,6.0,3,10:30,11:20,Test Lab,2,0,1,1,3
Monday,cse_g1,6.0,4,11:20,12:10,Test Lab,2,1,1,1,3
Monday,cse_g2,2.0,5,13:40,14:30,Test Lab,2,1,1,1,3
Monday,cse_g2,2.0,6,14:30,15:20,Test Lab,2,1,0,0,3
Monday,,,7,15:30,16:20,Test Lab,0,1,0,0,3
Monday,,,8,16:20,17:10,Test Lab,0,0,0,0,3
Tuesday,cse_g1,4.0,1,08:30,09:20,Test Lab,4,0,1,1,3
Tuesday,cse_g1,4.0,2,09:20,10:10,Test Lab,4,1,1,1,3
Tuesday,cse_g1,4.0,3,10:30,11:20,Test Lab,4,1,1,1,3
Tuesday,cse_g1,4.0,4,11:20,12:10,Test Lab,4,1,1,1,3
Tuesday,cse_aiml,6.0,5,13:40,14:30,Test Lab,4,1,1,1,3
Tuesday,cse_aiml,6.0,6,14:30,15:20,Test Lab,4,1,1,1,3
Tuesday,cse_aiml,6.0,7,15:30,16:20,Test Lab,4,1,1,1,3
Tuesday,cse_aiml,6.0,8,16:20,17:10,Test Lab,4,1,0,1,3
Wednesday,,,1,08:30,09:20,Test Lab,0,0,1,0,3
Wednesday,cse_g2,6.0,2,09:20,10:10,Test Lab,2,0,1,1,3
Wednesday,cse_g2,6.0,3,10:30,11:20,Test Lab,2,1,0,1,3
Wednesday,,,4,11:20,12:10,Test Lab,0,1,1,0,3
Wednesday,cse_g1,2.0,5,13:40,14:30,Test Lab,2,0,1,1,3
Wednesday,cse_g1,2.0,6,14:30,15:20,Test Lab,2,1,1,1,3
Wednesday,cse_g1,8.0,7,15:30,16:20,Test Lab,2,1,1,1,3
Wednesday,cse_g1,8.0,8,16:20,17:10,Test Lab,2,1,0,1,3
Thursday,,,1,08:30,09:20,Test Lab,0,0,0,0,3
Thursday,,,2,09:20,10:10,Test Lab,0,0,1,0,3
Thursday,cse_g2,8.0,3,10:30,11:20,Test Lab,2,0,1,1,3
Thursday,cse_g2,8.0,4,11:20,12:10,Test Lab,2,1,1,1,3
Thursday,cse_g1,6.0,5,13:40,14:30,Test Lab,4,1,1,1,3
Thursday,cse_g1,6.0,6,14:30,15:20,Test Lab,4,1,1,1,3
Thursday,cse_g1,6.0,7,15:30,16:20,Test Lab,4,1,1,1,3
Thursday,cse_g1,6.0,8,16:20,17:10,Test Lab,4,1,0,1,3
Friday,cse_aiml,6.0,1,08:30,09:20,Test Lab,4,0,1,1,3
Friday,cse_aiml,6.0,2,09:20,10:10,Test Lab,4,1,1,0,3
Friday,cse_aiml,6.0,3,10:30,11:20,Test Lab,4,1,1,1,3
Friday,cse_aiml,6.0,4,11:20,12:10,Test Lab,4,1,1,1,3
Friday,cse_g1,6.0,5,13:40,14:30,Test Lab,2,1,1,1,3
Friday,cse_g1,6.0,6,14:30,15:20,Test Lab,2,1,1,1,3
Friday,cse_g2,4.0,7,15:30,16:20,Test Lab,2,1,1,1,3
Friday,cse_g2,4.0,8,16:20,17:10,Test Lab,2,1,0,1,3
Monday,,,1,08:30,09:20,Test Lab,0,0,0,0,4
Monday,,,2,09:20,10:10,Test Lab,0,0,1,0,4
Monday,cse_g1,6.0,3,10:30,11:20,Test Lab,2,0,1,1,4
Monday,cse_g1,6.0,4,11:20,12:10,Test Lab,2,1,1,1,4
Monday,cse_g2,2.0,5,13:40,14:30,Test Lab,2,1,1,1,4
Monday,cse_g2,2.0,6,14:30,15:20,Test Lab,2,1,0,0,4
Monday,,,7,15:30,16:20,Test Lab,0,1,0,0,4
Monday,,,8,16:20,17:10,Test Lab,0,0,0,0,4
Tuesday,cse_g1,4.0,1,08:30,09:20,Test Lab,4,0,1,1,4
Tuesday,cse_g1,4.0,2,09:20,10:10,Test Lab,4,1,1,1,4
Tuesday,cse_g1,4.0,3,10:30,11:20,Test Lab,4,1,1,1,4
Tuesday,cse_g1,4.0,4,11:20,12:10,Test Lab,4,1,1,1,4
Tuesday,cse_aiml,6.0,5,13:40,14:30,Test Lab,4,1,1,1,4
Tuesday,cse_aiml,6.0,6,14:30,15:20,Test Lab,4,1,1,1,4
Tuesday,cse_aiml,6.0,7,15:30,16:20,Test Lab,4,1,1,1,4
Tuesday,cse_aiml,6.0,8,16:20,17:10,Test Lab,4,1,0,1,4
Wednesday,,,1,08:30,09:20,Test Lab,0,0,1,1,4
Wednesday,cse_g2,6.0,2,09:20,10:10,Test Lab,2,0,1,1,4
Wednesday,cse_g2,6.0,3,10:30,11:20,Test Lab,2,1,0,1,4
Wednesday,,,4,11:20,12:10,Test Lab,0,1,1,1,4
Wednesday,cse_g1,2.0,5,13:40,14:30,Test Lab,2,0,1,1,4
Wednesday,cse_g1,2.0,6,14:30,15:20,Test Lab,2,1,1,1,4
Wednesday,cse_g1,8.0,7,15:30,16:20,Test Lab,2,1,1,1,4
Wednesday,cse_g1,8.0,8,16:20,17:10,Test Lab,2,1,0,1,4
Thursday,,,1,08:30,09:20,Test Lab,0,0,0,0,4
Thursday,,,2,09:20,10:10,Test Lab,0,0,1,0,4
Thursday,cse_g2,8.0,3,10:30,11:20,Test Lab,2,0,1,1,4
Thursday,cse_g2,8.0,4,11:20,12:10,Test Lab,2,1,1,1,4
Thursday,cse_g1,6.0,5,13:40,14:30,Test Lab,4,1,1,0,4
Thursday,cse_g1,6.0,6,14:30,15:20,Test Lab,4,1,1,1,4
Thursday,cse_g1,6.0,7,15:30,16:20,Test Lab,4,1,1,1,4
Thursday,cse_g1,6.0,8,16:20,17:10,Test Lab,4,1,0,1,4
Friday,cse_aiml,6.0,1,08:30,09:20,Test Lab,4,0,1,1,4
Friday,cse_aiml,6.0,2,09:20,10:10,Test Lab,4,1,1,0,4
Friday,cse_aiml,6.0,3,10:30,11:20,Test Lab,4,1,1,1,4
Friday,cse_aiml,6.0,4,11:20,12:10,Test Lab,4,1,1,1,4
Friday,cse_g1,6.0,5,13:40,14:30,Test Lab,2,1,1,1,4
Friday,cse_g1,6.0,6,14:30,15:20,Test Lab,2,1,1,1,4
Friday,cse_g2,4.0,7,15:30,16:20,Test Lab,2,1,1,1,4
Friday,cse_g2,4.0,8,16:20,17:10,Test Lab,2,1,0,0,4
Monday,,,1,08:30,09:20,Test Lab,0,0,0,0,5
Monday,,,2,09:20,10:10,Test Lab,0,0,1,0,5
Monday,cse_g1,6.0,3,10:30,11:20,Test Lab,2,0,1,1,5
Monday,cse_g1,6.0,4,11:20,12:10,Test Lab,2,1,1,1,5
Monday,cse_g2,2.0,5,13:40,14:30,Test Lab,2,1,1,1,5
Monday,cse_g2,2.0,6,14:30,15:20,Test Lab,2,1,0,1,5
Monday,,,7,15:30,16:20,Test Lab,0,1,0,0,5
Monday,,,8,16:20,17:10,Test Lab,0,0,0,0,5
Tuesday,cse_g1,4.0,1,08:30,09:20,Test Lab,4,0,1,1,5
Tuesday,cse_g1,4.0,2,09:20,10:10,Test Lab,4,1,1,0,5
Tuesday,cse_g1,4.0,3,10:30,11:20,Test Lab,4,1,1,1,5
Tuesday,cse_g1,4.0,4,11:20,12:10,Test Lab,4,1,1,1,5
Tuesday,cse_aiml,6.0,5,13:40,14:30,Test Lab,4,1,1,1,5
Tuesday,cse_aiml,6.0,6,14:30,15:20,Test Lab,4,1,1,1,5
Tuesday,cse_aiml,6.0,7,15:30,16:20,Test Lab,4,1,1,0,5
Tuesday,cse_aiml,6.0,8,16:20,17:10,Test Lab,4,1,0,1,5
Wednesday,,,1,08:30,09:20,Test Lab,0,0,1,0,5
Wednesday,cse_g2,6.0,2,09:20,10:10,Test Lab,2,0,1,0,5
Wednesday,cse_g2,6.0,3,10:30,11:20,Test Lab,2,1,0,1,5
Wednesday,,,4,11:20,12:10,Test Lab,0,1,1,0,5
Wednesday,cse_g1,2.0,5,13:40,14:30,Test Lab,2,0,1,1,5
Wednesday,cse_g1,2.0,6,14:30,15:20,Test Lab,2,1,1,1,5
Wednesday,cse_g1,8.0,7,15:30,16:20,Test Lab,2,1,1,1,5
Wednesday,cse_g1,8.0,8,16:20,17:10,Test Lab,2,1,0,1,5
Thursday,,,1,08:30,09:20,Test Lab,0,0,0,0,5
Thursday,,,2,09:20,10:10,Test Lab,0,0,1,0,5
Thursday,cse_g2,8.0,3,10:30,11:20,Test Lab,2,0,1,1,5
Thursday,cse_g2,8.0,4,11:20,12:10,Test Lab,2,1,1,1,5
Thursday,cse_g1,6.0,5,13:40,14:30,Test Lab,4,1,1,0,5
Thursday,cse_g1,6.0,6,14:30,15:20,Test Lab,4,1,1,1,5
Thursday,cse_g1,6.0,7,15:30,16:20,Test Lab,4,1,1,1,5
Thursday,cse_g1,6.0,8,16:20,17:10,Test Lab,4,1,0,1,5
Friday,cse_aiml,6.0,1,08:30,09:20,Test Lab,4,0,1,1,5
Friday,cse_aiml,6.0,2,09:20,10:10,Test Lab,4,1,1,1,5
Friday,cse_aiml,6.0,3,10:30,11:20,Test Lab,4,1,1,1,5
Friday,cse_aiml,6.0,4,11:20,12:10,Test Lab,4,1,1,1,5
Friday,cse_g1,6.0,5,13:40,14:30,Test Lab,2,1,1,1,5
Friday,cse_g1,6.0,6,14:30,15:20,Test Lab,2,1,1,1,5
Friday,cse_g2,4.0,7,15:30,16:20,Test Lab,2,1,1,1,5
Friday,cse_g2,4.0,8,16:20,17:10,Test Lab,2,1,0,1,5
Monday,,,1,08:30,09:20,Test Lab,0,0,0,0,6
Monday,,,2,09:20,10:10,Test Lab,0,0,1,1,6
Monday,cse_g1,6.0,3,10:30,11:20,Test Lab,2,0,1,1,6
Monday,cse_g1,6.0,4,11:20,12:10,Test Lab,2,1,1,1,6
Monday,cse_g2,2.0,5,13:40,14:30,Test Lab,2,1,1,1,6
Monday,cse_g2,2.0,6,14:30,15:20,Test Lab,2,1,0,1,6
Monday,,,7,15:30,16:20,Test Lab,0,1,0,0,6
Monday,,,8,16:20,17:10,Test Lab,0,0,0,0,6
Tuesday,cse_g1,4.0,1,08:30,09:20,Test Lab,4,0,1,1,6
Tuesday,cse_g1,4.0,2,09:20,10:10,Test Lab,4,1,1,1,6
Tuesday,cse_g1,4.0,3,10:30,11:20,Test Lab,4,1,1,1,6
Tuesday,cse_g1,4.0,4,11:20,12:10,Test Lab,4,1,1,1,6
Tuesday,cse_aiml,6.0,5,13:40,14:30,Test Lab,4,1,1,1,6
Tuesday,cse_aiml,6.0,6,14:30,15:20,Test Lab,4,1,1,0,6
Tuesday,cse_aiml,6.0,7,15:30,16:20,Test Lab,4,1,1,1,6
Tuesday,cse_aiml,6.0,8,16:20,17:10,Test Lab,4,1,0,1,6
Wednesday,,,1,08:30,09:20,Test Lab,0,0,1,0,6
Wednesday,cse_g2,6.0,2,09:20,10:10,Test Lab,2,0,1,1,6
Wednesday,cse_g2,6.0,3,10:30,11:20,Test Lab,2,1,0,1,6
Wednesday,,,4,11:20,12:10,Test Lab,0,1,1,0,6
Wednesday,cse_g1,2.0,5,13:40,14:30,Test Lab,2,0,1,1,6
Wednesday,cse_g1,2.0,6,14:30,15:20,Test Lab,2,1,1,1,6
Wednesday,cse_g1,8.0,7,15:30,16:20,Test Lab,2,1,1,1,6
Wednesday,cse_g1,8.0,8,16:20,17:10,Test Lab,2,1,0,1,6
Thursday,,,1,08:30,09:20,Test Lab,0,0,0,0,6
Thursday,,,2,09:20,10:10,Test Lab,0,0,1,0,6
Thursday,cse_g2,8.0,3,10:30,11:20,Test Lab,2,0,1,1,6
Thursday,cse_g2,8.0,4,11:20,12:10,Test Lab,2,1,1,1,6
Thursday,cse_g1,6.0,5,13:40,14:30,Test Lab,4,1,1,1,6
Thursday,cse_g1,6.0,6,14:30,15:20,Test Lab,4,1,1,1,6
Thursday,cse_g1,6.0,7,15:30,16:20,Test Lab,4,1,1,1,6
Thursday,cse_g1,6.0,8,16:20,17:10,Test Lab,4,1,0,1,6
Friday,cse_aiml,6.0,1,08:30,09:20,Test Lab,4,0,1,1,6
Friday,cse_aiml,6.0,2,09:20,10:10,Test Lab,4,1,1,1,6
Friday,cse_aiml,6.0,3,10:30,11:20,Test Lab,4,1,1,1,6
Friday,cse_aiml,6.0,4,11:20,12:10,Test Lab,4,1,1,1,6
Friday,cse_g1,6.0,5,13:40,14:30,Test Lab,2,1,1,1,6
Friday,cse_g1,6.0,6,14:30,15:20,Test Lab,2,1,1,1,6
Friday,cse_g2,4.0,7,15:30,16:20,Test Lab,2,1,1,1,6
Friday,cse_g2,4.0,8,16:20,17:10,Test Lab,2,1,0,1,6
Monday,,,1,08:30,09:20,Test Lab,0,0,0,0,7
Monday,,,2,09:20,10:10,Test Lab,0,0,1,1,7
Monday,cse_g1,6.0,3,10:30,11:20,Test Lab,2,0,1,1,7
Monday,cse_g1,6.0,4,11:20,12:10,Test Lab,2,1,1,0,7
Monday,cse_g2,2.0,5,13:40,14:30,Test Lab,2,1,1,1,7
Monday,cse_g2,2.0,6,14:30,15:20,Test Lab,2,1,0,1,7
Monday,,,7,15:30,16:20,Test Lab,0,1,0,0,7
Monday,,,8,16:20,17:10,Test Lab,0,0,0,0,7
Tuesday,cse_g1,4.0,1,08:30,09:20,Test Lab,4,0,1,1,7
Tuesday,cse_g1,4.0,2,09:20,10:10,Test Lab,4,1,1,1,7
Tuesday,cse_g1,4.0,3,10:30,11:20,Test Lab,4,1,1,1,7
Tuesday,cse_g1,4.0,4,11:20,12:10,Test Lab,4,1,1,1,7
Tuesday,cse_aiml,6.0,5,13:40,14:30,Test Lab,4,1,1,1,7
Tuesday,cse_aiml,6.0,6,14:30,15:20,Test Lab,4,1,1,1,7
Tuesday,cse_aiml,6.0,7,15:30,16:20,Test Lab,4,1,1,0,7
Tuesday,cse_aiml,6.0,8,16:20,17:10,Test Lab,4,1,0,1,7
Wednesday,,,1,08:30,09:20,Test Lab,0,0,1,0,7
Wednesday,cse_g2,6.0,2,09:20,10:10,Test Lab,2,0,1,1,7
Wednesday,cse_g2,6.0,3,10:30,11:20,Test Lab,2,1,0,1,7
Wednesday,,,4,11:20,12:10,Test Lab,0,1,1,0,7
Wednesday,cse_g1,2.0,5,13:40,14:30,Test Lab,2,0,1,1,7
Wednesday,cse_g1,2.0,6,14:30,15:20,Test Lab,2,1,1,1,7
Wednesday,cse_g1,8.0,7,15:30,16:20,Test Lab,2,1,1,1,7
Wednesday,cse_g1,8.0,8,16:20,17:10,Test Lab,2,1,0,1,7
Thursday,,,1,08:30,09:20,Test Lab,0,0,0,0,7
Thursday,,,2,09:20,10:10,Test Lab,0,0,1,0,7
Thursday,cse_g2,8.0,3,10:30,11:20,Test Lab,2,0,1,1,7
Thursday,cse_g2,8.0,4,11:20,12:10,Test Lab,2,1,1,1,7
Thursday,cse_g1,6.0,5,13:40,14:30,Test Lab,4,1,1,1,7
Thursday,cse_g1,6.0,6,14:30,15:20,Test Lab,4,1,1,1,7
Thursday,cse_g1,6.0,7,15:30,16:20,Test Lab,4,1,1,1,7
Thursday,cse_g1,6.0,8,16:20,17:10,Test Lab,4,1,0,1,7
Friday,cse_aiml,6.0,1,08:30,09:20,Test Lab,4,0,1,1,7
Friday,cse_aiml,6.0,2,09:20,10:10,Test Lab,4,1,1,1,7
Friday,cse_aiml,6.0,3,10:30,11:20,Test Lab,4,1,1,1,7
Friday,cse_aiml,6.0,4,11:20,12:10,Test Lab,4,1,1,1,7
Friday,cse_g1,6.0,5,13:40,14:30,Test Lab,2,1,1,1,7
Friday,cse_g1,6.0,6,14:30,15:20,Test Lab,2,1,1,1,7
Friday,cse_g2,4.0,7,15:30,16:20,Test Lab,2,1,1,1,7
Friday,cse_g2,4.0,8,16:20,17:10,Test Lab,2,1,0,1,7
Monday,,,1,08:30,09:20,Test Lab,0,0,0,0,8
Monday,,,2,09:20,10:10,Test Lab,0,0,1,0,8
Monday,cse_g1,6.0,3,10:30,11:20,Test Lab,2,0,1,1,8
Monday,cse_g1,6.0,4,11:20,12:10,Test Lab,2,1,1,1,8
Monday,cse_g2,2.0,5,13:40,14:30,Test Lab,2,1,1,1,8
Monday,cse_g2,2.0,6,14:30,15:20,Test Lab,2,1,0,0,8
Monday,,,7,15:30,16:20,Test Lab,0,1,0,0,8
Monday,,,8,16:20,17:10,Test Lab,0,0,0,0,8
Tuesday,cse_g1,4.0,1,08:30,09:20,Test Lab,4,0,1,1,8
Tuesday,cse_g1,4.0,2,09:20,10:10,Test Lab,4,1,1,1,8
Tuesday,cse_g1,4.0,3,10:30,11:20,Test Lab,4,1,1,0,8
Tuesday,cse_g1,4.0,4,11:20,12:10,Test Lab,4,1,1,1,8
Tuesday,cse_aiml,6.0,5,13:40,14:30,Test Lab,4,1,1,1,8
Tuesday,cse_aiml,6.0,6,14:30,15:20,Test Lab,4,1,1,1,8
Tuesday,cse_aiml,6.0,7,15:30,16:20,Test Lab,4,1,1,1,8
Tuesday,cse_aiml,6.0,8,16:20,17:10,Test Lab,4,1,0,1,8
Wednesday,,,1,08:30,09:20,Test Lab,0,0,1,0,8
Wednesday,cse_g2,6.0,2,09:20,10:10,Test Lab,2,0,1,1,8
Wednesday,cse_g2,6.0,3,10:30,11:20,Test Lab,2,1,0,1,8
Wednesday,,,4,11:20,12:10,Test Lab,0,1,1,0,8
Wednesday,cse_g1,2.0,5,13:40,14:30,Test Lab,2,0,1,1,8
Wednesday,cse_g1,2.0,6,14:30,15:20,Test Lab,2,1,1,0,8
Wednesday,cse_g1,8.0,7,15:30,16:20,Test Lab,2,1,1,1,8
Wednesday,cse_g1,8.0,8,16:20,17:10,Test Lab,2,1,0,1,8
Thursday,,,1,08:30,09:20,Test Lab,0,0,0,0,8
Thursday,,,2,09:20,10:10,Test Lab,0,0,1,0,8
Thursday,cse_g2,8.0,3,10:30,11:20,Test Lab,2,0,1,1,8
Thursday,cse_g2,8.0,4,11:20,12:10,Test Lab,2,1,1,1,8
Thursday,cse_g1,6.0,5,13:40,14:30,Test Lab,4,1,1,1,8
Thursday,cse_g1,6.0,6,14:30,15:20,Test Lab,4,1,1,1,8
Thursday,cse_g1,6.0,7,15:30,16:20,Test Lab,4,1,1,1,8
Thursday,cse_g1,6.0,8,16:20,17:10,Test Lab,4,1,0,1,8
Friday,cse_aiml,6.0,1,08:30,09:20,Test Lab,4,0,1,1,8
Friday,cse_aiml,6.0,2,09:20,10:10,Test Lab,4,1,1,1,8
Friday,cse_aiml,6.0,3,10:30,11:20,Test Lab,4,1,1,1,8
Friday,cse_aiml,6.0,4,11:20,12:10,Test Lab,4,1,1,1,8
Friday,cse_g1,6.0,5,13:40,14:30,Test Lab,2,1,1,1,8
Friday,cse_g1,6.0,6,14:30,15:20,Test Lab,2,1,1,1,8
Friday,cse_g2,4.0,7,15:30,16:20,Test Lab,2,1,1,0,8
Friday,cse_g2,4.0,8,16:20,17:10,Test Lab,2,1,0,1,8
Monday,,,1,08:30,09:20,Test Lab,0,0,0,0,9
Monday,,,2,09:20,10:10,Test Lab,0,0,1,0,9
Monday,cse_g1,6.0,3,10:30,11:20,Test Lab,2,0,1,1,9
Monday,cse_g1,6.0,4,11:20,12:10,Test Lab,2,1,1,1,9
Monday,cse_g2,2.0,5,13:40,14:30,Test Lab,2,1,1,1,9
Monday,cse_g2,2.0,6,14:30,15:20,Test Lab,2,1,0,1,9
Monday,,,7,15:30,16:20,Test Lab,0,1,0,0,9
Monday,,,8,16:20,17:10,Test Lab,0,0,0,0,9
Tuesday,cse_g1,4.0,1,08:30,09:20,Test Lab,4,0,1,1,9
Tuesday,cse_g1,4.0,2,09:20,10:10,Test Lab,4,1,1,1,9
Tuesday,cse_g1,4.0,3,10:30,11:20,Test Lab,4,1,1,1,9
Tuesday,cse_g1,4.0,4,11:20,12:10,Test Lab,4,1,1,1,9
Tuesday,cse_aiml,6.0,5,13:40,14:30,Test Lab,4,1,1,1,9
Tuesday,cse_aiml,6.0,6,14:30,15:20,Test Lab,4,1,1,0,9
Tuesday,cse_aiml,6.0,7,15:30,16:20,Test Lab,4,1,1,1,9
Tuesday,cse_aiml,6.0,8,16:20,17:10,Test Lab,4,1,0,1,9
Wednesday,,,1,08:30,09:20,Test Lab,0,0,1,0,9
Wednesday,cse_g2,6.0,2,09:20,10:10,Test Lab,2,0,1,0,9
Wednesday,cse_g2,6.0,3,10:30,11:20,Test Lab,2,1,0,1,9
Wednesday,,,4,11:20,12:10,Test Lab,0,1,1,0,9
Wednesday,cse_g1,2.0,5,13:40,14:30,Test Lab,2,0,1,1,9
Wednesday,cse_g1,2.0,6,14:30,15:20,Test Lab,2,1,1,1,9
Wednesday,cse_g1,8.0,7,15:30,16:20,Test Lab,2,1,1,1,9
Wednesday,cse_g1,8.0,8,16:20,17:10,Test Lab,2,1,0,1,9
Thursday,,,1,08:30,09:20,Test Lab,0,0,0,0,9
Thursday,,,2,09:20,10:10,Test Lab,0,0,1,0,9
Thursday,cse_g2,8.0,3,10:30,11:20,Test Lab,2,0,1,1,9
Thursday,cse_g2,8.0,4,11:20,12:10,Test Lab,2,1,1,1,9
Thursday,cse_g1,6.0,5,13:40,14:30,Test Lab,4,1,1,1,9
Thursday,cse_g1,6.0,6,14:30,15:20,Test Lab,4,1,1,1,9
Thursday,cse_g1,6.0,7,15:30,16:20,Test Lab,4,1,1,1,9
Thursday,cse_g1,6.0,8,16:20,17:10,Test Lab,4,1,0,1,9
Friday,cse_aiml,6.0,1,08:30,09:20,Test Lab,4,0,1,1,9
Friday,cse_aiml,6.0,2,09:20,10:10,Test Lab,4,1,1,1,9
Friday,cse_aiml,6.0,3,10:30,11:20,Test Lab,4,1,1,1,9
Friday,cse_aiml,6.0,4,11:20,12:10,Test Lab,4,1,1,1,9
Friday,cse_g1,6.0,5,13:40,14:30,Test Lab,2,1,1,1,9
Friday,cse_g1,6.0,6,14:30,15:20,Test Lab,2,1,1,1,9
Friday,cse_g2,4.0,7,15:30,16:20,Test Lab,2,1,1,1,9
Friday,cse_g2,4.0,8,16:20,17:10,Test Lab,2,1,0,1,9
Monday,,,1,08:30,09:20,Test Lab,0,0,0,1,10
Monday,,,2,09:20,10:10,Test Lab,0,0,1,0,10
Monday,cse_g1,6.0,3,10:30,11:20,Test Lab,2,0,1,1,10
Monday,cse_g1,6.0,4,11:20,12:10,Test Lab,2,1,1,1,10
Monday,cse_g2,2.0,5,13:40,14:30,Test Lab,2,1,1,1,10
Monday,cse_g2,2.0,6,14:30,15:20,Test Lab,2,1,0,1,10
Monday,,,7,15:30,16:20,Test Lab,0,1,0,0,10
Monday,,,8,16:20,17:10,Test Lab,0,0,0,0,10
Tuesday,cse_g1,4.0,1,08:30,09:20,Test Lab,4,0,1,1,10
Tuesday,cse_g1,4.0,2,09:20,10:10,Test Lab,4,1,1,1,10
Tuesday,cse_g1,4.0,3,10:30,11:20,Test Lab,4,1,1,1,10
Tuesday,cse_g1,4.0,4,11:20,12:10,Test Lab,4,1,1,1,10
Tuesday,cse_aiml,6.0,5,13:40,14:30,Test Lab,4,1,1,1,10
Tuesday,cse_aiml,6.0,6,14:30,15:20,Test Lab,4,1,1,1,10
Tuesday,cse_aiml,6.0,7,15:30,16:20,Test Lab,4,1,1,1,10
Tuesday,cse_aiml,6.0,8,16:20,17:10,Test Lab,4,1,0,0,10
Wednesday,,,1,08:30,09:20,Test Lab,0,0,1,0,10
Wednesday,cse_g2,6.0,2,09:20,10:10,Test Lab,2,0,1,1,10
Wednesday,cse_g2,6.0,3,10:30,11:20,Test Lab,2,1,0,1,10
Wednesday,,,4,11:20,12:10,Test Lab,0,1,1,0,10
Wednesday,cse_g1,2.0,5,13:40,14:30,Test Lab,2,0,1,1,10
Wednesday,cse_g1,2.0,6,14:30,15:20,Test Lab,2,1,1,1,10
Wednesday,cse_g1,8.0,7,15:30,16:20,Test Lab,2,1,1,1,10
Wednesday,cse_g1,8.0,8,16:20,17:10,Test Lab,2,1,0,1,10
Thursday,,,1,08:30,09:20,Test Lab,0,0,0,0,10
Thursday,,,2,09:20,10:10,Test Lab,0,0,1,0,10
Thursday,cse_g2,8.0,3,10:30,11:20,Test Lab,2,0,1,1,10
Thursday,cse_g2,8.0,4,11:20,12:10,Test Lab,2,1,1,1,10
Thursday,cse_g1,6.0,5,13:40,14:30,Test Lab,4,1,1,1,10
Thursday,cse_g1,6.0,6,14:30,15:20,Test Lab,4,1,1,1,10
Thursday,cse_g1,6.0,7,15:30,16:20,Test Lab,4,1,1,1,10
Thursday,cse_g1,6.0,8,16:20,17:10,Test Lab,4,1,0,1,10
Friday,cse_aiml,6.0,1,08:30,09:20,Test Lab,4,0,1,0,10
Friday,cse_aiml,6.0,2,09:20,10:10,Test Lab,4,1,1,1,10
Friday,cse_aiml,6.0,3,10:30,11:20,Test Lab,4,1,1,1,10
Friday,cse_aiml,6.0,4,11:20,12:10,Test Lab,4,1,1,0,10
Friday,cse_g1,6.0,5,13:40,14:30,Test Lab,2,1,1,1,10
Friday,cse_g1,6.0,6,14:30,15:20,Test Lab,2,1,1,1,10
Friday,cse_g2,4.0,7,15:30,16:20,Test Lab,2,1,1,1,10
Friday,cse_g2,4.0,8,16:20,17:10,Test Lab,2,1,0,1,10
Monday,,,1,08:30,09:20,Test Lab,0,0,0,0,11
Monday,,,2,09:20,10:10,Test Lab,0,0,1,0,11
Monday,cse_g1,6.0,3,10:30,11:20,Test Lab,2,0,1,1,11
Monday,cse_g1,6.0,4,11:20,12:10,Test Lab,2,1,1,1,11
Monday,cse_g2,2.0,5,13:40,14:30,Test Lab,2,1,1,1,11
Monday,cse_g2,2.0,6,14:30,15:20,Test Lab,2,1,0,1,11
Monday,,,7,15:30,16:20,Test Lab,0,1,0,0,11
Monday,,,8,16:20,17:10,Test Lab,0,0,0,1,11
Tuesday,cse_g1,4.0,1,08:30,09:20,Test Lab,4,0,1,1,11
Tuesday,cse_g1,4.0,2,09:20,10:10,Test Lab,4,1,1,1,11
Tuesday,cse_g1,4.0,3,10:30,11:20,Test Lab,4,1,1,1,11
Tuesday,cse_g1,4.0,4,11:20,12:10,Test Lab,4,1,1,1,11
Tuesday,cse_aiml,6.0,5,13:40,14:30,Test Lab,4,1,1,1,11
Tuesday,cse_aiml,6.0,6,14:30,15:20,Test Lab,4,1,1,1,11
Tuesday,cse_aiml,6.0,7,15:30,16:20,Test Lab,4,1,1,1,11
Tuesday,cse_aiml,6.0,8,16:20,17:10,Test Lab,4,1,0,1,11
Wednesday,,,1,08:30,09:20,Test Lab,0,0,1,0,11
Wednesday,cse_g2,6.0,2,09:20,10:10,Test Lab,2,0,1,1,11
Wednesday,cse_g2,6.0,3,10:30,11:20,Test Lab,2,1,0,1,11
Wednesday,,,4,11:20,12:10,Test Lab,0,1,1,0,11
Wednesday,cse_g1,2.0,5,13:40,14:30,Test Lab,2,0,1,1,11
Wednesday,cse_g1,2.0,6,14:30,15:20,Test Lab,2,1,1,1,11
Wednesday,cse_g1,8.0,7,15:30,16:20,Test Lab,2,1,1,0,11
Wednesday,cse_g1,8.0,8,16:20,17:10,Test Lab,2,1,0,1,11
Thursday,,,1,08:30,09:20,Test Lab,0,0,0,0,11
Thursday,,,2,09:20,10:10,Test Lab,0,0,1,0,11
Thursday,cse_g2,8.0,3,10:30,11:20,Test Lab,2,0,1,1,11
Thursday,cse_g2,8.0,4,11:20,12:10,Test Lab,2,1,1,1,11
Thursday,cse_g1,6.0,5,13:40,14:30,Test Lab,4,1,1,1,11
Thursday,cse_g1,6.0,6,14:30,15:20,Test Lab,4,1,1,1,11
Thursday,cse_g1,6.0,7,15:30,16:20,Test Lab,4,1,1,1,11
Thursday,cse_g1,6.0,8,16:20,17:10,Test Lab,4,1,0,1,11
Friday,cse_aiml,6.0,1,08:30,09:20,Test Lab,4,0,1,1,11
Friday,cse_aiml,6.0,2,09:20,10:10,Test Lab,4,1,1,1,11
Friday,cse_aiml,6.0,3,10:30,11:20,Test Lab,4,1,1,1,11
Friday,cse_aiml,6.0,4,11:20,12:10,Test Lab,4,1,1,1,11
Friday,cse_g1,6.0,5,13:40,14:30,Test Lab,2,1,1,1,11
Friday,cse_g1,6.0,6,14:30,15:20,Test Lab,2,1,1,1,11
Friday,cse_g2,4.0,7,15:30,16:20,Test Lab,2,1,1,1,11
Friday,cse_g2,4.0,8,16:20,17:10,Test Lab,2,1,0,0,11
Monday,,,1,08:30,09:20,Test Lab,0,0,0,0,12
Monday,,,2,09:20,10:10,Test Lab,0,0,1,0,12
Monday,cse_g1,6.0,3,10:30,11:20,Test Lab,2,0,1,1,12
Monday,cse_g1,6.0,4,11:20,12:10,Test Lab,2,1,1,1,12
Monday,cse_g2,2.0,5,13:40,14:30,Test Lab,2,1,1,1,12
Monday,cse_g2,2.0,6,14:30,15:20,Test Lab,2,1,0,1,12
Monday,,,7,15:30,16:20,Test Lab,0,1,0,0,12
Monday,,,8,16:20,17:10,Test Lab,0,0,0,0,12
Tuesday,cse_g1,4.0,1,08:30,09:20,Test Lab,4,0,1,1,12
Tuesday,cse_g1,4.0,2,09:20,10:10,Test Lab,4,1,1,0,12
Tuesday,cse_g1,4.0,3,10:30,11:20,Test Lab,4,1,1,1,12
Tuesday,cse_g1,4.0,4,11:20,12:10,Test Lab,4,1,1,1,12
Tuesday,cse_aiml,6.0,5,13:40,14:30,Test Lab,4,1,1,1,12
Tuesday,cse_aiml,6.0,6,14:30,15:20,Test Lab,4,1,1,1,12
Tuesday,cse_aiml,6.0,7,15:30,16:20,Test Lab,4,1,1,1,12
Tuesday,cse_aiml,6.0,8,16:20,17:10,Test Lab,4,1,0,1,12
Wednesday,,,1,08:30,09:20,Test Lab,0,0,1,0,12
Wednesday,cse_g2,6.0,2,09:20,10:10,Test Lab,2,0,1,1,12
Wednesday,cse_g2,6.0,3,10:30,11:20,Test Lab,2,1,0,1,12
Wednesday,,,4,11:20,12:10,Test Lab,0,1,1,0,12
Wednesday,cse_g1,2.0,5,13:40,14:30,Test Lab,2,0,1,1,12
Wednesday,cse_g1,2.0,6,14:30,15:20,Test Lab,2,1,1,1,12
Wednesday,cse_g1,8.0,7,15:30,16:20,Test Lab,2,1,1,1,12
Wednesday,cse_g1,8.0,8,16:20,17:10,Test Lab,2,1,0,1,12
Thursday,,,1,08:30,09:20,Test Lab,0,0,0,0,12
Thursday,,,2,09:20,10:10,Test Lab,0,0,1,0,12
Thursday,cse_g2,8.0,3,10:30,11:20,Test Lab,2,0,1,0,12
Thursday,cse_g2,8.0,4,11:20,12:10,Test Lab,2,1,1,1,12
Thursday,cse_g1,6.0,5,13:40,14:30,Test Lab,4,1,1,1,12
Thursday,cse_g1,6.0,6,14:30,15:20,Test Lab,4,1,1,1,12
Thursday,cse_g1,6.0,7,15:30,16:20,Test Lab,4,1,1,0,12
Thursday,cse_g1,6.0,8,16:20,17:10,Test Lab,4,1,0,1,12
Friday,cse_aiml,6.0,1,08:30,09:20,Test Lab,4,0,1,1,12
Friday,cse_aiml,6.0,2,09:20,10:10,Test Lab,4,1,1,1,12
Friday,cse_aiml,6.0,3,10:30,11:20,Test Lab,4,1,1,1,12
Friday,cse_aiml,6.0,4,11:20,12:10,Test Lab,4,1,1,1,12
Friday,cse_g1,6.0,5,13:40,14:30,Test Lab,2,1,1,1,12
Friday,cse_g1,6.0,6,14:30,15:20,Test Lab,2,1,1,1,12
Friday,cse_g2,4.0,7,15:30,16:20,Test Lab,2,1,1,1,12
Friday,cse_g2,4.0,8,16:20,17:10,Test Lab,2,1,0,1,12
Monday,,,1,08:30,09:20,Test Lab,0,0,0,0,13
Monday,,,2,09:20,10:10,Test Lab,0,0,1,0,13
Monday,cse_g1,6.0,3,10:30,11:20,Test Lab,2,0,1,1,13
Monday,cse_g1,6.0,4,11:20,12:10,Test Lab,2,1,1,1,13
Monday,cse_g2,2.0,5,13:40,14:30,Test Lab,2,1,1,1,13
Monday,cse_g2,2.0,6,14:30,15:20,Test Lab,2,1,0,1,13
Monday,,,7,15:30,16:20,Test Lab,0,1,0,0,13
Monday,,,8,16:20,17:10,Test Lab,0,0,0,0,13
Tuesday,cse_g1,4.0,1,08:30,09:20,Test Lab,4,0,1,1,13
Tuesday,cse_g1,4.0,2,09:20,10:10,Test Lab,4,1,1,1,13
Tuesday,cse_g1,4.0,3,10:30,11:20,Test Lab,4,1,1,1,13
Tuesday,cse_g1,4.0,4,11:20,12:10,Test Lab,4,1,1,1,13
Tuesday,cse_aiml,6.0,5,13:40,14:30,Test Lab,4,1,1,1,13
Tuesday,cse_aiml,6.0,6,14:30,15:20,Test Lab,4,1,1,1,13
Tuesday,cse_aiml,6.0,7,15:30,16:20,Test Lab,4,1,1,1,13
Tuesday,cse_aiml,6.0,8,16:20,17:10,Test Lab,4,1,0,0,13
Wednesday,,,1,08:30,09:20,Test Lab,0,0,1,0,13
Wednesday,cse_g2,6.0,2,09:20,10:10,Test Lab,2,0,1,1,13
Wednesday,cse_g2,6.0,3,10:30,11:20,Test Lab,2,1,0,1,13
Wednesday,,,4,11:20,12:10,Test Lab,0,1,1,0,13
Wednesday,cse_g1,2.0,5,13:40,14:30,Test Lab,2,0,1,1,13
Wednesday,cse_g1,2.0,6,14:30,15:20,Test Lab,2,1,1,1,13
Wednesday,cse_g1,8.0,7,15:30,16:20,Test Lab,2,1,1,1,13
Wednesday,cse_g1,8.0,8,16:20,17:10,Test Lab,2,1,0,1,13
Thursday,,,1,08:30,09:20,Test Lab,0,0,0,0,13
Thursday,,,2,09:20,10:10,Test Lab,0,0,1,0,13
Thursday,cse_g2,8.0,3,10:30,11:20,Test Lab,2,0,1,1,13
Thursday,cse_g2,8.0,4,11:20,12:10,Test Lab,2,1,1,1,13
Thursday,cse_g1,6.0,5,13:40,14:30,Test Lab,4,1,1,1,13
Thursday,cse_g1,6.0,6,14:30,15:20,Test Lab,4,1,1,1,13
Thursday,cse_g1,6.0,7,15:30,16:20,Test Lab,4,1,1,1,13
Thursday,cse_g1,6.0,8,16:20,17:10,Test Lab,4,1,0,1,13
Friday,cse_aiml,6.0,1,08:30,09:20,Test Lab,4,0,1,1,13
Friday,cse_aiml,6.0,2,09:20,10:10,Test Lab,4,1,1,1,13
Friday,cse_aiml,6.0,3,10:30,11:20,Test Lab,4,1,1,1,13
Friday,cse_aiml,6.0,4,11:20,12:10,Test Lab,4,1,1,1,13
Friday,cse_g1,6.0,5,13:40,14:30,Test Lab,2,1,1,1,13
Friday,cse_g1,6.0,6,14:30,15:20,Test Lab,2,1,1,1,13
Friday,cse_g2,4.0,7,15:30,16:20,Test Lab,2,1,1,1,13
Friday,cse_g2,4.0,8,16:20,17:10,Test Lab,2,1,0,1,13
Monday,,,1,08:30,09:20,Test Lab,0,0,0,0,14
Monday,,,2,09:20,10:10,Test Lab,0,0,1,0,14
Monday,cse_g1,6.0,3,10:30,11:20,Test Lab,2,0,1,1,14
Monday,cse_g1,6.0,4,11:20,12:10,Test Lab,2,1,1,1,14
Monday,cse_g2,2.0,5,13:40,14:30,Test Lab,2,1,1,1,14
Monday,cse_g2,2.0,6,14:30,15:20,Test Lab,2,1,0,1,14
Monday,,,7,15:30,16:20,Test Lab,0,1,0,0,14
Monday,,,8,16:20,17:10,Test Lab,0,0,0,0,14
Tuesday,cse_g1,4.0,1,08:30,09:20,Test Lab,4,0,1,1,14
Tuesday,cse_g1,4.0,2,09:20,10:10,Test Lab,4,1,1,1,14
Tuesday,cse_g1,4.0,3,10:30,11:20,Test Lab,4,1,1,1,14
Tuesday,cse_g1,4.0,4,11:20,12:10,Test Lab,4,1,1,1,14
Tuesday,cse_aiml,6.0,5,13:40,14:30,Test Lab,4,1,1,0,14
Tuesday,cse_aiml,6.0,6,14:30,15:20,Test Lab,4,1,1,0,14
Tuesday,cse_aiml,6.0,7,15:30,16:20,Test Lab,4,1,1,1,14
Tuesday,cse_aiml,6.0,8,16:20,17:10,Test Lab,4,1,0,1,14
Wednesday,,,1,08:30,09:20,Test Lab,0,0,1,0,14
Wednesday,cse_g2,6.0,2,09:20,10:10,Test Lab,2,0,1,1,14
Wednesday,cse_g2,6.0,3,10:30,11:20,Test Lab,2,1,0,1,14
Wednesday,,,4,11:20,12:10,Test Lab,0,1,1,0,14
Wednesday,cse_g1,2.0,5,13:40,14:30,Test Lab,2,0,1,1,14
Wednesday,cse_g1,2.0,6,14:30,15:20,Test Lab,2,1,1,1,14
Wednesday,cse_g1,8.0,7,15:30,16:20,Test Lab,2,1,1,1,14
Wednesday,cse_g1,8.0,8,16:20,17:10,Test Lab,2,1,0,1,14
Thursday,,,1,08:30,09:20,Test Lab,0,0,0,0,14
Thursday,,,2,09:20,10:10,Test Lab,0,0,1,0,14
Thursday,cse_g2,8.0,3,10:30,11:20,Test Lab,2,0,1,1,14
Thursday,cse_g2,8.0,4,11:20,12:10,Test Lab,2,1,1,1,14
Thursday,cse_g1,6.0,5,13:40,14:30,Test Lab,4,1,1,1,14
Thursday,cse_g1,6.0,6,14:30,15:20,Test Lab,4,1,1,1,14
Thursday,cse_g1,6.0,7,15:30,16:20,Test Lab,4,1,1,1,14
Thursday,cse_g1,6.0,8,16:20,17:10,Test Lab,4,1,0,1,14
Friday,cse_aiml,6.0,1,08:30,09:20,Test Lab,4,0,1,1,14
Friday,cse_aiml,6.0,2,09:20,10:10,Test Lab,4,1,1,1,14
Friday,cse_aiml,6.0,3,10:30,11:20,Test Lab,4,1,1,1,14
Friday,cse_aiml,6.0,4,11:20,12:10,Test Lab,4,1,1,1,14
Friday,cse_g1,6.0,5,13:40,14:30,Test Lab,2,1,1,1,14
Friday,cse_g1,6.0,6,14:30,15:20,Test Lab,2,1,1,1,14
Friday,cse_g2,4.0,7,15:30,16:20,Test Lab,2,1,1,1,14
Friday,cse_g2,4.0,8,16:20,17:10,Test Lab,2,1,0,1,14
Monday,,,1,08:30,09:20,Test Lab,0,0,0,1,15
Monday,,,2,09:20,10:10,Test Lab,0,0,1,0,15
Monday,cse_g1,6.0,3,10:30,11:20,Test Lab,2,0,1,0,15
Monday,cse_g1,6.0,4,11:20,12:10,Test Lab,2,1,1,1,15
Monday,cse_g2,2.0,5,13:40,14:30,Test Lab,2,1,1,1,15
Monday,cse_g2,2.0,6,14:30,15:20,Test Lab,2,1,0,1,15
Monday,,,7,15:30,16:20,Test Lab,0,1,0,0,15
Monday,,,8,16:20,17:10,Test Lab,0,0,0,0,15
Tuesday,cse_g1,4.0,1,08:30,09:20,Test Lab,4,0,1,1,15
Tuesday,cse_g1,4.0,2,09:20,10:10,Test Lab,4,1,1,1,15
Tuesday,cse_g1,4.0,3,10:30,11:20,Test Lab,4,1,1,1,15
Tuesday,cse_g1,4.0,4,11:20,12:10,Test Lab,4,1,1,1,15
Tuesday,cse_aiml,6.0,5,13:40,14:30,Test Lab,4,1,1,1,15
Tuesday,cse_aiml,6.0,6,14:30,15:20,Test Lab,4,1,1,1,15
Tuesday,cse_aiml,6.0,7,15:30,16:20,Test Lab,4,1,1,1,15
Tuesday,cse_aiml,6.0,8,16:20,17:10,Test Lab,4,1,0,1,15
Wednesday,,,1,08:30,09:20,Test Lab,0,0,1,0,15
Wednesday,cse_g2,6.0,2,09:20,10:10,Test Lab,2,0,1,1,15
Wednesday,cse_g2,6.0,3,10:30,11:20,Test Lab,2,1,0,1,15
Wednesday,,,4,11:20,12:10,Test Lab,0,1,1,0,15
Wednesday,cse_g1,2.0,5,13:40,14:30,Test Lab,2,0,1,1,15
Wednesday,cse_g1,2.0,6,14:30,15:20,Test Lab,2,1,1,0,15
Wednesday,cse_g1,8.0,7,15:30,16:20,Test Lab,2,1,1,1,15
Wednesday,cse_g1,8.0,8,16:20,17:10,Test Lab,2,1,0,1,15
Thursday,,,1,08:30,09:20,Test Lab,0,0,0,0,15
Thursday,,,2,09:20,10:10,Test Lab,0,0,1,0,15
Thursday,cse_g2,8.0,3,10:30,11:20,Test Lab,2,0,1,1,15
Thursday,cse_g2,8.0,4,11:20,12:10,Test Lab,2,1,1,1,15
Thursday,cse_g1,6.0,5,13:40,14:30,Test Lab,4,1,1,1,15
Thursday,cse_g1,6.0,6,14:30,15:20,Test Lab,4,1,1,1,15
Thursday,cse_g1,6.0,7,15:30,16:20,Test Lab,4,1,1,1,15
Thursday,cse_g1,6.0,8,16:20,17:10,Test Lab,4,1,0,1,15
Friday,cse_aiml,6.0,1,08:30,09:20,Test Lab,4,0,1,1,15
Friday,cse_aiml,6.0,2,09:20,10:10,Test Lab,4,1,1,1,15
Friday,cse_aiml,6.0,3,10:30,11:20,Test Lab,4,1,1,1,15
Friday,cse_aiml,6.0,4,11:20,12:10,Test Lab,4,1,1,1,15
Friday,cse_g1,6.0,5,13:40,14:30,Test Lab,2,1,1,1,15
Friday,cse_g1,6.0,6,14:30,15:20,Test Lab,2,1,1,1,15
Friday,cse_g2,4.0,7,15:30,16:20,Test Lab,2,1,1,1,15
Friday,cse_g2,4.0,8,16:20,17:10,Test Lab,2,1,0,1,15
Monday,,,1,08:30,09:20,Test Lab,0,0,0,0,16
Monday,,,2,09:20,10:10,Test Lab,0,0,1,0,16
Monday,cse_g1,6.0,3,10:30,11:20,Test Lab,2,0,1,1,16
Monday,cse_g1,6.0,4,11:20,12:10,Test Lab,2,1,1,1,16
Monday,cse_g2,2.0,5,13:40,14:30,Test Lab,2,1,1,1,16
Monday,cse_g2,2.0,6,14:30,15:20,Test Lab,2,1,0,1,16
Monday,,,7,15:30,16:20,Test Lab,0,1,0,0,16
Monday,,,8,16:20,17:10,Test Lab,0,0,0,0,16
Tuesday,cse_g1,4.0,1,08:30,09:20,Test Lab,4,0,1,1,16
Tuesday,cse_g1,4.0,2,09:20,10:10,Test Lab,4,1,1,1,16
Tuesday,cse_g1,4.0,3,10:30,11:20,Test Lab,4,1,1,0,16
Tuesday,cse_g1,4.0,4,11:20,12:10,Test Lab,4,1,1,1,16
Tuesday,cse_aiml,6.0,5,13:40,14:30,Test Lab,4,1,1,1,16
Tuesday,cse_aiml,6.0,6,14:30,15:20,Test Lab,4,1,1,1,16
Tuesday,cse_aiml,6.0,7,15:30,16:20,Test Lab,4,1,1,1,16
Tuesday,cse_aiml,6.0,8,16:20,17:10,Test Lab,4,1,0,0,16
Wednesday,,,1,08:30,09:20,Test Lab,0,0,1,0,16
Wednesday,cse_g2,6.0,2,09:20,10:10,Test Lab,2,0,1,1,16
Wednesday,cse_g2,6.0,3,10:30,11:20,Test Lab,2,1,0,1,16
Wednesday,,,4,11:20,12:10,Test Lab,0,1,1,0,16
Wednesday,cse_g1,2.0,5,13:40,14:30,Test Lab,2,0,1,1,16
Wednesday,cse_g1,2.0,6,14:30,15:20,Test Lab,2,1,1,1,16
Wednesday,cse_g1,8.0,7,15:30,16:20,Test Lab,2,1,1,1,16
Wednesday,cse_g1,8.0,8,16:20,17:10,Test Lab,2,1,0,1,16
Thursday,,,1,08:30,09:20,Test Lab,0,0,0,0,16
Thursday,,,2,09:20,10:10,Test Lab,0,0,1,0,16
Thursday,cse_g2,8.0,3,10:30,11:20,Test Lab,2,0,1,0,16
Thursday,cse_g2,8.0,4,11:20,12:10,Test Lab,2,1,1,1,16
Thursday,cse_g1,6.0,5,13:40,14:30,Test Lab,4,1,1,1,16
Thursday,cse_g1,6.0,6,14:30,15:20,Test Lab,4,1,1,1,16
Thursday,cse_g1,6.0,7,15:30,16:20,Test Lab,4,1,1,1,16
Thursday,cse_g1,6.0,8,16:20,17:10,Test Lab,4,1,0,1,16
Friday,cse_aiml,6.0,1,08:30,09:20,Test Lab,4,0,1,1,16
Friday,cse_aiml,6.0,2,09:20,10:10,Test Lab,4,1,1,1,16
Friday,cse_aiml,6.0,3,10:30,11:20,Test Lab,4,1,1,1,16
Friday,cse_aiml,6.0,4,11:20,12:10,Test Lab,4,1,1,1,16
Friday,cse_g1,6.0,5,13:40,14:30,Test Lab,2,1,1,1,16
Friday,cse_g1,6.0,6,14:30,15:20,Test Lab,2,1,1,0,16
Friday,cse_g2,4.0,7,15:30,16:20,Test Lab,2,1,1,1,16
Friday,cse_g2,4.0,8,16:20,17:10,Test Lab,2,1,0,1,16
Monday,,,1,08:30,09:20,Test Lab,0,0,0,0,17
Monday,,,2,09:20,10:10,Test Lab,0,0,1,0,17
Monday,cse_g1,6.0,3,10:30,11:20,Test Lab,2,0,1,1,17
Monday,cse_g1,6.0,4,11:20,12:10,Test Lab,2,1,1,1,17
Monday,cse_g2,2.0,5,13:40,14:30,Test Lab,2,1,1,1,17
Monday,cse_g2,2.0,6,14:30,15:20,Test Lab,2,1,0,1,17
Monday,,,7,15:30,16:20,Test Lab,0,1,0,0,17
Monday,,,8,16:20,17:10,Test Lab,0,0,0,0,17
Tuesday,cse_g1,4.0,1,08:30,09:20,Test Lab,4,0,1,1,17
Tuesday,cse_g1,4.0,2,09:20,10:10,Test Lab,4,1,1,1,17
Tuesday,cse_g1,4.0,3,10:30,11:20,Test Lab,4,1,1,1,17
Tuesday,cse_g1,4.0,4,11:20,12:10,Test Lab,4,1,1,1,17
Tuesday,cse_aiml,6.0,5,13:40,14:30,Test Lab,4,1,1,1,17
Tuesday,cse_aiml,6.0,6,14:30,15:20,Test Lab,4,1,1,1,17
Tuesday,cse_aiml,6.0,7,15:30,16:20,Test Lab,4,1,1,1,17
Tuesday,cse_aiml,6.0,8,16:20,17:10,Test Lab,4,1,0,1,17
Wednesday,,,1,08:30,09:20,Test Lab,0,0,1,0,17
Wednesday,cse_g2,6.0,2,09:20,10:10,Test Lab,2,0,1,1,17
Wednesday,cse_g2,6.0,3,10:30,11:20,Test Lab,2,1,0,1,17
Wednesday,,,4,11:20,12:10,Test Lab,0,1,1,0,17
Wednesday,cse_g1,2.0,5,13:40,14:30,Test Lab,2,0,1,1,17
Wednesday,cse_g1,2.0,6,14:30,15:20,Test Lab,2,1,1,1,17
Wednesday,cse_g1,8.0,7,15:30,16:20,Test Lab,2,1,1,1,17
Wednesday,cse_g1,8.0,8,16:20,17:10,Test Lab,2,1,0,1,17
Thursday,,,1,08:30,09:20,Test Lab,0,0,0,0,17
Thursday,,,2,09:20,10:10,Test Lab,0,0,1,0,17
Thursday,cse_g2,8.0,3,10:30,11:20,Test Lab,2,0,1,1,17
Thursday,cse_g2,8.0,4,11:20,12:10,Test Lab,2,1,1,1,17
Thursday,cse_g1,6.0,5,13:40,14:30,Test Lab,4,1,1,1,17
Thursday,cse_g1,6.0,6,14:30,15:20,Test Lab,4,1,1,1,17
Thursday,cse_g1,6.0,7,15:30,16:20,Test Lab,4,1,1,1,17
Thursday,cse_g1,6.0,8,16:20,17:10,Test Lab,4,1,0,1,17
Friday,cse_aiml,6.0,1,08:30,09:20,Test Lab,4,0,1,1,17
Friday,cse_aiml,6.0,2,09:20,10:10,Test Lab,4,1,1,1,17
Friday,cse_aiml,6.0,3,10:30,11:20,Test Lab,4,1,1,1,17
Friday,cse_aiml,6.0,4,11:20,12:10,Test Lab,4,1,1,1,17
Friday,cse_g1,6.0,5,13:40,14:30,Test Lab,2,1,1,1,17
Friday,cse_g1,6.0,6,14:30,15:20,Test Lab,2,1,1,1,17
Friday,cse_g2,4.0,7,15:30,16:20,Test Lab,2,1,1,1,17
Friday,cse_g2,4.0,8,16:20,17:10,Test Lab,2,1,0,0,17
Monday,,,1,08:30,09:20,Test Lab,0,0,0,0,18
Monday,,,2,09:20,10:10,Test Lab,0,0,1,0,18
Monday,cse_g1,6.0,3,10:30,11:20,Test Lab,2,0,1,1,18
Monday,cse_g1,6.0,4,11:20,12:10,Test Lab,2,1,1,1,18
Monday,cse_g2,2.0,5,13:40,14:30,Test Lab,2,1,1,1,18
Monday,cse_g2,2.0,6,14:30,15:20,Test Lab,2,1,0,1,18
Monday,,,7,15:30,16:20,Test Lab,0,1,0,0,18
Monday,,,8,16:20,17:10,Test Lab,0,0,0,0,18
Tuesday,cse_g1,4.0,1,08:30,09:20,Test Lab,4,0,1,1,18
Tuesday,cse_g1,4.0,2,09:20,10:10,Test Lab,4,1,1,1,18
Tuesday,cse_g1,4.0,3,10:30,11:20,Test Lab,4,1,1,1,18
Tuesday,cse_g1,4.0,4,11:20,12:10,Test Lab,4,1,1,1,18
Tuesday,cse_aiml,6.0,5,13:40,14:30,Test Lab,4,1,1,1,18
Tuesday,cse_aiml,6.0,6,14:30,15:20,Test Lab,4,1,1,1,18
Tuesday,cse_aiml,6.0,7,15:30,16:20,Test Lab,4,1,1,1,18
Tuesday,cse_aiml,6.0,8,16:20,17:10,Test Lab,4,1,0,1,18
Wednesday,,,1,08:30,09:20,Test Lab,0,0,1,0,18
Wednesday,cse_g2,6.0,2,09:20,10:10,Test Lab,2,0,1,0,18
Wednesday,cse_g2,6.0,3,10:30,11:20,Test Lab,2,1,0,1,18
Wednesday,,,4,11:20,12:10,Test Lab,0,1,1,0,18
Wednesday,cse_g1,2.0,5,13:40,14:30,Test Lab,2,0,1,1,18
Wednesday,cse_g1,2.0,6,14:30,15:20,Test Lab,2,1,1,1,18
Wednesday,cse_g1,8.0,7,15:30,16:20,Test Lab,2,1,1,1,18
Wednesday,cse_g1,8.0,8,16:20,17:10,Test Lab,2,1,0,1,18
Thursday,,,1,08:30,09:20,Test Lab,0,0,0,0,18
Thursday,,,2,09:20,10:10,Test Lab,0,0,1,0,18
Thursday,cse_g2,8.0,3,10:30,11:20,Test Lab,2,0,1,1,18
Thursday,cse_g2,8.0,4,11:20,12:10,Test Lab,2,1,1,1,18
Thursday,cse_g1,6.0,5,13:40,14:30,Test Lab,4,1,1,1,18
Thursday,cse_g1,6.0,6,14:30,15:20,Test Lab,4,1,1,1,18
Thursday,cse_g1,6.0,7,15:30,16:20,Test Lab,4,1,1,1,18
Thursday,cse_g1,6.0,8,16:20,17:10,Test Lab,4,1,0,1,18
Friday,cse_aiml,6.0,1,08:30,09:20,Test Lab,4,0,1,1,18
Friday,cse_aiml,6.0,2,09:20,10:10,Test Lab,4,1,1,1,18
Friday,cse_aiml,6.0,3,10:30,11:20,Test Lab,4,1,1,1,18
Friday,cse_aiml,6.0,4,11:20,12:10,Test Lab,4,1,1,1,18
Friday,cse_g1,6.0,5,13:40,14:30,Test Lab,2,1,1,1,18
Friday,cse_g1,6.0,6,14:30,15:20,Test Lab,2,1,1,1,18
Friday,cse_g2,4.0,7,15:30,16:20,Test Lab,2,1,1,1,18
Friday,cse_g2,4.0,8,16:20,17:10,Test Lab,2,1,0,1,18
Monday,,,1,08:30,09:20,Test Lab,0,0,0,0,19
Monday,,,2,09:20,10:10,Test Lab,0,0,1,0,19
Monday,cse_g1,6.0,3,10:30,11:20,Test Lab,2,0,1,0,19
Monday,cse_g1,6.0,4,11:20,12:10,Test Lab,2,1,1,1,19
Monday,cse_g2,2.0,5,13:40,14:30,Test Lab,2,1,1,1,19
Monday,cse_g2,2.0,6,14:30,15:20,Test Lab,2,1,0,1,19
Monday,,,7,15:30,16:20,Test Lab,0,1,0,0,19
Monday,,,8,16:20,17:10,Test Lab,0,0,0,0,19
Tuesday,cse_g1,4.0,1,08:30,09:20,Test Lab,4,0,1,1,19
Tuesday,cse_g1,4.0,2,09:20,10:10,Test Lab,4,1,1,1,19
Tuesday,cse_g1,4.0,3,10:30,11:20,Test Lab,4,1,1,1,19
Tuesday,cse_g1,4.0,4,11:20,12:10,Test Lab,4,1,1,1,19
Tuesday,cse_aiml,6.0,5,13:40,14:30,Test Lab,4,1,1,1,19
Tuesday,cse_aiml,6.0,6,14:30,15:20,Test Lab,4,1,1,1,19
Tuesday,cse_aiml,6.0,7,15:30,16:20,Test Lab,4,1,1,1,19
Tuesday,cse_aiml,6.0,8,16:20,17:10,Test Lab,4,1,0,1,19
Wednesday,,,1,08:30,09:20,Test Lab,0,0,1,0,19
Wednesday,cse_g2,6.0,2,09:20,10:10,Test Lab,2,0,1,1,19
Wednesday,cse_g2,6.0,3,10:30,11:20,Test Lab,2,1,0,1,19
Wednesday,,,4,11:20,12:10,Test Lab,0,1,1,0,19
Wednesday,cse_g1,2.0,5,13:40,14:30,Test Lab,2,0,1,1,19
Wednesday,cse_g1,2.0,6,14:30,15:20,Test Lab,2,1,1,0,19
Wednesday,cse_g1,8.0,7,15:30,16:20,Test Lab,2,1,1,1,19
Wednesday,cse_g1,8.0,8,16:20,17:10,Test Lab,2,1,0,1,19
Thursday,,,1,08:30,09:20,Test Lab,0,0,0,0,19
Thursday,,,2,09:20,10:10,Test Lab,0,0,1,0,19
Thursday,cse_g2,8.0,3,10:30,11:20,Test Lab,2,0,1,1,19
Thursday,cse_g2,8.0,4,11:20,12:10,Test Lab,2,1,1,0,19
Thursday,cse_g1,6.0,5,13:40,14:30,Test Lab,4,1,1,1,19
Thursday,cse_g1,6.0,6,14:30,15:20,Test Lab,4,1,1,0,19
Thursday,cse_g1,6.0,7,15:30,16:20,Test Lab,4,1,1,1,19
Thursday,cse_g1,6.0,8,16:20,17:10,Test Lab,4,1,0,1,19
Friday,cse_aiml,6.0,1,08:30,09:20,Test Lab,4,0,1,1,19
Friday,cse_aiml,6.0,2,09:20,10:10,Test Lab,4,1,1,1,19
Friday,cse_aiml,6.0,3,10:30,11:20,Test Lab,4,1,1,1,19
Friday,cse_aiml,6.0,4,11:20,12:10,Test Lab,4,1,1,1,19
Friday,cse_g1,6.0,5,13:40,14:30,Test Lab,2,1,1,1,19
Friday,cse_g1,6.0,6,14:30,15:20,Test Lab,2,1,1,1,19
Friday,cse_g2,4.0,7,15:30,16:20,Test Lab,2,1,1,1,19
Friday,cse_g2,4.0,8,16:20,17:10,Test Lab,2,1,0,1,19
Monday,,,1,08:30,09:20,Test Lab,0,0,0,1,20
Monday,,,2,09:20,10:10,Test Lab,0,0,1,0,20
Monday,cse_g1,6.0,3,10:30,11:20,Test Lab,2,0,1,1,20
Monday,cse_g1,6.0,4,11:20,12:10,Test Lab,2,1,1,1,20
Monday,cse_g2,2.0,5,13:40,14:30,Test Lab,2,1,1,1,20
Monday,cse_g2,2.0,6,14:30,15:20,Test Lab,2,1,0,1,20
Monday,,,7,15:30,16:20,Test Lab,0,1,0,0,20
Monday,,,8,16:20,17:10,Test Lab,0,0,0,0,20
Tuesday,cse_g1,4.0,1,08:30,09:20,Test Lab,4,0,1,1,20
Tuesday,cse_g1,4.0,2,09:20,10:10,Test Lab,4,1,1,1,20
Tuesday,cse_g1,4.0,3,10:30,11:20,Test Lab,4,1,1,1,20
Tuesday,cse_g1,4.0,4,11:20,12:10,Test Lab,4,1,1,1,20
Tuesday,cse_aiml,6.0,5,13:40,14:30,Test Lab,4,1,1,1,20
Tuesday,cse_aiml,6.0,6,14:30,15:20,Test Lab,4,1,1,1,20
Tuesday,cse_aiml,6.0,7,15:30,16:20,Test Lab,4,1,1,1,20
Tuesday,cse_aiml,6.0,8,16:20,17:10,Test Lab,4,1,0,1,20
Wednesday,,,1,08:30,09:20,Test Lab,0,0,1,0,20
Wednesday,cse_g2,6.0,2,09:20,10:10,Test Lab,2,0,1,1,20
Wednesday,cse_g2,6.0,3,10:30,11:20,Test Lab,2,1,0,0,20
Wednesday,,,4,11:20,12:10,Test Lab,0,1,1,0,20
Wednesday,cse_g1,2.0,5,13:40,14:30,Test Lab,2,0,1,1,20
Wednesday,cse_g1,2.0,6,14:30,15:20,Test Lab,2,1,1,1,20
Wednesday,cse_g1,8.0,7,15:30,16:20,Test Lab,2,1,1,1,20
Wednesday,cse_g1,8.0,8,16:20,17:10,Test Lab,2,1,0,1,20
Thursday,,,1,08:30,09:20,Test Lab,0,0,0,0,20
Thursday,,,2,09:20,10:10,Test Lab,0,0,1,0,20
Thursday,cse_g2,8.0,3,10:30,11:20,Test Lab,2,0,1,1,20
Thursday,cse_g2,8.0,4,11:20,12:10,Test Lab,2,1,1,1,20
Thursday,cse_g1,6.0,5,13:40,14:30,Test Lab,4,1,1,1,20
Thursday,cse_g1,6.0,6,14:30,15:20,Test Lab,4,1,1,1,20
Thursday,cse_g1,6.0,7,15:30,16:20,Test Lab,4,1,1,1,20
Thursday,cse_g1,6.0,8,16:20,17:10,Test Lab,4,1,0,1,20
Friday,cse_aiml,6.0,1,08:30,09:20,Test Lab,4,0,1,0,20
Friday,cse_aiml,6.0,2,09:20,10:10,Test Lab,4,1,1,1,20
Friday,cse_aiml,6.0,3,10:30,11:20,Test Lab,4,1,1,1,20
Friday,cse_aiml,6.0,4,11:20,12:10,Test Lab,4,1,1,1,20
Friday,cse_g1,6.0,5,13:40,14:30,Test Lab,2,1,1,1,20
Friday,cse_g1,6.0,6,14:30,15:20,Test Lab,2,1,1,1,20
Friday,cse_g2,4.0,7,15:30,16:20,Test Lab,2,1,1,1,20
Friday,cse_g2,4.0,8,16:20,17:10,Test Lab,2,1,0,1,20
Monday,,,1,08:30,09:20,Test Lab,0,0,0,0,21
Monday,,,2,09:20,10:10,Test Lab,0,0,1,0,21
Monday,cse_g1,6.0,3,10:30,11:20,Test Lab,2,0,1,1,21
Monday,cse_g1,6.0,4,11:20,12:10,Test Lab,2,1,1,1,21
Monday,cse_g2,2.0,5,13:40,14:30,Test Lab,2,1,1,1,21
Monday,cse_g2,2.0,6,14:30,15:20,Test Lab,2,1,0,1,21
Monday,,,7,15:30,16:20,Test Lab,0,1,0,0,21
Monday,,,8,16:20,17:10,Test Lab,0,0,0,0,21
Tuesday,cse_g1,4.0,1,08:30,09:20,Test Lab,4,0,1,1,21
Tuesday,cse_g1,4.0,2,09:20,10:10,Test Lab,4,1,1,0,21
Tuesday,cse_g1,4.0,3,10:30,11:20,Test Lab,4,1,1,1,21
Tuesday,cse_g1,4.0,4,11:20,12:10,Test Lab,4,1,1,1,21
Tuesday,cse_aiml,6.0,5,13:40,14:30,Test Lab,4,1,1,1,21
Tuesday,cse_aiml,6.0,6,14:30,15:20,Test Lab,4,1,1,1,21
Tuesday,cse_aiml,6.0,7,15:30,16:20,Test Lab,4,1,1,1,21
Tuesday,cse_aiml,6.0,8,16:20,17:10,Test Lab,4,1,0,1,21
Wednesday,,,1,08:30,09:20,Test Lab,0,0,1,0,21
Wednesday,cse_g2,6.0,2,09:20,10:10,Test Lab,2,0,1,1,21
Wednesday,cse_g2,6.0,3,10:30,11:20,Test Lab,2,1,0,1,21
Wednesday,,,4,11:20,12:10,Test Lab,0,1,1,0,21
Wednesday,cse_g1,2.0,5,13:40,14:30,Test Lab,2,0,1,1,21
Wednesday,cse_g1,2.0,6,14:30,15:20,Test Lab,2,1,1,0,21
Wednesday,cse_g1,8.0,7,15:30,16:20,Test Lab,2,1,1,1,21
Wednesday,cse_g1,8.0,8,16:20,17:10,Test Lab,2,1,0,1,21
Thursday,,,1,08:30,09:20,Test Lab,0,0,0,0,21
Thursday,,,2,09:20,10:10,Test Lab,0,0,1,0,21
Thursday,cse_g2,8.0,3,10:30,11:20,Test Lab,2,0,1,1,21
Thursday,cse_g2,8.0,4,11:20,12:10,Test Lab,2,1,1,1,21
Thursday,cse_g1,6.0,5,13:40,14:30,Test Lab,4,1,1,1,21
Thursday,cse_g1,6.0,6,14:30,15:20,Test Lab,4,1,1,1,21
Thursday,cse_g1,6.0,7,15:30,16:20,Test Lab,4,1,1,1,21
Thursday,cse_g1,6.0,8,16:20,17:10,Test Lab,4,1,0,1,21
Friday,cse_aiml,6.0,1,08:30,09:20,Test Lab,4,0,1,1,21
Friday,cse_aiml,6.0,2,09:20,10:10,Test Lab,4,1,1,1,21
Friday,cse_aiml,6.0,3,10:30,11:20,Test Lab,4,1,1,1,21
Friday,cse_aiml,6.0,4,11:20,12:10,Test Lab,4,1,1,1,21
Friday,cse_g1,6.0,5,13:40,14:30,Test Lab,2,1,1,1,21
Friday,cse_g1,6.0,6,14:30,15:20,Test Lab,2,1,1,1,21
Friday,cse_g2,4.0,7,15:30,16:20,Test Lab,2,1,1,1,21
Friday,cse_g2,4.0,8,16:20,17:10,Test Lab,2,1,0,1,21
Monday,,,1,08:30,09:20,Test Lab,0,0,0,0,22
Monday,,,2,09:20,10:10,Test Lab,0,0,1,0,22
Monday,cse_g1,6.0,3,10:30,11:20,Test Lab,2,0,1,1,22
Monday,cse_g1,6.0,4,11:20,12:10,Test Lab,2,1,1,0,22
Monday,cse_g2,2.0,5,13:40,14:30,Test Lab,2,1,1,1,22
Monday,cse_g2,2.0,6,14:30,15:20,Test Lab,2,1,0,1,22
Monday,,,7,15:30,16:20,Test Lab,0,1,0,0,22
Monday,,,8,16:20,17:10,Test Lab,0,0,0,0,22
Tuesday,cse_g1,4.0,1,08:30,09:20,Test Lab,4,0,1,1,22
Tuesday,cse_g1,4.0,2,09:20,10:10,Test Lab,4,1,1,0,22
Tuesday,cse_g1,4.0,3,10:30,11:20,Test Lab,4,1,1,1,22
Tuesday,cse_g1,4.0,4,11:20,12:10,Test Lab,4,1,1,1,22
Tuesday,cse_aiml,6.0,5,13:40,14:30,Test Lab,4,1,1,1,22
Tuesday,cse_aiml,6.0,6,14:30,15:20,Test Lab,4,1,1,1,22
Tuesday,cse_aiml,6.0,7,15:30,16:20,Test Lab,4,1,1,1,22
Tuesday,cse_aiml,6.0,8,16:20,17:10,Test Lab,4,1,0,1,22
Wednesday,,,1,08:30,09:20,Test Lab,0,0,1,0,22
Wednesday,cse_g2,6.0,2,09:20,10:10,Test Lab,2,0,1,1,22
Wednesday,cse_g2,6.0,3,10:30,11:20,Test Lab,2,1,0,1,22
Wednesday,,,4,11:20,12:10,Test Lab,0,1,1,0,22
Wednesday,cse_g1,2.0,5,13:40,14:30,Test Lab,2,0,1,1,22
Wednesday,cse_g1,2.0,6,14:30,15:20,Test Lab,2,1,1,1,22
Wednesday,cse_g1,8.0,7,15:30,16:20,Test Lab,2,1,1,1,22
Wednesday,cse_g1,8.0,8,16:20,17:10,Test Lab,2,1,0,1,22
Thursday,,,1,08:30,09:20,Test Lab,0,0,0,0,22
Thursday,,,2,09:20,10:10,Test Lab,0,0,1,0,22
Thursday,cse_g2,8.0,3,10:30,11:20,Test Lab,2,0,1,1,22
Thursday,cse_g2,8.0,4,11:20,12:10,Test Lab,2,1,1,1,22
Thursday,cse_g1,6.0,5,13:40,14:30,Test Lab,4,1,1,1,22
Thursday,cse_g1,6.0,6,14:30,15:20,Test Lab,4,1,1,1,22
Thursday,cse_g1,6.0,7,15:30,16:20,Test Lab,4,1,1,1,22
Thursday,cse_g1,6.0,8,16:20,17:10,Test Lab,4,1,0,1,22
Friday,cse_aiml,6.0,1,08:30,09:20,Test Lab,4,0,1,1,22
Friday,cse_aiml,6.0,2,09:20,10:10,Test Lab,4,1,1,1,22
Friday,cse_aiml,6.0,3,10:30,11:20,Test Lab,4,1,1,1,22
Friday,cse_aiml,6.0,4,11:20,12:10,Test Lab,4,1,1,1,22
Friday,cse_g1,6.0,5,13:40,14:30,Test Lab,2,1,1,1,22
Friday,cse_g1,6.0,6,14:30,15:20,Test Lab,2,1,1,1,22
Friday,cse_g2,4.0,7,15:30,16:20,Test Lab,2,1,1,1,22
Friday,cse_g2,4.0,8,16:20,17:10,Test Lab,2,1,0,1,22
Monday,,,1,08:30,09:20,Test Lab,0,0,0,0,23
Monday,,,2,09:20,10:10,Test Lab,0,0,1,0,23
Monday,cse_g1,6.0,3,10:30,11:20,Test Lab,2,0,1,1,23
Monday,cse_g1,6.0,4,11:20,12:10,Test Lab,2,1,1,1,23
Monday,cse_g2,2.0,5,13:40,14:30,Test Lab,2,1,1,1,23
Monday,cse_g2,2.0,6,14:30,15:20,Test Lab,2,1,0,1,23
Monday,,,7,15:30,16:20,Test Lab,0,1,0,0,23
Monday,,,8,16:20,17:10,Test Lab,0,0,0,0,23
Tuesday,cse_g1,4.0,1,08:30,09:20,Test Lab,4,0,1,0,23
Tuesday,cse_g1,4.0,2,09:20,10:10,Test Lab,4,1,1,0,23
Tuesday,cse_g1,4.0,3,10:30,11:20,Test Lab,4,1,1,1,23
Tuesday,cse_g1,4.0,4,11:20,12:10,Test Lab,4,1,1,1,23
Tuesday,cse_aiml,6.0,5,13:40,14:30,Test Lab,4,1,1,1,23
Tuesday,cse_aiml,6.0,6,14:30,15:20,Test Lab,4,1,1,1,23
Tuesday,cse_aiml,6.0,7,15:30,16:20,Test Lab,4,1,1,1,23
Tuesday,cse_aiml,6.0,8,16:20,17:10,Test Lab,4,1,0,0,23
Wednesday,,,1,08:30,09:20,Test Lab,0,0,1,0,23
Wednesday,cse_g2,6.0,2,09:20,10:10,Test Lab,2,0,1,1,23
Wednesday,cse_g2,6.0,3,10:30,11:20,Test Lab,2,1,0,1,23
Wednesday,,,4,11:20,12:10,Test Lab,0,1,1,0,23
Wednesday,cse_g1,2.0,5,13:40,14:30,Test Lab,2,0,1,1,23
Wednesday,cse_g1,2.0,6,14:30,15:20,Test Lab,2,1,1,1,23
Wednesday,cse_g1,8.0,7,15:30,16:20,Test Lab,2,1,1,1,23
Wednesday,cse_g1,8.0,8,16:20,17:10,Test Lab,2,1,0,1,23
Thursday,,,1,08:30,09:20,Test Lab,0,0,0,0,23
Thursday,,,2,09:20,10:10,Test Lab,0,0,1,0,23
Thursday,cse_g2,8.0,3,10:30,11:20,Test Lab,2,0,1,1,23
Thursday,cse_g2,8.0,4,11:20,12:10,Test Lab,2,1,1,1,23
Thursday,cse_g1,6.0,5,13:40,14:30,Test Lab,4,1,1,1,23
Thursday,cse_g1,6.0,6,14:30,15:20,Test Lab,4,1,1,1,23
Thursday,cse_g1,6.0,7,15:30,16:20,Test Lab,4,1,1,1,23
Thursday,cse_g1,6.0,8,16:20,17:10,Test Lab,4,1,0,1,23
Friday,cse_aiml,6.0,1,08:30,09:20,Test Lab,4,0,1,1,23
Friday,cse_aiml,6.0,2,09:20,10:10,Test Lab,4,1,1,1,23
Friday,cse_aiml,6.0,3,10:30,11:20,Test Lab,4,1,1,1,23
Friday,cse_aiml,6.0,4,11:20,12:10,Test Lab,4,1,1,1,23
Friday,cse_g1,6.0,5,13:40,14:30,Test Lab,2,1,1,1,23
Friday,cse_g1,6.0,6,14:30,15:20,Test Lab,2,1,1,1,23
Friday,cse_g2,4.0,7,15:30,16:20,Test Lab,2,1,1,1,23
Friday,cse_g2,4.0,8,16:20,17:10,Test Lab,2,1,0,1,23
Monday,,,1,08:30,09:20,Test Lab,0,0,0,0,24
Monday,,,2,09:20,10:10,Test Lab,0,0,1,0,24
Monday,cse_g1,6.0,3,10:30,11:20,Test Lab,2,0,1,1,24
Monday,cse_g1,6.0,4,11:20,12:10,Test Lab,2,1,1,1,24
Monday,cse_g2,2.0,5,13:40,14:30,Test Lab,2,1,1,1,24
Monday,cse_g2,2.0,6,14:30,15:20,Test Lab,2,1,0,1,24
Monday,,,7,15:30,16:20,Test Lab,0,1,0,0,24
Monday,,,8,16:20,17:10,Test Lab,0,0,0,0,24
Tuesday,cse_g1,4.0,1,08:30,09:20,Test Lab,4,0,1,1,24
Tuesday,cse_g1,4.0,2,09:20,10:10,Test Lab,4,1,1,1,24
Tuesday,cse_g1,4.0,3,10:30,11:20,Test Lab,4,1,1,1,24
Tuesday,cse_g1,4.0,4,11:20,12:10,Test Lab,4,1,1,1,24
Tuesday,cse_aiml,6.0,5,13:40,14:30,Test Lab,4,1,1,1,24
Tuesday,cse_aiml,6.0,6,14:30,15:20,Test Lab,4,1,1,0,24
Tuesday,cse_aiml,6.0,7,15:30,16:20,Test Lab,4,1,1,1,24
Tuesday,cse_aiml,6.0,8,16:20,17:10,Test Lab,4,1,0,0,24
Wednesday,,,1,08:30,09:20,Test Lab,0,0,1,0,24
Wednesday,cse_g2,6.0,2,09:20,10:10,Test Lab,2,0,1,1,24
Wednesday,cse_g2,6.0,3,10:30,11:20,Test Lab,2,1,0,1,24
Wednesday,,,4,11:20,12:10,Test Lab,0,1,1,0,24
Wednesday,cse_g1,2.0,5,13:40,14:30,Test Lab,2,0,1,1,24
Wednesday,cse_g1,2.0,6,14:30,15:20,Test Lab,2,1,1,1,24
Wednesday,cse_g1,8.0,7,15:30,16:20,Test Lab,2,1,1,1,24
Wednesday,cse_g1,8.0,8,16:20,17:10,Test Lab,2,1,0,1,24
Thursday,,,1,08:30,09:20,Test Lab,0,0,0,0,24
Thursday,,,2,09:20,10:10,Test Lab,0,0,1,0,24
Thursday,cse_g2,8.0,3,10:30,11:20,Test Lab,2,0,1,1,24
Thursday,cse_g2,8.0,4,11:20,12:10,Test Lab,2,1,1,1,24
Thursday,cse_g1,6.0,5,13:40,14:30,Test Lab,4,1,1,1,24
Thursday,cse_g1,6.0,6,14:30,15:20,Test Lab,4,1,1,1,24
Thursday,cse_g1,6.0,7,15:30,16:20,Test Lab,4,1,1,0,24
Thursday,cse_g1,6.0,8,16:20,17:10,Test Lab,4,1,0,1,24
Friday,cse_aiml,6.0,1,08:30,09:20,Test Lab,4,0,1,1,24
Friday,cse_aiml,6.0,2,09:20,10:10,Test Lab,4,1,1,1,24
Friday,cse_aiml,6.0,3,10:30,11:20,Test Lab,4,1,1,1,24
Friday,cse_aiml,6.0,4,11:20,12:10,Test Lab,4,1,1,1,24
Friday,cse_g1,6.0,5,13:40,14:30,Test Lab,2,1,1,0,24
Friday,cse_g1,6.0,6,14:30,15:20,Test Lab,2,1,1,1,24
Friday,cse_g2,4.0,7,15:30,16:20,Test Lab,2,1,1,1,24
Friday,cse_g2,4.0,8,16:20,17:10,Test Lab,2,1,0,1,24
Monday,,,1,08:30,09:20,Test Lab,0,0,0,0,25
Monday,,,2,09:20,10:10,Test Lab,0,0,1,0,25
Monday,cse_g1,6.0,3,10:30,11:20,Test Lab,2,0,1,1,25
Monday,cse_g1,6.0,4,11:20,12:10,Test Lab,2,1,1,1,25
Monday,cse_g2,2.0,5,13:40,14:30,Test Lab,2,1,1,0,25
Monday,cse_g2,2.0,6,14:30,15:20,Test Lab,2,1,0,1,25
Monday,,,7,15:30,16:20,Test Lab,0,1,0,0,25
Monday,,,8,16:20,17:10,Test Lab,0,0,0,1,25
Tuesday,cse_g1,4.0,1,08:30,09:20,Test Lab,4,0,1,1,25
Tuesday,cse_g1,4.0,2,09:20,10:10,Test Lab,4,1,1,1,25
Tuesday,cse_g1,4.0,3,10:30,11:20,Test Lab,4,1,1,1,25
Tuesday,cse_g1,4.0,4,11:20,12:10,Test Lab,4,1,1,1,25
Tuesday,cse_aiml,6.0,5,13:40,14:30,Test Lab,4,1,1,1,25
Tuesday,cse_aiml,6.0,6,14:30,15:20,Test Lab,4,1,1,1,25
Tuesday,cse_aiml,6.0,7,15:30,16:20,Test Lab,4,1,1,1,25
Tuesday,cse_aiml,6.0,8,16:20,17:10,Test Lab,4,1,0,1,25
Wednesday,,,1,08:30,09:20,Test Lab,0,0,1,0,25
Wednesday,cse_g2,6.0,2,09:20,10:10,Test Lab,2,0,1,1,25
Wednesday,cse_g2,6.0,3,10:30,11:20,Test Lab,2,1,0,1,25
Wednesday,,,4,11:20,12:10,Test Lab,0,1,1,0,25
Wednesday,cse_g1,2.0,5,13:40,14:30,Test Lab,2,0,1,1,25
Wednesday,cse_g1,2.0,6,14:30,15:20,Test Lab,2,1,1,1,25
Wednesday,cse_g1,8.0,7,15:30,16:20,Test Lab,2,1,1,1,25
Wednesday,cse_g1,8.0,8,16:20,17:10,Test Lab,2,1,0,1,25
Thursday,,,1,08:30,09:20,Test Lab,0,0,0,0,25
Thursday,,,2,09:20,10:10,Test Lab,0,0,1,0,25
Thursday,cse_g2,8.0,3,10:30,11:20,Test Lab,2,0,1,1,25
Thursday,cse_g2,8.0,4,11:20,12:10,Test Lab,2,1,1,1,25
Thursday,cse_g1,6.0,5,13:40,14:30,Test Lab,4,1,1,1,25
Thursday,cse_g1,6.0,6,14:30,15:20,Test Lab,4,1,1,1,25
Thursday,cse_g1,6.0,7,15:30,16:20,Test Lab,4,1,1,1,25
Thursday,cse_g1,6.0,8,16:20,17:10,Test Lab,4,1,0,1,25
Friday,cse_aiml,6.0,1,08:30,09:20,Test Lab,4,0,1,1,25
Friday,cse_aiml,6.0,2,09:20,10:10,Test Lab,4,1,1,1,25
Friday,cse_aiml,6.0,3,10:30,11:20,Test Lab,4,1,1,1,25
Friday,cse_aiml,6.0,4,11:20,12:10,Test Lab,4,1,1,1,25
Friday,cse_g1,6.0,5,13:40,14:30,Test Lab,2,1,1,0,25
Friday,cse_g1,6.0,6,14:30,15:20,Test Lab,2,1,1,1,25
Friday,cse_g2,4.0,7,15:30,16:20,Test Lab,2,1,1,1,25
Friday,cse_g2,4.0,8,16:20,17:10,Test Lab,2,1,0,1,25
Monday,,,1,08:30,09:20,Test Lab,0,0,0,0,26
Monday,,,2,09:20,10:10,Test Lab,0,0,1,0,26
Monday,cse_g1,6.0,3,10:30,11:20,Test Lab,2,0,1,0,26
Monday,cse_g1,6.0,4,11:20,12:10,Test Lab,2,1,1,1,26
Monday,cse_g2,2.0,5,13:40,14:30,Test Lab,2,1,1,1,26
Monday,cse_g2,2.0,6,14:30,15:20,Test Lab,2,1,0,0,26
Monday,,,7,15:30,16:20,Test Lab,0,1,0,0,26
Monday,,,8,16:20,17:10,Test Lab,0,0,0,0,26
Tuesday,cse_g1,4.0,1,08:30,09:20,Test Lab,4,0,1,1,26
Tuesday,cse_g1,4.0,2,09:20,10:10,Test Lab,4,1,1,1,26
Tuesday,cse_g1,4.0,3,10:30,11:20,Test Lab,4,1,1,1,26
Tuesday,cse_g1,4.0,4,11:20,12:10,Test Lab,4,1,1,1,26
Tuesday,cse_aiml,6.0,5,13:40,14:30,Test Lab,4,1,1,1,26
Tuesday,cse_aiml,6.0,6,14:30,15:20,Test Lab,4,1,1,1,26
Tuesday,cse_aiml,6.0,7,15:30,16:20,Test Lab,4,1,1,1,26
Tuesday,cse_aiml,6.0,8,16:20,17:10,Test Lab,4,1,0,1,26
Wednesday,,,1,08:30,09:20,Test Lab,0,0,1,0,26
Wednesday,cse_g2,6.0,2,09:20,10:10,Test Lab,2,0,1,1,26
Wednesday,cse_g2,6.0,3,10:30,11:20,Test Lab,2,1,0,1,26
Wednesday,,,4,11:20,12:10,Test Lab,0,1,1,0,26
Wednesday,cse_g1,2.0,5,13:40,14:30,Test Lab,2,0,1,1,26
Wednesday,cse_g1,2.0,6,14:30,15:20,Test Lab,2,1,1,1,26
Wednesday,cse_g1,8.0,7,15:30,16:20,Test Lab,2,1,1,1,26
Wednesday,cse_g1,8.0,8,16:20,17:10,Test Lab,2,1,0,1,26
Thursday,,,1,08:30,09:20,Test Lab,0,0,0,0,26
Thursday,,,2,09:20,10:10,Test Lab,0,0,1,0,26
Thursday,cse_g2,8.0,3,10:30,11:20,Test Lab,2,0,1,1,26
Thursday,cse_g2,8.0,4,11:20,12:10,Test Lab,2,1,1,1,26
Thursday,cse_g1,6.0,5,13:40,14:30,Test Lab,4,1,1,0,26
Thursday,cse_g1,6.0,6,14:30,15:20,Test Lab,4,1,1,1,26
Thursday,cse_g1,6.0,7,15:30,16:20,Test Lab,4,1,1,0,26
Thursday,cse_g1,6.0,8,16:20,17:10,Test Lab,4,1,0,1,26
Friday,cse_aiml,6.0,1,08:30,09:20,Test Lab,4,0,1,0,26
Friday,cse_aiml,6.0,2,09:20,10:10,Test Lab,4,1,1,1,26
Friday,cse_aiml,6.0,3,10:30,11:20,Test Lab,4,1,1,1,26
Friday,cse_aiml,6.0,4,11:20,12:10,Test Lab,4,1,1,0,26
Friday,cse_g1,6.0,5,13:40,14:30,Test Lab,2,1,1,1,26
Friday,cse_g1,6.0,6,14:30,15:20,Test Lab,2,1,1,1,26
Friday,cse_g2,4.0,7,15:30,16:20,Test Lab,2,1,1,1,26
Friday,cse_g2,4.0,8,16:20,17:10,Test Lab,2,1,0,1,26
Monday,,,1,08:30,09:20,Test Lab,0,0,0,1,27
Monday,,,2,09:20,10:10,Test Lab,0,0,1,1,27
Monday,cse_g1,6.0,3,10:30,11:20,Test Lab,2,0,1,1,27
Monday,cse_g1,6.0,4,11:20,12:10,Test Lab,2,1,1,1,27
Monday,cse_g2,2.0,5,13:40,14:30,Test Lab,2,1,1,1,27
Monday,cse_g2,2.0,6,14:30,15:20,Test Lab,2,1,0,1,27
Monday,,,7,15:30,16:20,Test Lab,0,1,0,0,27
Monday,,,8,16:20,17:10,Test Lab,0,0,0,0,27
Tuesday,cse_g1,4.0,1,08:30,09:20,Test Lab,4,0,1,1,27
Tuesday,cse_g1,4.0,2,09:20,10:10,Test Lab,4,1,1,1,27
Tuesday,cse_g1,4.0,3,10:30,11:20,Test Lab,4,1,1,0,27
Tuesday,cse_g1,4.0,4,11:20,12:10,Test Lab,4,1,1,1,27
Tuesday,cse_aiml,6.0,5,13:40,14:30,Test Lab,4,1,1,1,27
Tuesday,cse_aiml,6.0,6,14:30,15:20,Test Lab,4,1,1,1,27
Tuesday,cse_aiml,6.0,7,15:30,16:20,Test Lab,4,1,1,1,27
Tuesday,cse_aiml,6.0,8,16:20,17:10,Test Lab,4,1,0,1,27
Wednesday,,,1,08:30,09:20,Test Lab,0,0,1,0,27
Wednesday,cse_g2,6.0,2,09:20,10:10,Test Lab,2,0,1,1,27
Wednesday,cse_g2,6.0,3,10:30,11:20,Test Lab,2,1,0,1,27
Wednesday,,,4,11:20,12:10,Test Lab,0,1,1,0,27
Wednesday,cse_g1,2.0,5,13:40,14:30,Test Lab,2,0,1,1,27
Wednesday,cse_g1,2.0,6,14:30,15:20,Test Lab,2,1,1,0,27
Wednesday,cse_g1,8.0,7,15:30,16:20,Test Lab,2,1,1,1,27
Wednesday,cse_g1,8.0,8,16:20,17:10,Test Lab,2,1,0,1,27
Thursday,,,1,08:30,09:20,Test Lab,0,0,0,0,27
Thursday,,,2,09:20,10:10,Test Lab,0,0,1,0,27
Thursday,cse_g2,8.0,3,10:30,11:20,Test Lab,2,0,1,1,27
Thursday,cse_g2,8.0,4,11:20,12:10,Test Lab,2,1,1,1,27
Thursday,cse_g1,6.0,5,13:40,14:30,Test Lab,4,1,1,1,27
Thursday,cse_g1,6.0,6,14:30,15:20,Test Lab,4,1,1,1,27
Thursday,cse_g1,6.0,7,15:30,16:20,Test Lab,4,1,1,1,27
Thursday,cse_g1,6.0,8,16:20,17:10,Test Lab,4,1,0,1,27
Friday,cse_aiml,6.0,1,08:30,09:20,Test Lab,4,0,1,1,27
Friday,cse_aiml,6.0,2,09:20,10:10,Test Lab,4,1,1,1,27
Friday,cse_aiml,6.0,3,10:30,11:20,Test Lab,4,1,1,1,27
Friday,cse_aiml,6.0,4,11:20,12:10,Test Lab,4,1,1,0,27
Friday,cse_g1,6.0,5,13:40,14:30,Test Lab,2,1,1,1,27
Friday,cse_g1,6.0,6,14:30,15:20,Test Lab,2,1,1,1,27
Friday,cse_g2,4.0,7,15:30,16:20,Test Lab,2,1,1,1,27
Friday,cse_g2,4.0,8,16:20,17:10,Test Lab,2,1,0,1,27
Monday,,,1,08:30,09:20,Test Lab,0,0,0,0,28
Monday,,,2,09:20,10:10,Test Lab,0,0,1,0,28
Monday,cse_g1,6.0,3,10:30,11:20,Test Lab,2,0,1,0,28
Monday,cse_g1,6.0,4,11:20,12:10,Test Lab,2,1,1,1,28
Monday,cse_g2,2.0,5,13:40,14:30,Test Lab,2,1,1,1,28
Monday,cse_g2,2.0,6,14:30,15:20,Test Lab,2,1,0,1,28
Monday,,,7,15:30,16:20,Test Lab,0,1,0,0,28
Monday,,,8,16:20,17:10,Test Lab,0,0,0,1,28
Tuesday,cse_g1,4.0,1,08:30,09:20,Test Lab,4,0,1,1,28
Tuesday,cse_g1,4.0,2,09:20,10:10,Test Lab,4,1,1,1,28
Tuesday,cse_g1,4.0,3,10:30,11:20,Test Lab,4,1,1,1,28
Tuesday,cse_g1,4.0,4,11:20,12:10,Test Lab,4,1,1,1,28
Tuesday,cse_aiml,6.0,5,13:40,14:30,Test Lab,4,1,1,1,28
Tuesday,cse_aiml,6.0,6,14:30,15:20,Test Lab,4,1,1,1,28
Tuesday,cse_aiml,6.0,7,15:30,16:20,Test Lab,4,1,1,1,28
Tuesday,cse_aiml,6.0,8,16:20,17:10,Test Lab,4,1,0,1,28
Wednesday,,,1,08:30,09:20,Test Lab,0,0,1,0,28
Wednesday,cse_g2,6.0,2,09:20,10:10,Test Lab,2,0,1,1,28
Wednesday,cse_g2,6.0,3,10:30,11:20,Test Lab,2,1,0,1,28
Wednesday,,,4,11:20,12:10,Test Lab,0,1,1,0,28
Wednesday,cse_g1,2.0,5,13:40,14:30,Test Lab,2,0,1,1,28
Wednesday,cse_g1,2.0,6,14:30,15:20,Test Lab,2,1,1,1,28
Wednesday,cse_g1,8.0,7,15:30,16:20,Test Lab,2,1,1,1,28
Wednesday,cse_g1,8.0,8,16:20,17:10,Test Lab,2,1,0,1,28
Thursday,,,1,08:30,09:20,Test Lab,0,0,0,0,28
Thursday,,,2,09:20,10:10,Test Lab,0,0,1,0,28
Thursday,cse_g2,8.0,3,10:30,11:20,Test Lab,2,0,1,1,28
Thursday,cse_g2,8.0,4,11:20,12:10,Test Lab,2,1,1,1,28
Thursday,cse_g1,6.0,5,13:40,14:30,Test Lab,4,1,1,1,28
Thursday,cse_g1,6.0,6,14:30,15:20,Test Lab,4,1,1,1,28
Thursday,cse_g1,6.0,7,15:30,16:20,Test Lab,4,1,1,1,28
Thursday,cse_g1,6.0,8,16:20,17:10,Test Lab,4,1,0,1,28
Friday,cse_aiml,6.0,1,08:30,09:20,Test Lab,4,0,1,1,28
Friday,cse_aiml,6.0,2,09:20,10:10,Test Lab,4,1,1,1,28
Friday,cse_aiml,6.0,3,10:30,11:20,Test Lab,4,1,1,1,28
Friday,cse_aiml,6.0,4,11:20,12:10,Test Lab,4,1,1,1,28
Friday,cse_g1,6.0,5,13:40,14:30,Test Lab,2,1,1,1,28
Friday,cse_g1,6.0,6,14:30,15:20,Test Lab,2,1,1,1,28
Friday,cse_g2,4.0,7,15:30,16:20,Test Lab,2,1,1,1,28
Friday,cse_g2,4.0,8,16:20,17:10,Test Lab,2,1,0,1,28
Monday,,,1,08:30,09:20,Test Lab,0,0,0,0,29
Monday,,,2,09:20,10:10,Test Lab,0,0,1,0,29
Monday,cse_g1,6.0,3,10:30,11:20,Test Lab,2,0,1,1,29
Monday,cse_g1,6.0,4,11:20,12:10,Test Lab,2,1,1,1,29
Monday,cse_g2,2.0,5,13:40,14:30,Test Lab,2,1,1,1,29
Monday,cse_g2,2.0,6,14:30,15:20,Test Lab,2,1,0,1,29
Monday,,,7,15:30,16:20,Test Lab,0,1,0,0,29
Monday,,,8,16:20,17:10,Test Lab,0,0,0,1,29
Tuesday,cse_g1,4.0,1,08:30,09:20,Test Lab,4,0,1,1,29
Tuesday,cse_g1,4.0,2,09:20,10:10,Test Lab,4,1,1,1,29
Tuesday,cse_g1,4.0,3,10:30,11:20,Test Lab,4,1,1,1,29
Tuesday,cse_g1,4.0,4,11:20,12:10,Test Lab,4,1,1,1,29
Tuesday,cse_aiml,6.0,5,13:40,14:30,Test Lab,4,1,1,1,29
Tuesday,cse_aiml,6.0,6,14:30,15:20,Test Lab,4,1,1,1,29
Tuesday,cse_aiml,6.0,7,15:30,16:20,Test Lab,4,1,1,0,29
Tuesday,cse_aiml,6.0,8,16:20,17:10,Test Lab,4,1,0,1,29
Wednesday,,,1,08:30,09:20,Test Lab,0,0,1,0,29
Wednesday,cse_g2,6.0,2,09:20,10:10,Test Lab,2,0,1,1,29
Wednesday,cse_g2,6.0,3,10:30,11:20,Test Lab,2,1,0,1,29
Wednesday,,,4,11:20,12:10,Test Lab,0,1,1,0,29
Wednesday,cse_g1,2.0,5,13:40,14:30,Test Lab,2,0,1,1,29
Wednesday,cse_g1,2.0,6,14:30,15:20,Test Lab,2,1,1,1,29
Wednesday,cse_g1,8.0,7,15:30,16:20,Test Lab,2,1,1,1,29
Wednesday,cse_g1,8.0,8,16:20,17:10,Test Lab,2,1,0,1,29
Thursday,,,1,08:30,09:20,Test Lab,0,0,0,0,29
Thursday,,,2,09:20,10:10,Test Lab,0,0,1,0,29
Thursday,cse_g2,8.0,3,10:30,11:20,Test Lab,2,0,1,1,29
Thursday,cse_g2,8.0,4,11:20,12:10,Test Lab,2,1,1,1,29
Thursday,cse_g1,6.0,5,13:40,14:30,Test Lab,4,1,1,1,29
Thursday,cse_g1,6.0,6,14:30,15:20,Test Lab,4,1,1,1,29
Thursday,cse_g1,6.0,7,15:30,16:20,Test Lab,4,1,1,1,29
Thursday,cse_g1,6.0,8,16:20,17:10,Test Lab,4,1,0,1,29
Friday,cse_aiml,6.0,1,08:30,09:20,Test Lab,4,0,1,1,29
Friday,cse_aiml,6.0,2,09:20,10:10,Test Lab,4,1,1,1,29
Friday,cse_aiml,6.0,3,10:30,11:20,Test Lab,4,1,1,1,29
Friday,cse_aiml,6.0,4,11:20,12:10,Test Lab,4,1,1,1,29
Friday,cse_g1,6.0,5,13:40,14:30,Test Lab,2,1,1,1,29
Friday,cse_g1,6.0,6,14:30,15:20,Test Lab,2,1,1,1,29
Friday,cse_g2,4.0,7,15:30,16:20,Test Lab,2,1,1,1,29
Friday,cse_g2,4.0,8,16:20,17:10,Test Lab,2,1,0,1,29
Monday,,,1,08:30,09:20,Test Lab,0,0,0,0,30
Monday,,,2,09:20,10:10,Test Lab,0,0,1,0,30
Monday,cse_g1,6.0,3,10:30,11:20,Test Lab,2,0,1,0,30
Monday,cse_g1,6.0,4,11:20,12:10,Test Lab,2,1,1,1,30
Monday,cse_g2,2.0,5,13:40,14:30,Test Lab,2,1,1,1,30
Monday,cse_g2,2.0,6,14:30,15:20,Test Lab,2,1,0,1,30
Monday,,,7,15:30,16:20,Test Lab,0,1,0,0,30
Monday,,,8,16:20,17:10,Test Lab,0,0,0,0,30
Tuesday,cse_g1,4.0,1,08:30,09:20,Test Lab,4,0,1,1,30
Tuesday,cse_g1,4.0,2,09:20,10:10,Test Lab,4,1,1,1,30
Tuesday,cse_g1,4.0,3,10:30,11:20,Test Lab,4,1,1,1,30
Tuesday,cse_g1,4.0,4,11:20,12:10,Test Lab,4,1,1,1,30
Tuesday,cse_aiml,6.0,5,13:40,14:30,Test Lab,4,1,1,1,30
Tuesday,cse_aiml,6.0,6,14:30,15:20,Test Lab,4,1,1,1,30
Tuesday,cse_aiml,6.0,7,15:30,16:20,Test Lab,4,1,1,1,30
Tuesday,cse_aiml,6.0,8,16:20,17:10,Test Lab,4,1,0,0,30
Wednesday,,,1,08:30,09:20,Test Lab,0,0,1,0,30
Wednesday,cse_g2,6.0,2,09:20,10:10,Test Lab,2,0,1,1,30
Wednesday,cse_g2,6.0,3,10:30,11:20,Test Lab,2,1,0,1,30
Wednesday,,,4,11:20,12:10,Test Lab,0,1,1,0,30
Wednesday,cse_g1,2.0,5,13:40,14:30,Test Lab,2,0,1,1,30
Wednesday,cse_g1,2.0,6,14:30,15:20,Test Lab,2,1,1,1,30
Wednesday,cse_g1,8.0,7,15:30,16:20,Test Lab,2,1,1,1,30
Wednesday,cse_g1,8.0,8,16:20,17:10,Test Lab,2,1,0,1,30
Thursday,,,1,08:30,09:20,Test Lab,0,0,0,0,30
Thursday,,,2,09:20,10:10,Test Lab,0,0,1,0,30
Thursday,cse_g2,8.0,3,10:30,11:20,Test Lab,2,0,1,0,30
Thursday,cse_g2,8.0,4,11:20,12:10,Test Lab,2,1,1,1,30
Thursday,cse_g1,6.0,5,13:40,14:30,Test Lab,4,1,1,1,30
Thursday,cse_g1,6.0,6,14:30,15:20,Test Lab,4,1,1,1,30
Thursday,cse_g1,6.0,7,15:30,16:20,Test Lab,4,1,1,1,30
Thursday,cse_g1,6.0,8,16:20,17:10,Test Lab,4,1,0,1,30
Friday,cse_aiml,6.0,1,08:30,09:20,Test Lab,4,0,1,1,30
Friday,cse_aiml,6.0,2,09:20,10:10,Test Lab,4,1,1,1,30
Friday,cse_aiml,6.0,3,10:30,11:20,Test Lab,4,1,1,1,30
Friday,cse_aiml,6.0,4,11:20,12:10,Test Lab,4,1,1,1,30
Friday,cse_g1,6.0,5,13:40,14:30,Test Lab,2,1,1,1,30
Friday,cse_g1,6.0,6,14:30,15:20,Test Lab,2,1,1,1,30
Friday,cse_g2,4.0,7,15:30,16:20,Test Lab,2,1,1,1,30
Friday,cse_g2,4.0,8,16:20,17:10,Test Lab,2,1,0,1,30
Monday,,,1,08:30,09:20,Test Lab,0,0,0,0,31
Monday,,,2,09:20,10:10,Test Lab,0,0,1,0,31
Monday,cse_g1,6.0,3,10:30,11:20,Test Lab,2,0,1,1,31
Monday,cse_g1,6.0,4,11:20,12:10,Test Lab,2,1,1,1,31
Monday,cse_g2,2.0,5,13:40,14:30,Test Lab,2,1,1,1,31
Monday,cse_g2,2.0,6,14:30,15:20,Test Lab,2,1,0,1,31
Monday,,,7,15:30,16:20,Test Lab,0,1,0,0,31
Monday,,,8,16:20,17:10,Test Lab,0,0,0,0,31
Tuesday,cse_g1,4.0,1,08:30,09:20,Test Lab,4,0,1,1,31
Tuesday,cse_g1,4.0,2,09:20,10:10,Test Lab,4,1,1,1,31
Tuesday,cse_g1,4.0,3,10:30,11:20,Test Lab,4,1,1,1,31
Tuesday,cse_g1,4.0,4,11:20,12:10,Test Lab,4,1,1,1,31
Tuesday,cse_aiml,6.0,5,13:40,14:30,Test Lab,4,1,1,1,31
Tuesday,cse_aiml,6.0,6,14:30,15:20,Test Lab,4,1,1,1,31
Tuesday,cse_aiml,6.0,7,15:30,16:20,Test Lab,4,1,1,1,31
Tuesday,cse_aiml,6.0,8,16:20,17:10,Test Lab,4,1,0,1,31
Wednesday,,,1,08:30,09:20,Test Lab,0,0,1,0,31
Wednesday,cse_g2,6.0,2,09:20,10:10,Test Lab,2,0,1,1,31
Wednesday,cse_g2,6.0,3,10:30,11:20,Test Lab,2,1,0,1,31
Wednesday,,,4,11:20,12:10,Test Lab,0,1,1,0,31
Wednesday,cse_g1,2.0,5,13:40,14:30,Test Lab,2,0,1,1,31
Wednesday,cse_g1,2.0,6,14:30,15:20,Test Lab,2,1,1,1,31
Wednesday,cse_g1,8.0,7,15:30,16:20,Test Lab,2,1,1,1,31
Wednesday,cse_g1,8.0,8,16:20,17:10,Test Lab,2,1,0,1,31
Thursday,,,1,08:30,09:20,Test Lab,0,0,0,0,31
Thursday,,,2,09:20,10:10,Test Lab,0,0,1,0,31
Thursday,cse_g2,8.0,3,10:30,11:20,Test Lab,2,0,1,1,31
Thursday,cse_g2,8.0,4,11:20,12:10,Test Lab,2,1,1,1,31
Thursday,cse_g1,6.0,5,13:40,14:30,Test Lab,4,1,1,1,31
Thursday,cse_g1,6.0,6,14:30,15:20,Test Lab,4,1,1,1,31
Thursday,cse_g1,6.0,7,15:30,16:20,Test Lab,4,1,1,1,31
Thursday,cse_g1,6.0,8,16:20,17:10,Test Lab,4,1,0,1,31
Friday,cse_aiml,6.0,1,08:30,09:20,Test Lab,4,0,1,1,31
Friday,cse_aiml,6.0,2,09:20,10:10,Test Lab,4,1,1,1,31
Friday,cse_aiml,6.0,3,10:30,11:20,Test Lab,4,1,1,1,31
Friday,cse_aiml,6.0,4,11:20,12:10,Test Lab,4,1,1,1,31
Friday,cse_g1,6.0,5,13:40,14:30,Test Lab,2,1,1,1,31
Friday,cse_g1,6.0,6,14:30,15:20,Test Lab,2,1,1,1,31
Friday,cse_g2,4.0,7,15:30,16:20,Test Lab,2,1,1,1,31
Friday,cse_g2,4.0,8,16:20,17:10,Test Lab,2,1,0,0,31
Monday,,,1,08:30,09:20,Test Lab,0,0,0,0,32
Monday,,,2,09:20,10:10,Test Lab,0,0,1,1,32
Monday,cse_g1,6.0,3,10:30,11:20,Test Lab,2,0,1,1,32
Monday,cse_g1,6.0,4,11:20,12:10,Test Lab,2,1,1,1,32
Monday,cse_g2,2.0,5,13:40,14:30,Test Lab,2,1,1,1,32
Monday,cse_g2,2.0,6,14:30,15:20,Test Lab,2,1,0,1,32
Monday,,,7,15:30,16:20,Test Lab,0,1,0,0,32
Monday,,,8,16:20,17:10,Test Lab,0,0,0,0,32
Tuesday,cse_g1,4.0,1,08:30,09:20,Test Lab,4,0,1,1,32
Tuesday,cse_g1,4.0,2,09:20,10:10,Test Lab,4,1,1,1,32
Tuesday,cse_g1,4.0,3,10:30,11:20,Test Lab,4,1,1,1,32
Tuesday,cse_g1,4.0,4,11:20,12:10,Test Lab,4,1,1,1,32
Tuesday,cse_aiml,6.0,5,13:40,14:30,Test Lab,4,1,1,1,32
Tuesday,cse_aiml,6.0,6,14:30,15:20,Test Lab,4,1,1,1,32
Tuesday,cse_aiml,6.0,7,15:30,16:20,Test Lab,4,1,1,1,32
Tuesday,cse_aiml,6.0,8,16:20,17:10,Test Lab,4,1,0,1,32
Wednesday,,,1,08:30,09:20,Test Lab,0,0,1,0,32
Wednesday,cse_g2,6.0,2,09:20,10:10,Test Lab,2,0,1,1,32
Wednesday,cse_g2,6.0,3,10:30,11:20,Test Lab,2,1,0,1,32
Wednesday,,,4,11:20,12:10,Test Lab,0,1,1,0,32
Wednesday,cse_g1,2.0,5,13:40,14:30,Test Lab,2,0,1,1,32
Wednesday,cse_g1,2.0,6,14:30,15:20,Test Lab,2,1,1,1,32
Wednesday,cse_g1,8.0,7,15:30,16:20,Test Lab,2,1,1,1,32
Wednesday,cse_g1,8.0,8,16:20,17:10,Test Lab,2,1,0,1,32
Thursday,,,1,08:30,09:20,Test Lab,0,0,0,0,32
Thursday,,,2,09:20,10:10,Test Lab,0,0,1,0,32
Thursday,cse_g2,8.0,3,10:30,11:20,Test Lab,2,0,1,1,32
Thursday,cse_g2,8.0,4,11:20,12:10,Test Lab,2,1,1,1,32
Thursday,cse_g1,6.0,5,13:40,14:30,Test Lab,4,1,1,0,32
Thursday,cse_g1,6.0,6,14:30,15:20,Test Lab,4,1,1,0,32
Thursday,cse_g1,6.0,7,15:30,16:20,Test Lab,4,1,1,1,32
Thursday,cse_g1,6.0,8,16:20,17:10,Test Lab,4,1,0,1,32
Friday,cse_aiml,6.0,1,08:30,09:20,Test Lab,4,0,1,1,32
Friday,cse_aiml,6.0,2,09:20,10:10,Test Lab,4,1,1,0,32
Friday,cse_aiml,6.0,3,10:30,11:20,Test Lab,4,1,1,1,32
Friday,cse_aiml,6.0,4,11:20,12:10,Test Lab,4,1,1,1,32
Friday,cse_g1,6.0,5,13:40,14:30,Test Lab,2,1,1,1,32
Friday,cse_g1,6.0,6,14:30,15:20,Test Lab,2,1,1,1,32
Friday,cse_g2,4.0,7,15:30,16:20,Test Lab,2,1,1,1,32
Friday,cse_g2,4.0,8,16:20,17:10,Test Lab,2,1,0,1,32
Monday,,,1,08:30,09:20,Test Lab,0,0,0,0,33
Monday,,,2,09:20,10:10,Test Lab,0,0,1,0,33
Monday,cse_g1,6.0,3,10:30,11:20,Test Lab,2,0,1,1,33
Monday,cse_g1,6.0,4,11:20,12:10,Test Lab,2,1,1,1,33
Monday,cse_g2,2.0,5,13:40,14:30,Test Lab,2,1,1,1,33
Monday,cse_g2,2.0,6,14:30,15:20,Test Lab,2,1,0,1,33
Monday,,,7,15:30,16:20,Test Lab,0,1,0,1,33
Monday,,,8,16:20,17:10,Test Lab,0,0,0,0,33
Tuesday,cse_g1,4.0,1,08:30,09:20,Test Lab,4,0,1,1,33
Tuesday,cse_g1,4.0,2,09:20,10:10,Test Lab,4,1,1,0,33
Tuesday,cse_g1,4.0,3,10:30,11:20,Test Lab,4,1,1,1,33
Tuesday,cse_g1,4.0,4,11:20,12:10,Test Lab,4,1,1,1,33
Tuesday,cse_aiml,6.0,5,13:40,14:30,Test Lab,4,1,1,1,33
Tuesday,cse_aiml,6.0,6,14:30,15:20,Test Lab,4,1,1,1,33
Tuesday,cse_aiml,6.0,7,15:30,16:20,Test Lab,4,1,1,1,33
Tuesday,cse_aiml,6.0,8,16:20,17:10,Test Lab,4,1,0,1,33
Wednesday,,,1,08:30,09:20,Test Lab,0,0,1,0,33
Wednesday,cse_g2,6.0,2,09:20,10:10,Test Lab,2,0,1,0,33
Wednesday,cse_g2,6.0,3,10:30,11:20,Test Lab,2,1,0,1,33
Wednesday,,,4,11:20,12:10,Test Lab,0,1,1,0,33
Wednesday,cse_g1,2.0,5,13:40,14:30,Test Lab,2,0,1,1,33
Wednesday,cse_g1,2.0,6,14:30,15:20,Test Lab,2,1,1,1,33
Wednesday,cse_g1,8.0,7,15:30,16:20,Test Lab,2,1,1,1,33
Wednesday,cse_g1,8.0,8,16:20,17:10,Test Lab,2,1,0,0,33
Thursday,,,1,08:30,09:20,Test Lab,0,0,0,0,33
Thursday,,,2,09:20,10:10,Test Lab,0,0,1,0,33
Thursday,cse_g2,8.0,3,10:30,11:20,Test Lab,2,0,1,1,33
Thursday,cse_g2,8.0,4,11:20,12:10,Test Lab,2,1,1,1,33
Thursday,cse_g1,6.0,5,13:40,14:30,Test Lab,4,1,1,1,33
Thursday,cse_g1,6.0,6,14:30,15:20,Test Lab,4,1,1,1,33
Thursday,cse_g1,6.0,7,15:30,16:20,Test Lab,4,1,1,1,33
Thursday,cse_g1,6.0,8,16:20,17:10,Test Lab,4,1,0,1,33
Friday,cse_aiml,6.0,1,08:30,09:20,Test Lab,4,0,1,1,33
Friday,cse_aiml,6.0,2,09:20,10:10,Test Lab,4,1,1,1,33
Friday,cse_aiml,6.0,3,10:30,11:20,Test Lab,4,1,1,1,33
Friday,cse_aiml,6.0,4,11:20,12:10,Test Lab,4,1,1,1,33
Friday,cse_g1,6.0,5,13:40,14:30,Test Lab,2,1,1,1,33
Friday,cse_g1,6.0,6,14:30,15:20,Test Lab,2,1,1,1,33
Friday,cse_g2,4.0,7,15:30,16:20,Test Lab,2,1,1,1,33
Friday,cse_g2,4.0,8,16:20,17:10,Test Lab,2,1,0,1,33
Monday,,,1,08:30,09:20,Test Lab,0,0,0,0,34
Monday,,,2,09:20,10:10,Test Lab,0,0,1,0,34
Monday,cse_g1,6.0,3,10:30,11:20,Test Lab,2,0,1,0,34
Monday,cse_g1,6.0,4,11:20,12:10,Test Lab,2,1,1,1,34
Monday,cse_g2,2.0,5,13:40,14:30,Test Lab,2,1,1,1,34
Monday,cse_g2,2.0,6,14:30,15:20,Test Lab,2,1,0,1,34
Monday,,,7,15:30,16:20,Test Lab,0,1,0,0,34
Monday,,,8,16:20,17:10,Test Lab,0,0,0,0,34
Tuesday,cse_g1,4.0,1,08:30,09:20,Test Lab,4,0,1,1,34
Tuesday,cse_g1,4.0,2,09:20,10:10,Test Lab,4,1,1,1,34
Tuesday,cse_g1,4.0,3,10:30,11:20,Test Lab,4,1,1,1,34
Tuesday,cse_g1,4.0,4,11:20,12:10,Test Lab,4,1,1,1,34
Tuesday,cse_aiml,6.0,5,13:40,14:30,Test Lab,4,1,1,1,34
Tuesday,cse_aiml,6.0,6,14:30,15:20,Test Lab,4,1,1,1,34
Tuesday,cse_aiml,6.0,7,15:30,16:20,Test Lab,4,1,1,1,34
Tuesday,cse_aiml,6.0,8,16:20,17:10,Test Lab,4,1,0,1,34
Wednesday,,,1,08:30,09:20,Test Lab,0,0,1,0,34
Wednesday,cse_g2,6.0,2,09:20,10:10,Test Lab,2,0,1,1,34
Wednesday,cse_g2,6.0,3,10:30,11:20,Test Lab,2,1,0,1,34
Wednesday,,,4,11:20,12:10,Test Lab,0,1,1,0,34
Wednesday,cse_g1,2.0,5,13:40,14:30,Test Lab,2,0,1,1,34
Wednesday,cse_g1,2.0,6,14:30,15:20,Test Lab,2,1,1,1,34
Wednesday,cse_g1,8.0,7,15:30,16:20,Test Lab,2,1,1,1,34
Wednesday,cse_g1,8.0,8,16:20,17:10,Test Lab,2,1,0,1,34
Thursday,,,1,08:30,09:20,Test Lab,0,0,0,0,34
Thursday,,,2,09:20,10:10,Test Lab,0,0,1,0,34
Thursday,cse_g2,8.0,3,10:30,11:20,Test Lab,2,0,1,1,34
Thursday,cse_g2,8.0,4,11:20,12:10,Test Lab,2,1,1,1,34
Thursday,cse_g1,6.0,5,13:40,14:30,Test Lab,4,1,1,0,34
Thursday,cse_g1,6.0,6,14:30,15:20,Test Lab,4,1,1,1,34
Thursday,cse_g1,6.0,7,15:30,16:20,Test Lab,4,1,1,1,34
Thursday,cse_g1,6.0,8,16:20,17:10,Test Lab,4,1,0,1,34
Friday,cse_aiml,6.0,1,08:30,09:20,Test Lab,4,0,1,1,34
Friday,cse_aiml,6.0,2,09:20,10:10,Test Lab,4,1,1,1,34
Friday,cse_aiml,6.0,3,10:30,11:20,Test Lab,4,1,1,1,34
Friday,cse_aiml,6.0,4,11:20,12:10,Test Lab,4,1,1,0,34
Friday,cse_g1,6.0,5,13:40,14:30,Test Lab,2,1,1,1,34
Friday,cse_g1,6.0,6,14:30,15:20,Test Lab,2,1,1,1,34
Friday,cse_g2,4.0,7,15:30,16:20,Test Lab,2,1,1,1,34
Friday,cse_g2,4.0,8,16:20,17:10,Test Lab,2,1,0,1,34
Monday,,,1,08:30,09:20,Test Lab,0,0,0,0,35
Monday,,,2,09:20,10:10,Test Lab,0,0,1,0,35
Monday,cse_g1,6.0,3,10:30,11:20,Test Lab,2,0,1,0,35
Monday,cse_g1,6.0,4,11:20,12:10,Test Lab,2,1,1,0,35
Monday,cse_g2,2.0,5,13:40,14:30,Test Lab,2,1,1,0,35
Monday,cse_g2,2.0,6,14:30,15:20,Test Lab,2,1,0,1,35
Monday,,,7,15:30,16:20,Test Lab,0,1,0,0,35
Monday,,,8,16:20,17:10,Test Lab,0,0,0,0,35
Tuesday,cse_g1,4.0,1,08:30,09:20,Test Lab,4,0,1,1,35
Tuesday,cse_g1,4.0,2,09:20,10:10,Test Lab,4,1,1,1,35
Tuesday,cse_g1,4.0,3,10:30,11:20,Test Lab,4,1,1,1,35
Tuesday,cse_g1,4.0,4,11:20,12:10,Test Lab,4,1,1,0,35
Tuesday,cse_aiml,6.0,5,13:40,14:30,Test Lab,4,1,1,1,35
Tuesday,cse_aiml,6.0,6,14:30,15:20,Test Lab,4,1,1,1,35
Tuesday,cse_aiml,6.0,7,15:30,16:20,Test Lab,4,1,1,1,35
Tuesday,cse_aiml,6.0,8,16:20,17:10,Test Lab,4,1,0,1,35
Wednesday,,,1,08:30,09:20,Test Lab,0,0,1,0,35
Wednesday,cse_g2,6.0,2,09:20,10:10,Test Lab,2,0,1,1,35
Wednesday,cse_g2,6.0,3,10:30,11:20,Test Lab,2,1,0,1,35
Wednesday,,,4,11:20,12:10,Test Lab,0,1,1,0,35
Wednesday,cse_g1,2.0,5,13:40,14:30,Test Lab,2,0,1,1,35
Wednesday,cse_g1,2.0,6,14:30,15:20,Test Lab,2,1,1,1,35
Wednesday,cse_g1,8.0,7,15:30,16:20,Test Lab,2,1,1,1,35
Wednesday,cse_g1,8.0,8,16:20,17:10,Test Lab,2,1,0,1,35
Thursday,,,1,08:30,09:20,Test Lab,0,0,0,0,35
Thursday,,,2,09:20,10:10,Test Lab,0,0,1,0,35
Thursday,cse_g2,8.0,3,10:30,11:20,Test Lab,2,0,1,1,35
Thursday,cse_g2,8.0,4,11:20,12:10,Test Lab,2,1,1,1,35
Thursday,cse_g1,6.0,5,13:40,14:30,Test Lab,4,1,1,1,35
Thursday,cse_g1,6.0,6,14:30,15:20,Test Lab,4,1,1,1,35
Thursday,cse_g1,6.0,7,15:30,16:20,Test Lab,4,1,1,1,35
Thursday,cse_g1,6.0,8,16:20,17:10,Test Lab,4,1,0,1,35
Friday,cse_aiml,6.0,1,08:30,09:20,Test Lab,4,0,1,1,35
Friday,cse_aiml,6.0,2,09:20,10:10,Test Lab,4,1,1,1,35
Friday,cse_aiml,6.0,3,10:30,11:20,Test Lab,4,1,1,1,35
Friday,cse_aiml,6.0,4,11:20,12:10,Test Lab,4,1,1,1,35
Friday,cse_g1,6.0,5,13:40,14:30,Test Lab,2,1,1,1,35
Friday,cse_g1,6.0,6,14:30,15:20,Test Lab,2,1,1,1,35
Friday,cse_g2,4.0,7,15:30,16:20,Test Lab,2,1,1,1,35
Friday,cse_g2,4.0,8,16:20,17:10,Test Lab,2,1,0,1,35
Monday,,,1,08:30,09:20,Test Lab,0,0,0,0,36
Monday,,,2,09:20,10:10,Test Lab,0,0,1,0,36
Monday,cse_g1,6.0,3,10:30,11:20,Test Lab,2,0,1,1,36
Monday,cse_g1,6.0,4,11:20,12:10,Test Lab,2,1,1,1,36
Monday,cse_g2,2.0,5,13:40,14:30,Test Lab,2,1,1,1,36
Monday,cse_g2,2.0,6,14:30,15:20,Test Lab,2,1,0,1,36
Monday,,,7,15:30,16:20,Test Lab,0,1,0,0,36
Monday,,,8,16:20,17:10,Test Lab,0,0,0,1,36
Tuesday,cse_g1,4.0,1,08:30,09:20,Test Lab,4,0,1,1,36
Tuesday,cse_g1,4.0,2,09:20,10:10,Test Lab,4,1,1,1,36
Tuesday,cse_g1,4.0,3,10:30,11:20,Test Lab,4,1,1,1,36
Tuesday,cse_g1,4.0,4,11:20,12:10,Test Lab,4,1,1,0,36
Tuesday,cse_aiml,6.0,5,13:40,14:30,Test Lab,4,1,1,0,36
Tuesday,cse_aiml,6.0,6,14:30,15:20,Test Lab,4,1,1,0,36
Tuesday,cse_aiml,6.0,7,15:30,16:20,Test Lab,4,1,1,1,36
Tuesday,cse_aiml,6.0,8,16:20,17:10,Test Lab,4,1,0,1,36
Wednesday,,,1,08:30,09:20,Test Lab,0,0,1,0,36
Wednesday,cse_g2,6.0,2,09:20,10:10,Test Lab,2,0,1,1,36
Wednesday,cse_g2,6.0,3,10:30,11:20,Test Lab,2,1,0,1,36
Wednesday,,,4,11:20,12:10,Test Lab,0,1,1,0,36
Wednesday,cse_g1,2.0,5,13:40,14:30,Test Lab,2,0,1,1,36
Wednesday,cse_g1,2.0,6,14:30,15:20,Test Lab,2,1,1,1,36
Wednesday,cse_g1,8.0,7,15:30,16:20,Test Lab,2,1,1,1,36
Wednesday,cse_g1,8.0,8,16:20,17:10,Test Lab,2,1,0,1,36
Thursday,,,1,08:30,09:20,Test Lab,0,0,0,0,36
Thursday,,,2,09:20,10:10,Test Lab,0,0,1,0,36
Thursday,cse_g2,8.0,3,10:30,11:20,Test Lab,2,0,1,1,36
Thursday,cse_g2,8.0,4,11:20,12:10,Test Lab,2,1,1,1,36
Thursday,cse_g1,6.0,5,13:40,14:30,Test Lab,4,1,1,1,36
Thursday,cse_g1,6.0,6,14:30,15:20,Test Lab,4,1,1,1,36
Thursday,cse_g1,6.0,7,15:30,16:20,Test Lab,4,1,1,1,36
Thursday,cse_g1,6.0,8,16:20,17:10,Test Lab,4,1,0,1,36
Friday,cse_aiml,6.0,1,08:30,09:20,Test Lab,4,0,1,1,36
Friday,cse_aiml,6.0,2,09:20,10:10,Test Lab,4,1,1,1,36
Friday,cse_aiml,6.0,3,10:30,11:20,Test Lab,4,1,1,1,36
Friday,cse_aiml,6.0,4,11:20,12:10,Test Lab,4,1,1,1,36
Friday,cse_g1,6.0,5,13:40,14:30,Test Lab,2,1,1,1,36
Friday,cse_g1,6.0,6,14:30,15:20,Test Lab,2,1,1,1,36
Friday,cse_g2,4.0,7,15:30,16:20,Test Lab,2,1,1,1,36
Friday,cse_g2,4.0,8,16:20,17:10,Test Lab,2,1,0,1,36
Monday,,,1,08:30,09:20,Test Lab,0,0,0,0,37
Monday,,,2,09:20,10:10,Test Lab,0,0,1,0,37
Monday,cse_g1,6.0,3,10:30,11:20,Test Lab,2,0,1,1,37
Monday,cse_g1,6.0,4,11:20,12:10,Test Lab,2,1,1,0,37
Monday,cse_g2,2.0,5,13:40,14:30,Test Lab,2,1,1,1,37
Monday,cse_g2,2.0,6,14:30,15:20,Test Lab,2,1,0,1,37
Monday,,,7,15:30,16:20,Test Lab,0,1,0,0,37
Monday,,,8,16:20,17:10,Test Lab,0,0,0,0,37
Tuesday,cse_g1,4.0,1,08:30,09:20,Test Lab,4,0,1,1,37
Tuesday,cse_g1,4.0,2,09:20,10:10,Test Lab,4,1,1,1,37
Tuesday,cse_g1,4.0,3,10:30,11:20,Test Lab,4,1,1,1,37
Tuesday,cse_g1,4.0,4,11:20,12:10,Test Lab,4,1,1,1,37
Tuesday,cse_aiml,6.0,5,13:40,14:30,Test Lab,4,1,1,1,37
Tuesday,cse_aiml,6.0,6,14:30,15:20,Test Lab,4,1,1,1,37
Tuesday,cse_aiml,6.0,7,15:30,16:20,Test Lab,4,1,1,1,37
Tuesday,cse_aiml,6.0,8,16:20,17:10,Test Lab,4,1,0,1,37
Wednesday,,,1,08:30,09:20,Test Lab,0,0,1,0,37
Wednesday,cse_g2,6.0,2,09:20,10:10,Test Lab,2,0,1,1,37
Wednesday,cse_g2,6.0,3,10:30,11:20,Test Lab,2,1,0,1,37
Wednesday,,,4,11:20,12:10,Test Lab,0,1,1,0,37
Wednesday,cse_g1,2.0,5,13:40,14:30,Test Lab,2,0,1,1,37
Wednesday,cse_g1,2.0,6,14:30,15:20,Test Lab,2,1,1,1,37
Wednesday,cse_g1,8.0,7,15:30,16:20,Test Lab,2,1,1,1,37
Wednesday,cse_g1,8.0,8,16:20,17:10,Test Lab,2,1,0,1,37
Thursday,,,1,08:30,09:20,Test Lab,0,0,0,0,37
Thursday,,,2,09:20,10:10,Test Lab,0,0,1,0,37
Thursday,cse_g2,8.0,3,10:30,11:20,Test Lab,2,0,1,1,37
Thursday,cse_g2,8.0,4,11:20,12:10,Test Lab,2,1,1,1,37
Thursday,cse_g1,6.0,5,13:40,14:30,Test Lab,4,1,1,1,37
Thursday,cse_g1,6.0,6,14:30,15:20,Test Lab,4,1,1,1,37
Thursday,cse_g1,6.0,7,15:30,16:20,Test Lab,4,1,1,1,37
Thursday,cse_g1,6.0,8,16:20,17:10,Test Lab,4,1,0,1,37
Friday,cse_aiml,6.0,1,08:30,09:20,Test Lab,4,0,1,1,37
Friday,cse_aiml,6.0,2,09:20,10:10,Test Lab,4,1,1,0,37
Friday,cse_aiml,6.0,3,10:30,11:20,Test Lab,4,1,1,1,37
Friday,cse_aiml,6.0,4,11:20,12:10,Test Lab,4,1,1,1,37
Friday,cse_g1,6.0,5,13:40,14:30,Test Lab,2,1,1,1,37
Friday,cse_g1,6.0,6,14:30,15:20,Test Lab,2,1,1,1,37
Friday,cse_g2,4.0,7,15:30,16:20,Test Lab,2,1,1,1,37
Friday,cse_g2,4.0,8,16:20,17:10,Test Lab,2,1,0,1,37
Monday,,,1,08:30,09:20,Test Lab,0,0,0,0,38
Monday,,,2,09:20,10:10,Test Lab,0,0,1,0,38
Monday,cse_g1,6.0,3,10:30,11:20,Test Lab,2,0,1,1,38
Monday,cse_g1,6.0,4,11:20,12:10,Test Lab,2,1,1,1,38
Monday,cse_g2,2.0,5,13:40,14:30,Test Lab,2,1,1,1,38
Monday,cse_g2,2.0,6,14:30,15:20,Test Lab,2,1,0,1,38
Monday,,,7,15:30,16:20,Test Lab,0,1,0,0,38
Monday,,,8,16:20,17:10,Test Lab,0,0,0,0,38
Tuesday,cse_g1,4.0,1,08:30,09:20,Test Lab,4,0,1,1,38
Tuesday,cse_g1,4.0,2,09:20,10:10,Test Lab,4,1,1,1,38
Tuesday,cse_g1,4.0,3,10:30,11:20,Test Lab,4,1,1,1,38
Tuesday,cse_g1,4.0,4,11:20,12:10,Test Lab,4,1,1,0,38
Tuesday,cse_aiml,6.0,5,13:40,14:30,Test Lab,4,1,1,1,38
Tuesday,cse_aiml,6.0,6,14:30,15:20,Test Lab,4,1,1,0,38
Tuesday,cse_aiml,6.0,7,15:30,16:20,Test Lab,4,1,1,1,38
Tuesday,cse_aiml,6.0,8,16:20,17:10,Test Lab,4,1,0,1,38
Wednesday,,,1,08:30,09:20,Test Lab,0,0,1,0,38
Wednesday,cse_g2,6.0,2,09:20,10:10,Test Lab,2,0,1,1,38
Wednesday,cse_g2,6.0,3,10:30,11:20,Test Lab,2,1,0,1,38
Wednesday,,,4,11:20,12:10,Test Lab,0,1,1,0,38
Wednesday,cse_g1,2.0,5,13:40,14:30,Test Lab,2,0,1,1,38
Wednesday,cse_g1,2.0,6,14:30,15:20,Test Lab,2,1,1,1,38
Wednesday,cse_g1,8.0,7,15:30,16:20,Test Lab,2,1,1,1,38
Wednesday,cse_g1,8.0,8,16:20,17:10,Test Lab,2,1,0,1,38
Thursday,,,1,08:30,09:20,Test Lab,0,0,0,0,38
Thursday,,,2,09:20,10:10,Test Lab,0,0,1,0,38
Thursday,cse_g2,8.0,3,10:30,11:20,Test Lab,2,0,1,1,38
Thursday,cse_g2,8.0,4,11:20,12:10,Test Lab,2,1,1,0,38
Thursday,cse_g1,6.0,5,13:40,14:30,Test Lab,4,1,1,1,38
Thursday,cse_g1,6.0,6,14:30,15:20,Test Lab,4,1,1,1,38
Thursday,cse_g1,6.0,7,15:30,16:20,Test Lab,4,1,1,1,38
Thursday,cse_g1,6.0,8,16:20,17:10,Test Lab,4,1,0,1,38
Friday,cse_aiml,6.0,1,08:30,09:20,Test Lab,4,0,1,1,38
Friday,cse_aiml,6.0,2,09:20,10:10,Test Lab,4,1,1,0,38
Friday,cse_aiml,6.0,3,10:30,11:20,Test Lab,4,1,1,1,38
Friday,cse_aiml,6.0,4,11:20,12:10,Test Lab,4,1,1,1,38
Friday,cse_g1,6.0,5,13:40,14:30,Test Lab,2,1,1,1,38
Friday,cse_g1,6.0,6,14:30,15:20,Test Lab,2,1,1,1,38
Friday,cse_g2,4.0,7,15:30,16:20,Test Lab,2,1,1,1,38
Friday,cse_g2,4.0,8,16:20,17:10,Test Lab,2,1,0,1,38
Monday,,,1,08:30,09:20,Test Lab,0,0,0,0,39
Monday,,,2,09:20,10:10,Test Lab,0,0,1,0,39
Monday,cse_g1,6.0,3,10:30,11:20,Test Lab,2,0,1,1,39
Monday,cse_g1,6.0,4,11:20,12:10,Test Lab,2,1,1,1,39
Monday,cse_g2,2.0,5,13:40,14:30,Test Lab,2,1,1,1,39
Monday,cse_g2,2.0,6,14:30,15:20,Test Lab,2,1,0,1,39
Monday,,,7,15:30,16:20,Test Lab,0,1,0,0,39
Monday,,,8,16:20,17:10,Test Lab,0,0,0,0,39
Tuesday,cse_g1,4.0,1,08:30,09:20,Test Lab,4,0,1,1,39
Tuesday,cse_g1,4.0,2,09:20,10:10,Test Lab,4,1,1,1,39
Tuesday,cse_g1,4.0,3,10:30,11:20,Test Lab,4,1,1,1,39
Tuesday,cse_g1,4.0,4,11:20,12:10,Test Lab,4,1,1,0,39
Tuesday,cse_aiml,6.0,5,13:40,14:30,Test Lab,4,1,1,1,39
Tuesday,cse_aiml,6.0,6,14:30,15:20,Test Lab,4,1,1,1,39
Tuesday,cse_aiml,6.0,7,15:30,16:20,Test Lab,4,1,1,0,39
Tuesday,cse_aiml,6.0,8,16:20,17:10,Test Lab,4,1,0,1,39
Wednesday,,,1,08:30,09:20,Test Lab,0,0,1,0,39
Wednesday,cse_g2,6.0,2,09:20,10:10,Test Lab,2,0,1,1,39
Wednesday,cse_g2,6.0,3,10:30,11:20,Test Lab,2,1,0,1,39
Wednesday,,,4,11:20,12:10,Test Lab,0,1,1,0,39
Wednesday,cse_g1,2.0,5,13:40,14:30,Test Lab,2,0,1,1,39
Wednesday,cse_g1,2.0,6,14:30,15:20,Test Lab,2,1,1,1,39
Wednesday,cse_g1,8.0,7,15:30,16:20,Test Lab,2,1,1,1,39
Wednesday,cse_g1,8.0,8,16:20,17:10,Test Lab,2,1,0,1,39
Thursday,,,1,08:30,09:20,Test Lab,0,0,0,0,39
Thursday,,,2,09:20,10:10,Test Lab,0,0,1,0,39
Thursday,cse_g2,8.0,3,10:30,11:20,Test Lab,2,0,1,1,39
Thursday,cse_g2,8.0,4,11:20,12:10,Test Lab,2,1,1,1,39
Thursday,cse_g1,6.0,5,13:40,14:30,Test Lab,4,1,1,1,39
Thursday,cse_g1,6.0,6,14:30,15:20,Test Lab,4,1,1,1,39
Thursday,cse_g1,6.0,7,15:30,16:20,Test Lab,4,1,1,1,39
Thursday,cse_g1,6.0,8,16:20,17:10,Test Lab,4,1,0,0,39
Friday,cse_aiml,6.0,1,08:30,09:20,Test Lab,4,0,1,1,39
Friday,cse_aiml,6.0,2,09:20,10:10,Test Lab,4,1,1,1,39
Friday,cse_aiml,6.0,3,10:30,11:20,Test Lab,4,1,1,1,39
Friday,cse_aiml,6.0,4,11:20,12:10,Test Lab,4,1,1,1,39
Friday,cse_g1,6.0,5,13:40,14:30,Test Lab,2,1,1,1,39
Friday,cse_g1,6.0,6,14:30,15:20,Test Lab,2,1,1,1,39
Friday,cse_g2,4.0,7,15:30,16:20,Test Lab,2,1,1,1,39
Friday,cse_g2,4.0,8,16:20,17:10,Test Lab,2,1,0,1,39
Monday,,,1,08:30,09:20,Test Lab,0,0,0,0,40
Monday,,,2,09:20,10:10,Test Lab,0,0,1,1,40
Monday,cse_g1,6.0,3,10:30,11:20,Test Lab,2,0,1,1,40
Monday,cse_g1,6.0,4,11:20,12:10,Test Lab,2,1,1,0,40
Monday,cse_g2,2.0,5,13:40,14:30,Test Lab,2,1,1,1,40
Monday,cse_g2,2.0,6,14:30,15:20,Test Lab,2,1,0,1,40
Monday,,,7,15:30,16:20,Test Lab,0,1,0,0,40
Monday,,,8,16:20,17:10,Test Lab,0,0,0,0,40
Tuesday,cse_g1,4.0,1,08:30,09:20,Test Lab,4,0,1,1,40
Tuesday,cse_g1,4.0,2,09:20,10:10,Test Lab,4,1,1,1,40
Tuesday,cse_g1,4.0,3,10:30,11:20,Test Lab,4,1,1,1,40
Tuesday,cse_g1,4.0,4,11:20,12:10,Test Lab,4,1,1,0,40
Tuesday,cse_aiml,6.0,5,13:40,14:30,Test Lab,4,1,1,0,40
Tuesday,cse_aiml,6.0,6,14:30,15:20,Test Lab,4,1,1,1,40
Tuesday,cse_aiml,6.0,7,15:30,16:20,Test Lab,4,1,1,1,40
Tuesday,cse_aiml,6.0,8,16:20,17:10,Test Lab,4,1,0,1,40
Wednesday,,,1,08:30,09:20,Test Lab,0,0,1,0,40
Wednesday,cse_g2,6.0,2,09:20,10:10,Test Lab,2,0,1,1,40
Wednesday,cse_g2,6.0,3,10:30,11:20,Test Lab,2,1,0,1,40
Wednesday,,,4,11:20,12:10,Test Lab,0,1,1,0,40
Wednesday,cse_g1,2.0,5,13:40,14:30,Test Lab,2,0,1,1,40
Wednesday,cse_g1,2.0,6,14:30,15:20,Test Lab,2,1,1,0,40
Wednesday,cse_g1,8.0,7,15:30,16:20,Test Lab,2,1,1,1,40
Wednesday,cse_g1,8.0,8,16:20,17:10,Test Lab,2,1,0,1,40
Thursday,,,1,08:30,09:20,Test Lab,0,0,0,0,40
Thursday,,,2,09:20,10:10,Test Lab,0,0,1,0,40
Thursday,cse_g2,8.0,3,10:30,11:20,Test Lab,2,0,1,1,40
Thursday,cse_g2,8.0,4,11:20,12:10,Test Lab,2,1,1,1,40
Thursday,cse_g1,6.0,5,13:40,14:30,Test Lab,4,1,1,1,40
Thursday,cse_g1,6.0,6,14:30,15:20,Test Lab,4,1,1,1,40
Thursday,cse_g1,6.0,7,15:30,16:20,Test Lab,4,1,1,1,40
Thursday,cse_g1,6.0,8,16:20,17:10,Test Lab,4,1,0,1,40
Friday,cse_aiml,6.0,1,08:30,09:20,Test Lab,4,0,1,1,40
Friday,cse_aiml,6.0,2,09:20,10:10,Test Lab,4,1,1,0,40
Friday,cse_aiml,6.0,3,10:30,11:20,Test Lab,4,1,1,1,40
Friday,cse_aiml,6.0,4,11:20,12:10,Test Lab,4,1,1,1,40
Friday,cse_g1,6.0,5,13:40,14:30,Test Lab,2,1,1,1,40
Friday,cse_g1,6.0,6,14:30,15:20,Test Lab,2,1,1,1,40
Friday,cse_g2,4.0,7,15:30,16:20,Test Lab,2,1,1,1,40
Friday,cse_g2,4.0,8,16:20,17:10,Test Lab,2,1,0,1,40
Monday,,,1,08:30,09:20,Test Lab,0,0,0,0,41
Monday,,,2,09:20,10:10,Test Lab,0,0,1,0,41
Monday,cse_g1,6.0,3,10:30,11:20,Test Lab,2,0,1,1,41
Monday,cse_g1,6.0,4,11:20,12:10,Test Lab,2,1,1,1,41
Monday,cse_g2,2.0,5,13:40,14:30,Test Lab,2,1,1,1,41
Monday,cse_g2,2.0,6,14:30,15:20,Test Lab,2,1,0,1,41
Monday,,,7,15:30,16:20,Test Lab,0,1,0,0,41
Monday,,,8,16:20,17:10,Test Lab,0,0,0,0,41
Tuesday,cse_g1,4.0,1,08:30,09:20,Test Lab,4,0,1,1,41
Tuesday,cse_g1,4.0,2,09:20,10:10,Test Lab,4,1,1,1,41
Tuesday,cse_g1,4.0,3,10:30,11:20,Test Lab,4,1,1,1,41
Tuesday,cse_g1,4.0,4,11:20,12:10,Test Lab,4,1,1,1,41
Tuesday,cse_aiml,6.0,5,13:40,14:30,Test Lab,4,1,1,0,41
Tuesday,cse_aiml,6.0,6,14:30,15:20,Test Lab,4,1,1,1,41
Tuesday,cse_aiml,6.0,7,15:30,16:20,Test Lab,4,1,1,1,41
Tuesday,cse_aiml,6.0,8,16:20,17:10,Test Lab,4,1,0,0,41
Wednesday,,,1,08:30,09:20,Test Lab,0,0,1,0,41
Wednesday,cse_g2,6.0,2,09:20,10:10,Test Lab,2,0,1,1,41
Wednesday,cse_g2,6.0,3,10:30,11:20,Test Lab,2,1,0,0,41
Wednesday,,,4,11:20,12:10,Test Lab,0,1,1,0,41
Wednesday,cse_g1,2.0,5,13:40,14:30,Test Lab,2,0,1,1,41
Wednesday,cse_g1,2.0,6,14:30,15:20,Test Lab,2,1,1,1,41
Wednesday,cse_g1,8.0,7,15:30,16:20,Test Lab,2,1,1,0,41
Wednesday,cse_g1,8.0,8,16:20,17:10,Test Lab,2,1,0,0,41
Thursday,,,1,08:30,09:20,Test Lab,0,0,0,0,41
Thursday,,,2,09:20,10:10,Test Lab,0,0,1,0,41
Thursday,cse_g2,8.0,3,10:30,11:20,Test Lab,2,0,1,1,41
Thursday,cse_g2,8.0,4,11:20,12:10,Test Lab,2,1,1,1,41
Thursday,cse_g1,6.0,5,13:40,14:30,Test Lab,4,1,1,1,41
Thursday,cse_g1,6.0,6,14:30,15:20,Test Lab,4,1,1,1,41
Thursday,cse_g1,6.0,7,15:30,16:20,Test Lab,4,1,1,0,41
Thursday,cse_g1,6.0,8,16:20,17:10,Test Lab,4,1,0,1,41
Friday,cse_aiml,6.0,1,08:30,09:20,Test Lab,4,0,1,1,41
Friday,cse_aiml,6.0,2,09:20,10:10,Test Lab,4,1,1,1,41
Friday,cse_aiml,6.0,3,10:30,11:20,Test Lab,4,1,1,0,41
Friday,cse_aiml,6.0,4,11:20,12:10,Test Lab,4,1,1,1,41
Friday,cse_g1,6.0,5,13:40,14:30,Test Lab,2,1,1,0,41
Friday,cse_g1,6.0,6,14:30,15:20,Test Lab,2,1,1,1,41
Friday,cse_g2,4.0,7,15:30,16:20,Test Lab,2,1,1,1,41
Friday,cse_g2,4.0,8,16:20,17:10,Test Lab,2,1,0,1,41
Monday,,,1,08:30,09:20,Test Lab,0,0,0,0,42
Monday,,,2,09:20,10:10,Test Lab,0,0,1,0,42
Monday,cse_g1,6.0,3,10:30,11:20,Test Lab,2,0,1,1,42
Monday,cse_g1,6.0,4,11:20,12:10,Test Lab,2,1,1,1,42
Monday,cse_g2,2.0,5,13:40,14:30,Test Lab,2,1,1,1,42
Monday,cse_g2,2.0,6,14:30,15:20,Test Lab,2,1,0,1,42
Monday,,,7,15:30,16:20,Test Lab,0,1,0,0,42
Monday,,,8,16:20,17:10,Test Lab,0,0,0,0,42
Tuesday,cse_g1,4.0,1,08:30,09:20,Test Lab,4,0,1,1,42
Tuesday,cse_g1,4.0,2,09:20,10:10,Test Lab,4,1,1,1,42
Tuesday,cse_g1,4.0,3,10:30,11:20,Test Lab,4,1,1,1,42
Tuesday,cse_g1,4.0,4,11:20,12:10,Test Lab,4,1,1,1,42
Tuesday,cse_aiml,6.0,5,13:40,14:30,Test Lab,4,1,1,1,42
Tuesday,cse_aiml,6.0,6,14:30,15:20,Test Lab,4,1,1,1,42
Tuesday,cse_aiml,6.0,7,15:30,16:20,Test Lab,4,1,1,1,42
Tuesday,cse_aiml,6.0,8,16:20,17:10,Test Lab,4,1,0,1,42
Wednesday,,,1,08:30,09:20,Test Lab,0,0,1,1,42
Wednesday,cse_g2,6.0,2,09:20,10:10,Test Lab,2,0,1,1,42
Wednesday,cse_g2,6.0,3,10:30,11:20,Test Lab,2,1,0,0,42
Wednesday,,,4,11:20,12:10,Test Lab,0,1,1,0,42
Wednesday,cse_g1,2.0,5,13:40,14:30,Test Lab,2,0,1,1,42
Wednesday,cse_g1,2.0,6,14:30,15:20,Test Lab,2,1,1,1,42
Wednesday,cse_g1,8.0,7,15:30,16:20,Test Lab,2,1,1,1,42
Wednesday,cse_g1,8.0,8,16:20,17:10,Test Lab,2,1,0,1,42
Thursday,,,1,08:30,09:20,Test Lab,0,0,0,0,42
Thursday,,,2,09:20,10:10,Test Lab,0,0,1,0,42
Thursday,cse_g2,8.0,3,10:30,11:20,Test Lab,2,0,1,0,42
Thursday,cse_g2,8.0,4,11:20,12:10,Test Lab,2,1,1,1,42
Thursday,cse_g1,6.0,5,13:40,14:30,Test Lab,4,1,1,1,42
Thursday,cse_g1,6.0,6,14:30,15:20,Test Lab,4,1,1,1,42
Thursday,cse_g1,6.0,7,15:30,16:20,Test Lab,4,1,1,1,42
Thursday,cse_g1,6.0,8,16:20,17:10,Test Lab,4,1,0,0,42
Friday,cse_aiml,6.0,1,08:30,09:20,Test Lab,4,0,1,1,42
Friday,cse_aiml,6.0,2,09:20,10:10,Test Lab,4,1,1,1,42
Friday,cse_aiml,6.0,3,10:30,11:20,Test Lab,4,1,1,1,42
Friday,cse_aiml,6.0,4,11:20,12:10,Test Lab,4,1,1,1,42
Friday,cse_g1,6.0,5,13:40,14:30,Test Lab,2,1,1,1,42
Friday,cse_g1,6.0,6,14:30,15:20,Test Lab,2,1,1,1,42
Friday,cse_g2,4.0,7,15:30,16:20,Test Lab,2,1,1,1,42
Friday,cse_g2,4.0,8,16:20,17:10,Test Lab,2,1,0,1,42
Monday,,,1,08:30,09:20,Test Lab,0,0,0,1,43
Monday,,,2,09:20,10:10,Test Lab,0,0,1,0,43
Monday,cse_g1,6.0,3,10:30,11:20,Test Lab,2,0,1,1,43
Monday,cse_g1,6.0,4,11:20,12:10,Test Lab,2,1,1,1,43
Monday,cse_g2,2.0,5,13:40,14:30,Test Lab,2,1,1,1,43
Monday,cse_g2,2.0,6,14:30,15:20,Test Lab,2,1,0,1,43
Monday,,,7,15:30,16:20,Test Lab,0,1,0,1,43
Monday,,,8,16:20,17:10,Test Lab,0,0,0,0,43
Tuesday,cse_g1,4.0,1,08:30,09:20,Test Lab,4,0,1,1,43
Tuesday,cse_g1,4.0,2,09:20,10:10,Test Lab,4,1,1,1,43
Tuesday,cse_g1,4.0,3,10:30,11:20,Test Lab,4,1,1,1,43
Tuesday,cse_g1,4.0,4,11:20,12:10,Test Lab,4,1,1,1,43
Tuesday,cse_aiml,6.0,5,13:40,14:30,Test Lab,4,1,1,1,43
Tuesday,cse_aiml,6.0,6,14:30,15:20,Test Lab,4,1,1,1,43
Tuesday,cse_aiml,6.0,7,15:30,16:20,Test Lab,4,1,1,1,43
Tuesday,cse_aiml,6.0,8,16:20,17:10,Test Lab,4,1,0,1,43
Wednesday,,,1,08:30,09:20,Test Lab,0,0,1,0,43
Wednesday,cse_g2,6.0,2,09:20,10:10,Test Lab,2,0,1,1,43
Wednesday,cse_g2,6.0,3,10:30,11:20,Test Lab,2,1,0,1,43
Wednesday,,,4,11:20,12:10,Test Lab,0,1,1,0,43
Wednesday,cse_g1,2.0,5,13:40,14:30,Test Lab,2,0,1,1,43
Wednesday,cse_g1,2.0,6,14:30,15:20,Test Lab,2,1,1,1,43
Wednesday,cse_g1,8.0,7,15:30,16:20,Test Lab,2,1,1,0,43
Wednesday,cse_g1,8.0,8,16:20,17:10,Test Lab,2,1,0,1,43
Thursday,,,1,08:30,09:20,Test Lab,0,0,0,0,43
Thursday,,,2,09:20,10:10,Test Lab,0,0,1,0,43
Thursday,cse_g2,8.0,3,10:30,11:20,Test Lab,2,0,1,1,43
Thursday,cse_g2,8.0,4,11:20,12:10,Test Lab,2,1,1,1,43
Thursday,cse_g1,6.0,5,13:40,14:30,Test Lab,4,1,1,1,43
Thursday,cse_g1,6.0,6,14:30,15:20,Test Lab,4,1,1,1,43
Thursday,cse_g1,6.0,7,15:30,16:20,Test Lab,4,1,1,1,43
Thursday,cse_g1,6.0,8,16:20,17:10,Test Lab,4,1,0,1,43
Friday,cse_aiml,6.0,1,08:30,09:20,Test Lab,4,0,1,1,43
Friday,cse_aiml,6.0,2,09:20,10:10,Test Lab,4,1,1,1,43
Friday,cse_aiml,6.0,3,10:30,11:20,Test Lab,4,1,1,1,43
Friday,cse_aiml,6.0,4,11:20,12:10,Test Lab,4,1,1,0,43
Friday,cse_g1,6.0,5,13:40,14:30,Test Lab,2,1,1,0,43
Friday,cse_g1,6.0,6,14:30,15:20,Test Lab,2,1,1,1,43
Friday,cse_g2,4.0,7,15:30,16:20,Test Lab,2,1,1,1,43
Friday,cse_g2,4.0,8,16:20,17:10,Test Lab,2,1,0,1,43
Monday,,,1,08:30,09:20,Test Lab,0,0,0,0,44
Monday,,,2,09:20,10:10,Test Lab,0,0,1,0,44
Monday,cse_g1,6.0,3,10:30,11:20,Test Lab,2,0,1,1,44
Monday,cse_g1,6.0,4,11:20,12:10,Test Lab,2,1,1,1,44
Monday,cse_g2,2.0,5,13:40,14:30,Test Lab,2,1,1,1,44
Monday,cse_g2,2.0,6,14:30,15:20,Test Lab,2,1,0,1,44
Monday,,,7,15:30,16:20,Test Lab,0,1,0,0,44
Monday,,,8,16:20,17:10,Test Lab,0,0,0,0,44
Tuesday,cse_g1,4.0,1,08:30,09:20,Test Lab,4,0,1,1,44
Tuesday,cse_g1,4.0,2,09:20,10:10,Test Lab,4,1,1,0,44
Tuesday,cse_g1,4.0,3,10:30,11:20,Test Lab,4,1,1,1,44
Tuesday,cse_g1,4.0,4,11:20,12:10,Test Lab,4,1,1,1,44
Tuesday,cse_aiml,6.0,5,13:40,14:30,Test Lab,4,1,1,1,44
Tuesday,cse_aiml,6.0,6,14:30,15:20,Test Lab,4,1,1,1,44
Tuesday,cse_aiml,6.0,7,15:30,16:20,Test Lab,4,1,1,1,44
Tuesday,cse_aiml,6.0,8,16:20,17:10,Test Lab,4,1,0,0,44
Wednesday,,,1,08:30,09:20,Test Lab,0,0,1,0,44
Wednesday,cse_g2,6.0,2,09:20,10:10,Test Lab,2,0,1,1,44
Wednesday,cse_g2,6.0,3,10:30,11:20,Test Lab,2,1,0,1,44
Wednesday,,,4,11:20,12:10,Test Lab,0,1,1,0,44
Wednesday,cse_g1,2.0,5,13:40,14:30,Test Lab,2,0,1,1,44
Wednesday,cse_g1,2.0,6,14:30,15:20,Test Lab,2,1,1,1,44
Wednesday,cse_g1,8.0,7,15:30,16:20,Test Lab,2,1,1,1,44
Wednesday,cse_g1,8.0,8,16:20,17:10,Test Lab,2,1,0,1,44
Thursday,,,1,08:30,09:20,Test Lab,0,0,0,0,44
Thursday,,,2,09:20,10:10,Test Lab,0,0,1,0,44
Thursday,cse_g2,8.0,3,10:30,11:20,Test Lab,2,0,1,1,44
Thursday,cse_g2,8.0,4,11:20,12:10,Test Lab,2,1,1,0,44
Thursday,cse_g1,6.0,5,13:40,14:30,Test Lab,4,1,1,1,44
Thursday,cse_g1,6.0,6,14:30,15:20,Test Lab,4,1,1,1,44
Thursday,cse_g1,6.0,7,15:30,16:20,Test Lab,4,1,1,1,44
Thursday,cse_g1,6.0,8,16:20,17:10,Test Lab,4,1,0,1,44
Friday,cse_aiml,6.0,1,08:30,09:20,Test Lab,4,0,1,1,44
Friday,cse_aiml,6.0,2,09:20,10:10,Test Lab,4,1,1,1,44
Friday,cse_aiml,6.0,3,10:30,11:20,Test Lab,4,1,1,1,44
Friday,cse_aiml,6.0,4,11:20,12:10,Test Lab,4,1,1,1,44
Friday,cse_g1,6.0,5,13:40,14:30,Test Lab,2,1,1,1,44
Friday,cse_g1,6.0,6,14:30,15:20,Test Lab,2,1,1,1,44
Friday,cse_g2,4.0,7,15:30,16:20,Test Lab,2,1,1,0,44
Friday,cse_g2,4.0,8,16:20,17:10,Test Lab,2,1,0,0,44
Monday,,,1,08:30,09:20,Test Lab,0,0,0,0,45
Monday,,,2,09:20,10:10,Test Lab,0,0,1,0,45
Monday,cse_g1,6.0,3,10:30,11:20,Test Lab,2,0,1,1,45
Monday,cse_g1,6.0,4,11:20,12:10,Test Lab,2,1,1,1,45
Monday,cse_g2,2.0,5,13:40,14:30,Test Lab,2,1,1,1,45
Monday,cse_g2,2.0,6,14:30,15:20,Test Lab,2,1,0,1,45
Monday,,,7,15:30,16:20,Test Lab,0,1,0,0,45
Monday,,,8,16:20,17:10,Test Lab,0,0,0,0,45
Tuesday,cse_g1,4.0,1,08:30,09:20,Test Lab,4,0,1,1,45
Tuesday,cse_g1,4.0,2,09:20,10:10,Test Lab,4,1,1,1,45
Tuesday,cse_g1,4.0,3,10:30,11:20,Test Lab,4,1,1,1,45
Tuesday,cse_g1,4.0,4,11:20,12:10,Test Lab,4,1,1,1,45
Tuesday,cse_aiml,6.0,5,13:40,14:30,Test Lab,4,1,1,0,45
Tuesday,cse_aiml,6.0,6,14:30,15:20,Test Lab,4,1,1,0,45
Tuesday,cse_aiml,6.0,7,15:30,16:20,Test Lab,4,1,1,1,45
Tuesday,cse_aiml,6.0,8,16:20,17:10,Test Lab,4,1,0,1,45
Wednesday,,,1,08:30,09:20,Test Lab,0,0,1,0,45
Wednesday,cse_g2,6.0,2,09:20,10:10,Test Lab,2,0,1,1,45
Wednesday,cse_g2,6.0,3,10:30,11:20,Test Lab,2,1,0,1,45
Wednesday,,,4,11:20,12:10,Test Lab,0,1,1,0,45
Wednesday,cse_g1,2.0,5,13:40,14:30,Test Lab,2,0,1,1,45
Wednesday,cse_g1,2.0,6,14:30,15:20,Test Lab,2,1,1,1,45
Wednesday,cse_g1,8.0,7,15:30,16:20,Test Lab,2,1,1,1,45
Wednesday,cse_g1,8.0,8,16:20,17:10,Test Lab,2,1,0,1,45
Thursday,,,1,08:30,09:20,Test Lab,0,0,0,0,45
Thursday,,,2,09:20,10:10,Test Lab,0,0,1,0,45
Thursday,cse_g2,8.0,3,10:30,11:20,Test Lab,2,0,1,1,45
Thursday,cse_g2,8.0,4,11:20,12:10,Test Lab,2,1,1,1,45
Thursday,cse_g1,6.0,5,13:40,14:30,Test Lab,4,1,1,1,45
Thursday,cse_g1,6.0,6,14:30,15:20,Test Lab,4,1,1,1,45
Thursday,cse_g1,6.0,7,15:30,16:20,Test Lab,4,1,1,1,45
Thursday,cse_g1,6.0,8,16:20,17:10,Test Lab,4,1,0,1,45
Friday,cse_aiml,6.0,1,08:30,09:20,Test Lab,4,0,1,1,45
Friday,cse_aiml,6.0,2,09:20,10:10,Test Lab,4,1,1,1,45
Friday,cse_aiml,6.0,3,10:30,11:20,Test Lab,4,1,1,1,45
Friday,cse_aiml,6.0,4,11:20,12:10,Test Lab,4,1,1,1,45
Friday,cse_g1,6.0,5,13:40,14:30,Test Lab,2,1,1,1,45
Friday,cse_g1,6.0,6,14:30,15:20,Test Lab,2,1,1,1,45
Friday,cse_g2,4.0,7,15:30,16:20,Test Lab,2,1,1,0,45
Friday,cse_g2,4.0,8,16:20,17:10,Test Lab,2,1,0,1,45
Monday,,,1,08:30,09:20,Test Lab,0,0,0,0,46
Monday,,,2,09:20,10:10,Test Lab,0,0,1,0,46
Monday,cse_g1,6.0,3,10:30,11:20,Test Lab,2,0,1,1,46
Monday,cse_g1,6.0,4,11:20,12:10,Test Lab,2,1,1,1,46
Monday,cse_g2,2.0,5,13:40,14:30,Test Lab,2,1,1,1,46
Monday,cse_g2,2.0,6,14:30,15:20,Test Lab,2,1,0,1,46
Monday,,,7,15:30,16:20,Test Lab,0,1,0,0,46
Monday,,,8,16:20,17:10,Test Lab,0,0,0,0,46
Tuesday,cse_g1,4.0,1,08:30,09:20,Test Lab,4,0,1,1,46
Tuesday,cse_g1,4.0,2,09:20,10:10,Test Lab,4,1,1,1,46
Tuesday,cse_g1,4.0,3,10:30,11:20,Test Lab,4,1,1,1,46
Tuesday,cse_g1,4.0,4,11:20,12:10,Test Lab,4,1,1,1,46
Tuesday,cse_aiml,6.0,5,13:40,14:30,Test Lab,4,1,1,1,46
Tuesday,cse_aiml,6.0,6,14:30,15:20,Test Lab,4,1,1,1,46
Tuesday,cse_aiml,6.0,7,15:30,16:20,Test Lab,4,1,1,0,46
Tuesday,cse_aiml,6.0,8,16:20,17:10,Test Lab,4,1,0,1,46
Wednesday,,,1,08:30,09:20,Test Lab,0,0,1,0,46
Wednesday,cse_g2,6.0,2,09:20,10:10,Test Lab,2,0,1,1,46
Wednesday,cse_g2,6.0,3,10:30,11:20,Test Lab,2,1,0,1,46
Wednesday,,,4,11:20,12:10,Test Lab,0,1,1,0,46
Wednesday,cse_g1,2.0,5,13:40,14:30,Test Lab,2,0,1,1,46
Wednesday,cse_g1,2.0,6,14:30,15:20,Test Lab,2,1,1,1,46
Wednesday,cse_g1,8.0,7,15:30,16:20,Test Lab,2,1,1,1,46
Wednesday,cse_g1,8.0,8,16:20,17:10,Test Lab,2,1,0,1,46
Thursday,,,1,08:30,09:20,Test Lab,0,0,0,0,46
Thursday,,,2,09:20,10:10,Test Lab,0,0,1,0,46
Thursday,cse_g2,8.0,3,10:30,11:20,Test Lab,2,0,1,1,46
Thursday,cse_g2,8.0,4,11:20,12:10,Test Lab,2,1,1,1,46
Thursday,cse_g1,6.0,5,13:40,14:30,Test Lab,4,1,1,1,46
Thursday,cse_g1,6.0,6,14:30,15:20,Test Lab,4,1,1,1,46
Thursday,cse_g1,6.0,7,15:30,16:20,Test Lab,4,1,1,1,46
Thursday,cse_g1,6.0,8,16:20,17:10,Test Lab,4,1,0,1,46
Friday,cse_aiml,6.0,1,08:30,09:20,Test Lab,4,0,1,0,46
Friday,cse_aiml,6.0,2,09:20,10:10,Test Lab,4,1,1,1,46
Friday,cse_aiml,6.0,3,10:30,11:20,Test Lab,4,1,1,1,46
Friday,cse_aiml,6.0,4,11:20,12:10,Test Lab,4,1,1,1,46
Friday,cse_g1,6.0,5,13:40,14:30,Test Lab,2,1,1,1,46
Friday,cse_g1,6.0,6,14:30,15:20,Test Lab,2,1,1,1,46
Friday,cse_g2,4.0,7,15:30,16:20,Test Lab,2,1,1,1,46
Friday,cse_g2,4.0,8,16:20,17:10,Test Lab,2,1,0,1,46
Monday,,,1,08:30,09:20,Test Lab,0,0,0,0,47
Monday,,,2,09:20,10:10,Test Lab,0,0,1,0,47
Monday,cse_g1,6.0,3,10:30,11:20,Test Lab,2,0,1,0,47
Monday,cse_g1,6.0,4,11:20,12:10,Test Lab,2,1,1,1,47
Monday,cse_g2,2.0,5,13:40,14:30,Test Lab,2,1,1,1,47
Monday,cse_g2,2.0,6,14:30,15:20,Test Lab,2,1,0,1,47
Monday,,,7,15:30,16:20,Test Lab,0,1,0,0,47
Monday,,,8,16:20,17:10,Test Lab,0,0,0,0,47
Tuesday,cse_g1,4.0,1,08:30,09:20,Test Lab,4,0,1,1,47
Tuesday,cse_g1,4.0,2,09:20,10:10,Test Lab,4,1,1,1,47
Tuesday,cse_g1,4.0,3,10:30,11:20,Test Lab,4,1,1,1,47
Tuesday,cse_g1,4.0,4,11:20,12:10,Test Lab,4,1,1,1,47
Tuesday,cse_aiml,6.0,5,13:40,14:30,Test Lab,4,1,1,1,47
Tuesday,cse_aiml,6.0,6,14:30,15:20,Test Lab,4,1,1,1,47
Tuesday,cse_aiml,6.0,7,15:30,16:20,Test Lab,4,1,1,1,47
Tuesday,cse_aiml,6.0,8,16:20,17:10,Test Lab,4,1,0,1,47
Wednesday,,,1,08:30,09:20,Test Lab,0,0,1,0,47
Wednesday,cse_g2,6.0,2,09:20,10:10,Test Lab,2,0,1,1,47
Wednesday,cse_g2,6.0,3,10:30,11:20,Test Lab,2,1,0,1,47
Wednesday,,,4,11:20,12:10,Test Lab,0,1,1,0,47
Wednesday,cse_g1,2.0,5,13:40,14:30,Test Lab,2,0,1,1,47
Wednesday,cse_g1,2.0,6,14:30,15:20,Test Lab,2,1,1,1,47
Wednesday,cse_g1,8.0,7,15:30,16:20,Test Lab,2,1,1,1,47
Wednesday,cse_g1,8.0,8,16:20,17:10,Test Lab,2,1,0,1,47
Thursday,,,1,08:30,09:20,Test Lab,0,0,0,0,47
Thursday,,,2,09:20,10:10,Test Lab,0,0,1,0,47
Thursday,cse_g2,8.0,3,10:30,11:20,Test Lab,2,0,1,1,47
Thursday,cse_g2,8.0,4,11:20,12:10,Test Lab,2,1,1,1,47
Thursday,cse_g1,6.0,5,13:40,14:30,Test Lab,4,1,1,1,47
Thursday,cse_g1,6.0,6,14:30,15:20,Test Lab,4,1,1,1,47
Thursday,cse_g1,6.0,7,15:30,16:20,Test Lab,4,1,1,1,47
Thursday,cse_g1,6.0,8,16:20,17:10,Test Lab,4,1,0,1,47
Friday,cse_aiml,6.0,1,08:30,09:20,Test Lab,4,0,1,1,47
Friday,cse_aiml,6.0,2,09:20,10:10,Test Lab,4,1,1,1,47
Friday,cse_aiml,6.0,3,10:30,11:20,Test Lab,4,1,1,1,47
Friday,cse_aiml,6.0,4,11:20,12:10,Test Lab,4,1,1,1,47
Friday,cse_g1,6.0,5,13:40,14:30,Test Lab,2,1,1,1,47
Friday,cse_g1,6.0,6,14:30,15:20,Test Lab,2,1,1,1,47
Friday,cse_g2,4.0,7,15:30,16:20,Test Lab,2,1,1,1,47
Friday,cse_g2,4.0,8,16:20,17:10,Test Lab,2,1,0,1,47
Monday,,,1,08:30,09:20,Test Lab,0,0,0,0,48
Monday,,,2,09:20,10:10,Test Lab,0,0,1,0,48
Monday,cse_g1,6.0,3,10:30,11:20,Test Lab,2,0,1,1,48
Monday,cse_g1,6.0,4,11:20,12:10,Test Lab,2,1,1,1,48
Monday,cse_g2,2.0,5,13:40,14:30,Test Lab,2,1,1,1,48
Monday,cse_g2,2.0,6,14:30,15:20,Test Lab,2,1,0,1,48
Monday,,,7,15:30,16:20,Test Lab,0,1,0,0,48
Monday,,,8,16:20,17:10,Test Lab,0,0,0,0,48
Tuesday,cse_g1,4.0,1,08:30,09:20,Test Lab,4,0,1,1,48
Tuesday,cse_g1,4.0,2,09:20,10:10,Test Lab,4,1,1,1,48
Tuesday,cse_g1,4.0,3,10:30,11:20,Test Lab,4,1,1,1,48
Tuesday,cse_g1,4.0,4,11:20,12:10,Test Lab,4,1,1,0,48
Tuesday,cse_aiml,6.0,5,13:40,14:30,Test Lab,4,1,1,1,48
Tuesday,cse_aiml,6.0,6,14:30,15:20,Test Lab,4,1,1,1,48
Tuesday,cse_aiml,6.0,7,15:30,16:20,Test Lab,4,1,1,1,48
Tuesday,cse_aiml,6.0,8,16:20,17:10,Test Lab,4,1,0,1,48
Wednesday,,,1,08:30,09:20,Test Lab,0,0,1,0,48
Wednesday,cse_g2,6.0,2,09:20,10:10,Test Lab,2,0,1,1,48
Wednesday,cse_g2,6.0,3,10:30,11:20,Test Lab,2,1,0,1,48
Wednesday,,,4,11:20,12:10,Test Lab,0,1,1,0,48
Wednesday,cse_g1,2.0,5,13:40,14:30,Test Lab,2,0,1,1,48
Wednesday,cse_g1,2.0,6,14:30,15:20,Test Lab,2,1,1,1,48
Wednesday,cse_g1,8.0,7,15:30,16:20,Test Lab,2,1,1,1,48
Wednesday,cse_g1,8.0,8,16:20,17:10,Test Lab,2,1,0,1,48
Thursday,,,1,08:30,09:20,Test Lab,0,0,0,0,48
Thursday,,,2,09:20,10:10,Test Lab,0,0,1,0,48
Thursday,cse_g2,8.0,3,10:30,11:20,Test Lab,2,0,1,1,48
Thursday,cse_g2,8.0,4,11:20,12:10,Test Lab,2,1,1,1,48
Thursday,cse_g1,6.0,5,13:40,14:30,Test Lab,4,1,1,1,48
Thursday,cse_g1,6.0,6,14:30,15:20,Test Lab,4,1,1,1,48
Thursday,cse_g1,6.0,7,15:30,16:20,Test Lab,4,1,1,1,48
Thursday,cse_g1,6.0,8,16:20,17:10,Test Lab,4,1,0,1,48
Friday,cse_aiml,6.0,1,08:30,09:20,Test Lab,4,0,1,1,48
Friday,cse_aiml,6.0,2,09:20,10:10,Test Lab,4,1,1,1,48
Friday,cse_aiml,6.0,3,10:30,11:20,Test Lab,4,1,1,1,48
Friday,cse_aiml,6.0,4,11:20,12:10,Test Lab,4,1,1,1,48
Friday,cse_g1,6.0,5,13:40,14:30,Test Lab,2,1,1,1,48
Friday,cse_g1,6.0,6,14:30,15:20,Test Lab,2,1,1,1,48
Friday,cse_g2,4.0,7,15:30,16:20,Test Lab,2,1,1,0,48
Friday,cse_g2,4.0,8,16:20,17:10,Test Lab,2,1,0,1,48
Monday,,,1,08:30,09:20,Test Lab,0,0,0,0,49
Monday,,,2,09:20,10:10,Test Lab,0,0,1,0,49
Monday,cse_g1,6.0,3,10:30,11:20,Test Lab,2,0,1,1,49
Monday,cse_g1,6.0,4,11:20,12:10,Test Lab,2,1,1,1,49
Monday,cse_g2,2.0,5,13:40,14:30,Test Lab,2,1,1,1,49
Monday,cse_g2,2.0,6,14:30,15:20,Test Lab,2,1,0,1,49
Monday,,,7,15:30,16:20,Test Lab,0,1,0,0,49
Monday,,,8,16:20,17:10,Test Lab,0,0,0,0,49
Tuesday,cse_g1,4.0,1,08:30,09:20,Test Lab,4,0,1,1,49
Tuesday,cse_g1,4.0,2,09:20,10:10,Test Lab,4,1,1,1,49
Tuesday,cse_g1,4.0,3,10:30,11:20,Test Lab,4,1,1,1,49
Tuesday,cse_g1,4.0,4,11:20,12:10,Test Lab,4,1,1,1,49
Tuesday,cse_aiml,6.0,5,13:40,14:30,Test Lab,4,1,1,1,49
Tuesday,cse_aiml,6.0,6,14:30,15:20,Test Lab,4,1,1,1,49
Tuesday,cse_aiml,6.0,7,15:30,16:20,Test Lab,4,1,1,1,49
Tuesday,cse_aiml,6.0,8,16:20,17:10,Test Lab,4,1,0,1,49
Wednesday,,,1,08:30,09:20,Test Lab,0,0,1,0,49
Wednesday,cse_g2,6.0,2,09:20,10:10,Test Lab,2,0,1,1,49
Wednesday,cse_g2,6.0,3,10:30,11:20,Test Lab,2,1,0,1,49
Wednesday,,,4,11:20,12:10,Test Lab,0,1,1,0,49
Wednesday,cse_g1,2.0,5,13:40,14:30,Test Lab,2,0,1,1,49
Wednesday,cse_g1,2.0,6,14:30,15:20,Test Lab,2,1,1,1,49
Wednesday,cse_g1,8.0,7,15:30,16:20,Test Lab,2,1,1,1,49
Wednesday,cse_g1,8.0,8,16:20,17:10,Test Lab,2,1,0,1,49
Thursday,,,1,08:30,09:20,Test Lab,0,0,0,0,49
Thursday,,,2,09:20,10:10,Test Lab,0,0,1,0,49
Thursday,cse_g2,8.0,3,10:30,11:20,Test Lab,2,0,1,1,49
Thursday,cse_g2,8.0,4,11:20,12:10,Test Lab,2,1,1,1,49
Thursday,cse_g1,6.0,5,13:40,14:30,Test Lab,4,1,1,1,49
Thursday,cse_g1,6.0,6,14:30,15:20,Test Lab,4,1,1,1,49
Thursday,cse_g1,6.0,7,15:30,16:20,Test Lab,4,1,1,1,49
Thursday,cse_g1,6.0,8,16:20,17:10,Test Lab,4,1,0,1,49
Friday,cse_aiml,6.0,1,08:30,09:20,Test Lab,4,0,1,1,49
Friday,cse_aiml,6.0,2,09:20,10:10,Test Lab,4,1,1,1,49
Friday,cse_aiml,6.0,3,10:30,11:20,Test Lab,4,1,1,1,49
Friday,cse_aiml,6.0,4,11:20,12:10,Test Lab,4,1,1,0,49
Friday,cse_g1,6.0,5,13:40,14:30,Test Lab,2,1,1,0,49
Friday,cse_g1,6.0,6,14:30,15:20,Test Lab,2,1,1,1,49
Friday,cse_g2,4.0,7,15:30,16:20,Test Lab,2,1,1,1,49
Friday,cse_g2,4.0,8,16:20,17:10,Test Lab,2,1,0,1,49
Monday,,,1,08:30,09:20,Test Lab,0,0,0,0,50
Monday,,,2,09:20,10:10,Test Lab,0,0,1,0,50
Monday,cse_g1,6.0,3,10:30,11:20,Test Lab,2,0,1,1,50
Monday,cse_g1,6.0,4,11:20,12:10,Test Lab,2,1,1,1,50
Monday,cse_g2,2.0,5,13:40,14:30,Test Lab,2,1,1,1,50
Monday,cse_g2,2.0,6,14:30,15:20,Test Lab,2,1,0,1,50
Monday,,,7,15:30,16:20,Test Lab,0,1,0,0,50
Monday,,,8,16:20,17:10,Test Lab,0,0,0,0,50
Tuesday,cse_g1,4.0,1,08:30,09:20,Test Lab,4,0,1,1,50
Tuesday,cse_g1,4.0,2,09:20,10:10,Test Lab,4,1,1,1,50
Tuesday,cse_g1,4.0,3,10:30,11:20,Test Lab,4,1,1,1,50
Tuesday,cse_g1,4.0,4,11:20,12:10,Test Lab,4,1,1,1,50
Tuesday,cse_aiml,6.0,5,13:40,14:30,Test Lab,4,1,1,1,50
Tuesday,cse_aiml,6.0,6,14:30,15:20,Test Lab,4,1,1,1,50
Tuesday,cse_aiml,6.0,7,15:30,16:20,Test Lab,4,1,1,1,50
Tuesday,cse_aiml,6.0,8,16:20,17:10,Test Lab,4,1,0,1,50
Wednesday,,,1,08:30,09:20,Test Lab,0,0,1,0,50
Wednesday,cse_g2,6.0,2,09:20,10:10,Test Lab,2,0,1,1,50
Wednesday,cse_g2,6.0,3,10:30,11:20,Test Lab,2,1,0,1,50
Wednesday,,,4,11:20,12:10,Test Lab,0,1,1,0,50
Wednesday,cse_g1,2.0,5,13:40,14:30,Test Lab,2,0,1,1,50
Wednesday,cse_g1,2.0,6,14:30,15:20,Test Lab,2,1,1,1,50
Wednesday,cse_g1,8.0,7,15:30,16:20,Test Lab,2,1,1,1,50
Wednesday,cse_g1,8.0,8,16:20,17:10,Test Lab,2,1,0,1,50
Thursday,,,1,08:30,09:20,Test Lab,0,0,0,0,50
Thursday,,,2,09:20,10:10,Test Lab,0,0,1,0,50
Thursday,cse_g2,8.0,3,10:30,11:20,Test Lab,2,0,1,1,50
Thursday,cse_g2,8.0,4,11:20,12:10,Test Lab,2,1,1,1,50
Thursday,cse_g1,6.0,5,13:40,14:30,Test Lab,4,1,1,1,50
Thursday,cse_g1,6.0,6,14:30,15:20,Test Lab,4,1,1,1,50
Thursday,cse_g1,6.0,7,15:30,16:20,Test Lab,4,1,1,1,50
Thursday,cse_g1,6.0,8,16:20,17:10,Test Lab,4,1,0,1,50
Friday,cse_aiml,6.0,1,08:30,09:20,Test Lab,4,0,1,1,50
Friday,cse_aiml,6.0,2,09:20,10:10,Test Lab,4,1,1,1,50
Friday,cse_aiml,6.0,3,10:30,11:20,Test Lab,4,1,1,1,50
Friday,cse_aiml,6.0,4,11:20,12:10,Test Lab,4,1,1,1,50
Friday,cse_g1,6.0,5,13:40,14:30,Test Lab,2,1,1,1,50
Friday,cse_g1,6.0,6,14:30,15:20,Test Lab,2,1,1,1,50
Friday,cse_g2,4.0,7,15:30,16:20,Test Lab,2,1,1,0,50
Friday,cse_g2,4.0,8,16:20,17:10,Test Lab,2,1,0,1,50
Monday,,,1,08:30,09:20,Test Lab,0,0,0,0,51
Monday,,,2,09:20,10:10,Test Lab,0,0,1,0,51
Monday,cse_g1,6.0,3,10:30,11:20,Test Lab,2,0,1,1,51
Monday,cse_g1,6.0,4,11:20,12:10,Test Lab,2,1,1,1,51
Monday,cse_g2,2.0,5,13:40,14:30,Test Lab,2,1,1,1,51
Monday,cse_g2,2.0,6,14:30,15:20,Test Lab,2,1,0,1,51
Monday,,,7,15:30,16:20,Test Lab,0,1,0,0,51
Monday,,,8,16:20,17:10,Test Lab,0,0,0,0,51
Tuesday,cse_g1,4.0,1,08:30,09:20,Test Lab,4,0,1,1,51
Tuesday,cse_g1,4.0,2,09:20,10:10,Test Lab,4,1,1,1,51
Tuesday,cse_g1,4.0,3,10:30,11:20,Test Lab,4,1,1,1,51
Tuesday,cse_g1,4.0,4,11:20,12:10,Test Lab,4,1,1,0,51
Tuesday,cse_aiml,6.0,5,13:40,14:30,Test Lab,4,1,1,1,51
Tuesday,cse_aiml,6.0,6,14:30,15:20,Test Lab,4,1,1,1,51
Tuesday,cse_aiml,6.0,7,15:30,16:20,Test Lab,4,1,1,1,51
Tuesday,cse_aiml,6.0,8,16:20,17:10,Test Lab,4,1,0,1,51
Wednesday,,,1,08:30,09:20,Test Lab,0,0,1,0,51
Wednesday,cse_g2,6.0,2,09:20,10:10,Test Lab,2,0,1,0,51
Wednesday,cse_g2,6.0,3,10:30,11:20,Test Lab,2,1,0,1,51
Wednesday,,,4,11:20,12:10,Test Lab,0,1,1,0,51
Wednesday,cse_g1,2.0,5,13:40,14:30,Test Lab,2,0,1,1,51
Wednesday,cse_g1,2.0,6,14:30,15:20,Test Lab,2,1,1,1,51
Wednesday,cse_g1,8.0,7,15:30,16:20,Test Lab,2,1,1,0,51
Wednesday,cse_g1,8.0,8,16:20,17:10,Test Lab,2,1,0,1,51
Thursday,,,1,08:30,09:20,Test Lab,0,0,0,0,51
Thursday,,,2,09:20,10:10,Test Lab,0,0,1,0,51
Thursday,cse_g2,8.0,3,10:30,11:20,Test Lab,2,0,1,1,51
Thursday,cse_g2,8.0,4,11:20,12:10,Test Lab,2,1,1,0,51
Thursday,cse_g1,6.0,5,13:40,14:30,Test Lab,4,1,1,0,51
Thursday,cse_g1,6.0,6,14:30,15:20,Test Lab,4,1,1,1,51
Thursday,cse_g1,6.0,7,15:30,16:20,Test Lab,4,1,1,1,51
Thursday,cse_g1,6.0,8,16:20,17:10,Test Lab,4,1,0,1,51
Friday,cse_aiml,6.0,1,08:30,09:20,Test Lab,4,0,1,1,51
Friday,cse_aiml,6.0,2,09:20,10:10,Test Lab,4,1,1,1,51
Friday,cse_aiml,6.0,3,10:30,11:20,Test Lab,4,1,1,1,51
Friday,cse_aiml,6.0,4,11:20,12:10,Test Lab,4,1,1,1,51
Friday,cse_g1,6.0,5,13:40,14:30,Test Lab,2,1,1,1,51
Friday,cse_g1,6.0,6,14:30,15:20,Test Lab,2,1,1,1,51
Friday,cse_g2,4.0,7,15:30,16:20,Test Lab,2,1,1,1,51
Friday,cse_g2,4.0,8,16:20,17:10,Test Lab,2,1,0,0,51
Monday,,,1,08:30,09:20,Test Lab,0,0,0,0,52
Monday,,,2,09:20,10:10,Test Lab,0,0,1,0,52
Monday,cse_g1,6.0,3,10:30,11:20,Test Lab,2,0,1,1,52
Monday,cse_g1,6.0,4,11:20,12:10,Test Lab,2,1,1,1,52
Monday,cse_g2,2.0,5,13:40,14:30,Test Lab,2,1,1,1,52
Monday,cse_g2,2.0,6,14:30,15:20,Test Lab,2,1,0,1,52
Monday,,,7,15:30,16:20,Test Lab,0,1,0,0,52
Monday,,,8,16:20,17:10,Test Lab,0,0,0,1,52
Tuesday,cse_g1,4.0,1,08:30,09:20,Test Lab,4,0,1,1,52
Tuesday,cse_g1,4.0,2,09:20,10:10,Test Lab,4,1,1,1,52
Tuesday,cse_g1,4.0,3,10:30,11:20,Test Lab,4,1,1,1,52
Tuesday,cse_g1,4.0,4,11:20,12:10,Test Lab,4,1,1,1,52
Tuesday,cse_aiml,6.0,5,13:40,14:30,Test Lab,4,1,1,1,52
Tuesday,cse_aiml,6.0,6,14:30,15:20,Test Lab,4,1,1,1,52
Tuesday,cse_aiml,6.0,7,15:30,16:20,Test Lab,4,1,1,1,52
Tuesday,cse_aiml,6.0,8,16:20,17:10,Test Lab,4,1,0,1,52
Wednesday,,,1,08:30,09:20,Test Lab,0,0,1,0,52
Wednesday,cse_g2,6.0,2,09:20,10:10,Test Lab,2,0,1,1,52
Wednesday,cse_g2,6.0,3,10:30,11:20,Test Lab,2,1,0,1,52
Wednesday,,,4,11:20,12:10,Test Lab,0,1,1,0,52
Wednesday,cse_g1,2.0,5,13:40,14:30,Test Lab,2,0,1,1,52
Wednesday,cse_g1,2.0,6,14:30,15:20,Test Lab,2,1,1,1,52
Wednesday,cse_g1,8.0,7,15:30,16:20,Test Lab,2,1,1,1,52
Wednesday,cse_g1,8.0,8,16:20,17:10,Test Lab,2,1,0,1,52
Thursday,,,1,08:30,09:20,Test Lab,0,0,0,0,52
Thursday,,,2,09:20,10:10,Test Lab,0,0,1,0,52
Thursday,cse_g2,8.0,3,10:30,11:20,Test Lab,2,0,1,1,52
Thursday,cse_g2,8.0,4,11:20,12:10,Test Lab,2,1,1,1,52
Thursday,cse_g1,6.0,5,13:40,14:30,Test Lab,4,1,1,1,52
Thursday,cse_g1,6.0,6,14:30,15:20,Test Lab,4,1,1,1,52
Thursday,cse_g1,6.0,7,15:30,16:20,Test Lab,4,1,1,1,52
Thursday,cse_g1,6.0,8,16:20,17:10,Test Lab,4,1,0,1,52
Friday,cse_aiml,6.0,1,08:30,09:20,Test Lab,4,0,1,1,52
Friday,cse_aiml,6.0,2,09:20,10:10,Test Lab,4,1,1,1,52
Friday,cse_aiml,6.0,3,10:30,11:20,Test Lab,4,1,1,1,52
Friday,cse_aiml,6.0,4,11:20,12:10,Test Lab,4,1,1,1,52
Friday,cse_g1,6.0,5,13:40,14:30,Test Lab,2,1,1,1,52
Friday,cse_g1,6.0,6,14:30,15:20,Test Lab,2,1,1,1,52
Friday,cse_g2,4.0,7,15:30,16:20,Test Lab,2,1,1,1,52
Friday,cse_g2,4.0,8,16:20,17:10,Test Lab,2,1,0,1,52
Monday,,,1,08:30,09:20,Test Lab,0,0,0,0,53
Monday,,,2,09:20,10:10,Test Lab,0,0,1,0,53
Monday,cse_g1,6.0,3,10:30,11:20,Test Lab,2,0,1,1,53
Monday,cse_g1,6.0,4,11:20,12:10,Test Lab,2,1,1,1,53
Monday,cse_g2,2.0,5,13:40,14:30,Test Lab,2,1,1,1,53
Monday,cse_g2,2.0,6,14:30,15:20,Test Lab,2,1,0,0,53
Monday,,,7,15:30,16:20,Test Lab,0,1,0,0,53
Monday,,,8,16:20,17:10,Test Lab,0,0,0,0,53
Tuesday,cse_g1,4.0,1,08:30,09:20,Test Lab,4,0,1,1,53
Tuesday,cse_g1,4.0,2,09:20,10:10,Test Lab,4,1,1,1,53
Tuesday,cse_g1,4.0,3,10:30,11:20,Test Lab,4,1,1,1,53
Tuesday,cse_g1,4.0,4,11:20,12:10,Test Lab,4,1,1,1,53
Tuesday,cse_aiml,6.0,5,13:40,14:30,Test Lab,4,1,1,1,53
Tuesday,cse_aiml,6.0,6,14:30,15:20,Test Lab,4,1,1,1,53
Tuesday,cse_aiml,6.0,7,15:30,16:20,Test Lab,4,1,1,1,53
Tuesday,cse_aiml,6.0,8,16:20,17:10,Test Lab,4,1,0,1,53
Wednesday,,,1,08:30,09:20,Test Lab,0,0,1,0,53
Wednesday,cse_g2,6.0,2,09:20,10:10,Test Lab,2,0,1,1,53
Wednesday,cse_g2,6.0,3,10:30,11:20,Test Lab,2,1,0,0,53
Wednesday,,,4,11:20,12:10,Test Lab,0,1,1,0,53
Wednesday,cse_g1,2.0,5,13:40,14:30,Test Lab,2,0,1,1,53
Wednesday,cse_g1,2.0,6,14:30,15:20,Test Lab,2,1,1,1,53
Wednesday,cse_g1,8.0,7,15:30,16:20,Test Lab,2,1,1,1,53
Wednesday,cse_g1,8.0,8,16:20,17:10,Test Lab,2,1,0,1,53
Thursday,,,1,08:30,09:20,Test Lab,0,0,0,0,53
Thursday,,,2,09:20,10:10,Test Lab,0,0,1,0,53
Thursday,cse_g2,8.0,3,10:30,11:20,Test Lab,2,0,1,1,53
Thursday,cse_g2,8.0,4,11:20,12:10,Test Lab,2,1,1,0,53
Thursday,cse_g1,6.0,5,13:40,14:30,Test Lab,4,1,1,1,53
Thursday,cse_g1,6.0,6,14:30,15:20,Test Lab,4,1,1,1,53
Thursday,cse_g1,6.0,7,15:30,16:20,Test Lab,4,1,1,1,53
Thursday,cse_g1,6.0,8,16:20,17:10,Test Lab,4,1,0,1,53
Friday,cse_aiml,6.0,1,08:30,09:20,Test Lab,4,0,1,1,53
Friday,cse_aiml,6.0,2,09:20,10:10,Test Lab,4,1,1,0,53
Friday,cse_aiml,6.0,3,10:30,11:20,Test Lab,4,1,1,0,53
Friday,cse_aiml,6.0,4,11:20,12:10,Test Lab,4,1,1,1,53
Friday,cse_g1,6.0,5,13:40,14:30,Test Lab,2,1,1,1,53
Friday,cse_g1,6.0,6,14:30,15:20,Test Lab,2,1,1,0,53
Friday,cse_g2,4.0,7,15:30,16:20,Test Lab,2,1,1,1,53
Friday,cse_g2,4.0,8,16:20,17:10,Test Lab,2,1,0,1,53
Monday,,,1,08:30,09:20,Test Lab,0,0,0,1,54
Monday,,,2,09:20,10:10,Test Lab,0,0,1,0,54
Monday,cse_g1,6.0,3,10:30,11:20,Test Lab,2,0,1,1,54
Monday,cse_g1,6.0,4,11:20,12:10,Test Lab,2,1,1,1,54
Monday,cse_g2,2.0,5,13:40,14:30,Test Lab,2,1,1,1,54
Monday,cse_g2,2.0,6,14:30,15:20,Test Lab,2,1,0,1,54
Monday,,,7,15:30,16:20,Test Lab,0,1,0,0,54
Monday,,,8,16:20,17:10,Test Lab,0,0,0,0,54
Tuesday,cse_g1,4.0,1,08:30,09:20,Test Lab,4,0,1,1,54
Tuesday,cse_g1,4.0,2,09:20,10:10,Test Lab,4,1,1,1,54
Tuesday,cse_g1,4.0,3,10:30,11:20,Test Lab,4,1,1,1,54
Tuesday,cse_g1,4.0,4,11:20,12:10,Test Lab,4,1,1,1,54
Tuesday,cse_aiml,6.0,5,13:40,14:30,Test Lab,4,1,1,1,54
Tuesday,cse_aiml,6.0,6,14:30,15:20,Test Lab,4,1,1,1,54
Tuesday,cse_aiml,6.0,7,15:30,16:20,Test Lab,4,1,1,1,54
Tuesday,cse_aiml,6.0,8,16:20,17:10,Test Lab,4,1,0,1,54
Wednesday,,,1,08:30,09:20,Test Lab,0,0,1,0,54
Wednesday,cse_g2,6.0,2,09:20,10:10,Test Lab,2,0,1,1,54
Wednesday,cse_g2,6.0,3,10:30,11:20,Test Lab,2,1,0,1,54
Wednesday,,,4,11:20,12:10,Test Lab,0,1,1,1,54
Wednesday,cse_g1,2.0,5,13:40,14:30,Test Lab,2,0,1,1,54
Wednesday,cse_g1,2.0,6,14:30,15:20,Test Lab,2,1,1,1,54
Wednesday,cse_g1,8.0,7,15:30,16:20,Test Lab,2,1,1,1,54
Wednesday,cse_g1,8.0,8,16:20,17:10,Test Lab,2,1,0,1,54
Thursday,,,1,08:30,09:20,Test Lab,0,0,0,0,54
Thursday,,,2,09:20,10:10,Test Lab,0,0,1,0,54
Thursday,cse_g2,8.0,3,10:30,11:20,Test Lab,2,0,1,1,54
Thursday,cse_g2,8.0,4,11:20,12:10,Test Lab,2,1,1,1,54
Thursday,cse_g1,6.0,5,13:40,14:30,Test Lab,4,1,1,1,54
Thursday,cse_g1,6.0,6,14:30,15:20,Test Lab,4,1,1,1,54
Thursday,cse_g1,6.0,7,15:30,16:20,Test Lab,4,1,1,1,54
Thursday,cse_g1,6.0,8,16:20,17:10,Test Lab,4,1,0,1,54
Friday,cse_aiml,6.0,1,08:30,09:20,Test Lab,4,0,1,1,54
Friday,cse_aiml,6.0,2,09:20,10:10,Test Lab,4,1,1,1,54
Friday,cse_aiml,6.0,3,10:30,11:20,Test Lab,4,1,1,1,54
Friday,cse_aiml,6.0,4,11:20,12:10,Test Lab,4,1,1,1,54
Friday,cse_g1,6.0,5,13:40,14:30,Test Lab,2,1,1,1,54
Friday,cse_g1,6.0,6,14:30,15:20,Test Lab,2,1,1,1,54
Friday,cse_g2,4.0,7,15:30,16:20,Test Lab,2,1,1,0,54
Friday,cse_g2,4.0,8,16:20,17:10,Test Lab,2,1,0,1,54
Monday,,,1,08:30,09:20,Test Lab,0,0,0,0,55
Monday,,,2,09:20,10:10,Test Lab,0,0,1,0,55
Monday,cse_g1,6.0,3,10:30,11:20,Test Lab,2,0,1,0,55
Monday,cse_g1,6.0,4,11:20,12:10,Test Lab,2,1,1,1,55
Monday,cse_g2,2.0,5,13:40,14:30,Test Lab,2,1,1,1,55
Monday,cse_g2,2.0,6,14:30,15:20,Test Lab,2,1,0,1,55
Monday,,,7,15:30,16:20,Test Lab,0,1,0,0,55
Monday,,,8,16:20,17:10,Test Lab,0,0,0,0,55
Tuesday,cse_g1,4.0,1,08:30,09:20,Test Lab,4,0,1,1,55
Tuesday,cse_g1,4.0,2,09:20,10:10,Test Lab,4,1,1,1,55
Tuesday,cse_g1,4.0,3,10:30,11:20,Test Lab,4,1,1,1,55
Tuesday,cse_g1,4.0,4,11:20,12:10,Test Lab,4,1,1,1,55
Tuesday,cse_aiml,6.0,5,13:40,14:30,Test Lab,4,1,1,1,55
Tuesday,cse_aiml,6.0,6,14:30,15:20,Test Lab,4,1,1,1,55
Tuesday,cse_aiml,6.0,7,15:30,16:20,Test Lab,4,1,1,1,55
Tuesday,cse_aiml,6.0,8,16:20,17:10,Test Lab,4,1,0,1,55
Wednesday,,,1,08:30,09:20,Test Lab,0,0,1,0,55
Wednesday,cse_g2,6.0,2,09:20,10:10,Test Lab,2,0,1,1,55
Wednesday,cse_g2,6.0,3,10:30,11:20,Test Lab,2,1,0,1,55
Wednesday,,,4,11:20,12:10,Test Lab,0,1,1,0,55
Wednesday,cse_g1,2.0,5,13:40,14:30,Test Lab,2,0,1,1,55
Wednesday,cse_g1,2.0,6,14:30,15:20,Test Lab,2,1,1,1,55
Wednesday,cse_g1,8.0,7,15:30,16:20,Test Lab,2,1,1,1,55
Wednesday,cse_g1,8.0,8,16:20,17:10,Test Lab,2,1,0,1,55
Thursday,,,1,08:30,09:20,Test Lab,0,0,0,0,55
Thursday,,,2,09:20,10:10,Test Lab,0,0,1,0,55
Thursday,cse_g2,8.0,3,10:30,11:20,Test Lab,2,0,1,1,55
Thursday,cse_g2,8.0,4,11:20,12:10,Test Lab,2,1,1,1,55
Thursday,cse_g1,6.0,5,13:40,14:30,Test Lab,4,1,1,1,55
Thursday,cse_g1,6.0,6,14:30,15:20,Test Lab,4,1,1,1,55
Thursday,cse_g1,6.0,7,15:30,16:20,Test Lab,4,1,1,1,55
Thursday,cse_g1,6.0,8,16:20,17:10,Test Lab,4,1,0,1,55
Friday,cse_aiml,6.0,1,08:30,09:20,Test Lab,4,0,1,1,55
Friday,cse_aiml,6.0,2,09:20,10:10,Test Lab,4,1,1,1,55
Friday,cse_aiml,6.0,3,10:30,11:20,Test Lab,4,1,1,1,55
Friday,cse_aiml,6.0,4,11:20,12:10,Test Lab,4,1,1,1,55
Friday,cse_g1,6.0,5,13:40,14:30,Test Lab,2,1,1,1,55
Friday,cse_g1,6.0,6,14:30,15:20,Test Lab,2,1,1,1,55
Friday,cse_g2,4.0,7,15:30,16:20,Test Lab,2,1,1,1,55
Friday,cse_g2,4.0,8,16:20,17:10,Test Lab,2,1,0,1,55
Monday,,,1,08:30,09:20,Test Lab,0,0,0,0,56
Monday,,,2,09:20,10:10,Test Lab,0,0,1,0,56
Monday,cse_g1,6.0,3,10:30,11:20,Test Lab,2,0,1,1,56
Monday,cse_g1,6.0,4,11:20,12:10,Test Lab,2,1,1,1,56
Monday,cse_g2,2.0,5,13:40,14:30,Test Lab,2,1,1,1,56
Monday,cse_g2,2.0,6,14:30,15:20,Test Lab,2,1,0,1,56
Monday,,,7,15:30,16:20,Test Lab,0,1,0,0,56
Monday,,,8,16:20,17:10,Test Lab,0,0,0,1,56
Tuesday,cse_g1,4.0,1,08:30,09:20,Test Lab,4,0,1,1,56
Tuesday,cse_g1,4.0,2,09:20,10:10,Test Lab,4,1,1,1,56
Tuesday,cse_g1,4.0,3,10:30,11:20,Test Lab,4,1,1,1,56
Tuesday,cse_g1,4.0,4,11:20,12:10,Test Lab,4,1,1,1,56
Tuesday,cse_aiml,6.0,5,13:40,14:30,Test Lab,4,1,1,1,56
Tuesday,cse_aiml,6.0,6,14:30,15:20,Test Lab,4,1,1,1,56
Tuesday,cse_aiml,6.0,7,15:30,16:20,Test Lab,4,1,1,1,56
Tuesday,cse_aiml,6.0,8,16:20,17:10,Test Lab,4,1,0,1,56
Wednesday,,,1,08:30,09:20,Test Lab,0,0,1,0,56
Wednesday,cse_g2,6.0,2,09:20,10:10,Test Lab,2,0,1,1,56
Wednesday,cse_g2,6.0,3,10:30,11:20,Test Lab,2,1,0,0,56
Wednesday,,,4,11:20,12:10,Test Lab,0,1,1,0,56
Wednesday,cse_g1,2.0,5,13:40,14:30,Test Lab,2,0,1,0,56
Wednesday,cse_g1,2.0,6,14:30,15:20,Test Lab,2,1,1,1,56
Wednesday,cse_g1,8.0,7,15:30,16:20,Test Lab,2,1,1,1,56
Wednesday,cse_g1,8.0,8,16:20,17:10,Test Lab,2,1,0,1,56
Thursday,,,1,08:30,09:20,Test Lab,0,0,0,0,56
Thursday,,,2,09:20,10:10,Test Lab,0,0,1,0,56
Thursday,cse_g2,8.0,3,10:30,11:20,Test Lab,2,0,1,1,56
Thursday,cse_g2,8.0,4,11:20,12:10,Test Lab,2,1,1,1,56
Thursday,cse_g1,6.0,5,13:40,14:30,Test Lab,4,1,1,1,56
Thursday,cse_g1,6.0,6,14:30,15:20,Test Lab,4,1,1,1,56
Thursday,cse_g1,6.0,7,15:30,16:20,Test Lab,4,1,1,1,56
Thursday,cse_g1,6.0,8,16:20,17:10,Test Lab,4,1,0,1,56
Friday,cse_aiml,6.0,1,08:30,09:20,Test Lab,4,0,1,1,56
Friday,cse_aiml,6.0,2,09:20,10:10,Test Lab,4,1,1,1,56
Friday,cse_aiml,6.0,3,10:30,11:20,Test Lab,4,1,1,1,56
Friday,cse_aiml,6.0,4,11:20,12:10,Test Lab,4,1,1,1,56
Friday,cse_g1,6.0,5,13:40,14:30,Test Lab,2,1,1,1,56
Friday,cse_g1,6.0,6,14:30,15:20,Test Lab,2,1,1,1,56
Friday,cse_g2,4.0,7,15:30,16:20,Test Lab,2,1,1,1,56
Friday,cse_g2,4.0,8,16:20,17:10,Test Lab,2,1,0,1,56
Monday,,,1,08:30,09:20,Test Lab,0,0,0,1,57
Monday,,,2,09:20,10:10,Test Lab,0,0,1,0,57
Monday,cse_g1,6.0,3,10:30,11:20,Test Lab,2,0,1,1,57
Monday,cse_g1,6.0,4,11:20,12:10,Test Lab,2,1,1,1,57
Monday,cse_g2,2.0,5,13:40,14:30,Test Lab,2,1,1,1,57
Monday,cse_g2,2.0,6,14:30,15:20,Test Lab,2,1,0,1,57
Monday,,,7,15:30,16:20,Test Lab,0,1,0,0,57
Monday,,,8,16:20,17:10,Test Lab,0,0,0,0,57
Tuesday,cse_g1,4.0,1,08:30,09:20,Test Lab,4,0,1,1,57
Tuesday,cse_g1,4.0,2,09:20,10:10,Test Lab,4,1,1,1,57
Tuesday,cse_g1,4.0,3,10:30,11:20,Test Lab,4,1,1,1,57
Tuesday,cse_g1,4.0,4,11:20,12:10,Test Lab,4,1,1,1,57
Tuesday,cse_aiml,6.0,5,13:40,14:30,Test Lab,4,1,1,1,57
Tuesday,cse_aiml,6.0,6,14:30,15:20,Test Lab,4,1,1,1,57
Tuesday,cse_aiml,6.0,7,15:30,16:20,Test Lab,4,1,1,1,57
Tuesday,cse_aiml,6.0,8,16:20,17:10,Test Lab,4,1,0,1,57
Wednesday,,,1,08:30,09:20,Test Lab,0,0,1,0,57
Wednesday,cse_g2,6.0,2,09:20,10:10,Test Lab,2,0,1,1,57
Wednesday,cse_g2,6.0,3,10:30,11:20,Test Lab,2,1,0,1,57
Wednesday,,,4,11:20,12:10,Test Lab,0,1,1,0,57
Wednesday,cse_g1,2.0,5,13:40,14:30,Test Lab,2,0,1,1,57
Wednesday,cse_g1,2.0,6,14:30,15:20,Test Lab,2,1,1,1,57
Wednesday,cse_g1,8.0,7,15:30,16:20,Test Lab,2,1,1,1,57
Wednesday,cse_g1,8.0,8,16:20,17:10,Test Lab,2,1,0,1,57
Thursday,,,1,08:30,09:20,Test Lab,0,0,0,0,57
Thursday,,,2,09:20,10:10,Test Lab,0,0,1,0,57
Thursday,cse_g2,8.0,3,10:30,11:20,Test Lab,2,0,1,1,57
Thursday,cse_g2,8.0,4,11:20,12:10,Test Lab,2,1,1,1,57
Thursday,cse_g1,6.0,5,13:40,14:30,Test Lab,4,1,1,1,57
Thursday,cse_g1,6.0,6,14:30,15:20,Test Lab,4,1,1,0,57
Thursday,cse_g1,6.0,7,15:30,16:20,Test Lab,4,1,1,1,57
Thursday,cse_g1,6.0,8,16:20,17:10,Test Lab,4,1,0,1,57
Friday,cse_aiml,6.0,1,08:30,09:20,Test Lab,4,0,1,1,57
Friday,cse_aiml,6.0,2,09:20,10:10,Test Lab,4,1,1,1,57
Friday,cse_aiml,6.0,3,10:30,11:20,Test Lab,4,1,1,1,57
Friday,cse_aiml,6.0,4,11:20,12:10,Test Lab,4,1,1,1,57
Friday,cse_g1,6.0,5,13:40,14:30,Test Lab,2,1,1,1,57
Friday,cse_g1,6.0,6,14:30,15:20,Test Lab,2,1,1,1,57
Friday,cse_g2,4.0,7,15:30,16:20,Test Lab,2,1,1,1,57
Friday,cse_g2,4.0,8,16:20,17:10,Test Lab,2,1,0,1,57
Monday,,,1,08:30,09:20,Test Lab,0,0,0,0,58
Monday,,,2,09:20,10:10,Test Lab,0,0,1,0,58
Monday,cse_g1,6.0,3,10:30,11:20,Test Lab,2,0,1,1,58
Monday,cse_g1,6.0,4,11:20,12:10,Test Lab,2,1,1,1,58
Monday,cse_g2,2.0,5,13:40,14:30,Test Lab,2,1,1,1,58
Monday,cse_g2,2.0,6,14:30,15:20,Test Lab,2,1,0,1,58
Monday,,,7,15:30,16:20,Test Lab,0,1,0,0,58
Monday,,,8,16:20,17:10,Test Lab,0,0,0,0,58
Tuesday,cse_g1,4.0,1,08:30,09:20,Test Lab,4,0,1,1,58
Tuesday,cse_g1,4.0,2,09:20,10:10,Test Lab,4,1,1,1,58
Tuesday,cse_g1,4.0,3,10:30,11:20,Test Lab,4,1,1,1,58
Tuesday,cse_g1,4.0,4,11:20,12:10,Test Lab,4,1,1,1,58
Tuesday,cse_aiml,6.0,5,13:40,14:30,Test Lab,4,1,1,1,58
Tuesday,cse_aiml,6.0,6,14:30,15:20,Test Lab,4,1,1,1,58
Tuesday,cse_aiml,6.0,7,15:30,16:20,Test Lab,4,1,1,1,58
Tuesday,cse_aiml,6.0,8,16:20,17:10,Test Lab,4,1,0,1,58
Wednesday,,,1,08:30,09:20,Test Lab,0,0,1,0,58
Wednesday,cse_g2,6.0,2,09:20,10:10,Test Lab,2,0,1,1,58
Wednesday,cse_g2,6.0,3,10:30,11:20,Test Lab,2,1,0,1,58
Wednesday,,,4,11:20,12:10,Test Lab,0,1,1,0,58
Wednesday,cse_g1,2.0,5,13:40,14:30,Test Lab,2,0,1,1,58
Wednesday,cse_g1,2.0,6,14:30,15:20,Test Lab,2,1,1,1,58
Wednesday,cse_g1,8.0,7,15:30,16:20,Test Lab,2,1,1,1,58
Wednesday,cse_g1,8.0,8,16:20,17:10,Test Lab,2,1,0,1,58
Thursday,,,1,08:30,09:20,Test Lab,0,0,0,0,58
Thursday,,,2,09:20,10:10,Test Lab,0,0,1,0,58
Thursday,cse_g2,8.0,3,10:30,11:20,Test Lab,2,0,1,1,58
Thursday,cse_g2,8.0,4,11:20,12:10,Test Lab,2,1,1,1,58
Thursday,cse_g1,6.0,5,13:40,14:30,Test Lab,4,1,1,1,58
Thursday,cse_g1,6.0,6,14:30,15:20,Test Lab,4,1,1,1,58
Thursday,cse_g1,6.0,7,15:30,16:20,Test Lab,4,1,1,0,58
Thursday,cse_g1,6.0,8,16:20,17:10,Test Lab,4,1,0,1,58
Friday,cse_aiml,6.0,1,08:30,09:20,Test Lab,4,0,1,1,58
Friday,cse_aiml,6.0,2,09:20,10:10,Test Lab,4,1,1,0,58
Friday,cse_aiml,6.0,3,10:30,11:20,Test Lab,4,1,1,1,58
Friday,cse_aiml,6.0,4,11:20,12:10,Test Lab,4,1,1,1,58
Friday,cse_g1,6.0,5,13:40,14:30,Test Lab,2,1,1,1,58
Friday,cse_g1,6.0,6,14:30,15:20,Test Lab,2,1,1,1,58
Friday,cse_g2,4.0,7,15:30,16:20,Test Lab,2,1,1,1,58
Friday,cse_g2,4.0,8,16:20,17:10,Test Lab,2,1,0,1,58
Monday,,,1,08:30,09:20,Test Lab,0,0,0,0,59
Monday,,,2,09:20,10:10,Test Lab,0,0,1,0,59
Monday,cse_g1,6.0,3,10:30,11:20,Test Lab,2,0,1,1,59
Monday,cse_g1,6.0,4,11:20,12:10,Test Lab,2,1,1,1,59
Monday,cse_g2,2.0,5,13:40,14:30,Test Lab,2,1,1,1,59
Monday,cse_g2,2.0,6,14:30,15:20,Test Lab,2,1,0,1,59
Monday,,,7,15:30,16:20,Test Lab,0,1,0,0,59
Monday,,,8,16:20,17:10,Test Lab,0,0,0,0,59
Tuesday,cse_g1,4.0,1,08:30,09:20,Test Lab,4,0,1,1,59
Tuesday,cse_g1,4.0,2,09:20,10:10,Test Lab,4,1,1,1,59
Tuesday,cse_g1,4.0,3,10:30,11:20,Test Lab,4,1,1,1,59
Tuesday,cse_g1,4.0,4,11:20,12:10,Test Lab,4,1,1,1,59
Tuesday,cse_aiml,6.0,5,13:40,14:30,Test Lab,4,1,1,1,59
Tuesday,cse_aiml,6.0,6,14:30,15:20,Test Lab,4,1,1,1,59
Tuesday,cse_aiml,6.0,7,15:30,16:20,Test Lab,4,1,1,1,59
Tuesday,cse_aiml,6.0,8,16:20,17:10,Test Lab,4,1,0,1,59
Wednesday,,,1,08:30,09:20,Test Lab,0,0,1,0,59
Wednesday,cse_g2,6.0,2,09:20,10:10,Test Lab,2,0,1,1,59
Wednesday,cse_g2,6.0,3,10:30,11:20,Test Lab,2,1,0,1,59
Wednesday,,,4,11:20,12:10,Test Lab,0,1,1,0,59
Wednesday,cse_g1,2.0,5,13:40,14:30,Test Lab,2,0,1,1,59
Wednesday,cse_g1,2.0,6,14:30,15:20,Test Lab,2,1,1,1,59
Wednesday,cse_g1,8.0,7,15:30,16:20,Test Lab,2,1,1,1,59
Wednesday,cse_g1,8.0,8,16:20,17:10,Test Lab,2,1,0,1,59
Thursday,,,1,08:30,09:20,Test Lab,0,0,0,0,59
Thursday,,,2,09:20,10:10,Test Lab,0,0,1,0,59
Thursday,cse_g2,8.0,3,10:30,11:20,Test Lab,2,0,1,1,59
Thursday,cse_g2,8.0,4,11:20,12:10,Test Lab,2,1,1,1,59
Thursday,cse_g1,6.0,5,13:40,14:30,Test Lab,4,1,1,1,59
Thursday,cse_g1,6.0,6,14:30,15:20,Test Lab,4,1,1,1,59
Thursday,cse_g1,6.0,7,15:30,16:20,Test Lab,4,1,1,1,59
Thursday,cse_g1,6.0,8,16:20,17:10,Test Lab,4,1,0,1,59
Friday,cse_aiml,6.0,1,08:30,09:20,Test Lab,4,0,1,0,59
Friday,cse_aiml,6.0,2,09:20,10:10,Test Lab,4,1,1,1,59
Friday,cse_aiml,6.0,3,10:30,11:20,Test Lab,4,1,1,1,59
Friday,cse_aiml,6.0,4,11:20,12:10,Test Lab,4,1,1,1,59
Friday,cse_g1,6.0,5,13:40,14:30,Test Lab,2,1,1,1,59
Friday,cse_g1,6.0,6,14:30,15:20,Test Lab,2,1,1,1,59
Friday,cse_g2,4.0,7,15:30,16:20,Test Lab,2,1,1,1,59
Friday,cse_g2,4.0,8,16:20,17:10,Test Lab,2,1,0,0,59
Monday,,,1,08:30,09:20,Test Lab,0,0,0,0,60
Monday,,,2,09:20,10:10,Test Lab,0,0,1,0,60
Monday,cse_g1,6.0,3,10:30,11:20,Test Lab,2,0,1,1,60
Monday,cse_g1,6.0,4,11:20,12:10,Test Lab,2,1,1,0,60
Monday,cse_g2,2.0,5,13:40,14:30,Test Lab,2,1,1,0,60
Monday,cse_g2,2.0,6,14:30,15:20,Test Lab,2,1,0,1,60
Monday,,,7,15:30,16:20,Test Lab,0,1,0,0,60
Monday,,,8,16:20,17:10,Test Lab,0,0,0,0,60
Tuesday,cse_g1,4.0,1,08:30,09:20,Test Lab,4,0,1,1,60
Tuesday,cse_g1,4.0,2,09:20,10:10,Test Lab,4,1,1,1,60
Tuesday,cse_g1,4.0,3,10:30,11:20,Test Lab,4,1,1,1,60
Tuesday,cse_g1,4.0,4,11:20,12:10,Test Lab,4,1,1,1,60
Tuesday,cse_aiml,6.0,5,13:40,14:30,Test Lab,4,1,1,1,60
Tuesday,cse_aiml,6.0,6,14:30,15:20,Test Lab,4,1,1,1,60
Tuesday,cse_aiml,6.0,7,15:30,16:20,Test Lab,4,1,1,1,60
Tuesday,cse_aiml,6.0,8,16:20,17:10,Test Lab,4,1,0,1,60
Wednesday,,,1,08:30,09:20,Test Lab,0,0,1,0,60
Wednesday,cse_g2,6.0,2,09:20,10:10,Test Lab,2,0,1,1,60
Wednesday,cse_g2,6.0,3,10:30,11:20,Test Lab,2,1,0,1,60
Wednesday,,,4,11:20,12:10,Test Lab,0,1,1,0,60
Wednesday,cse_g1,2.0,5,13:40,14:30,Test Lab,2,0,1,1,60
Wednesday,cse_g1,2.0,6,14:30,15:20,Test Lab,2,1,1,1,60
Wednesday,cse_g1,8.0,7,15:30,16:20,Test Lab,2,1,1,1,60
Wednesday,cse_g1,8.0,8,16:20,17:10,Test Lab,2,1,0,1,60
Thursday,,,1,08:30,09:20,Test Lab,0,0,0,0,60
Thursday,,,2,09:20,10:10,Test Lab,0,0,1,1,60
Thursday,cse_g2,8.0,3,10:30,11:20,Test Lab,2,0,1,1,60
Thursday,cse_g2,8.0,4,11:20,12:10,Test Lab,2,1,1,1,60
Thursday,cse_g1,6.0,5,13:40,14:30,Test Lab,4,1,1,1,60
Thursday,cse_g1,6.0,6,14:30,15:20,Test Lab,4,1,1,1,60
Thursday,cse_g1,6.0,7,15:30,16:20,Test Lab,4,1,1,1,60
Thursday,cse_g1,6.0,8,16:20,17:10,Test Lab,4,1,0,0,60
Friday,cse_aiml,6.0,1,08:30,09:20,Test Lab,4,0,1,1,60
Friday,cse_aiml,6.0,2,09:20,10:10,Test Lab,4,1,1,1,60
Friday,cse_aiml,6.0,3,10:30,11:20,Test Lab,4,1,1,1,60
Friday,cse_aiml,6.0,4,11:20,12:10,Test Lab,4,1,1,1,60
Friday,cse_g1,6.0,5,13:40,14:30,Test Lab,2,1,1,1,60
Friday,cse_g1,6.0,6,14:30,15:20,Test Lab,2,1,1,1,60
Friday,cse_g2,4.0,7,15:30,16:20,Test Lab,2,1,1,1,60
Friday,cse_g2,4.0,8,16:20,17:10,Test Lab,2,1,0,1,60
Monday,,,1,08:30,09:20,Test Lab,0,0,0,0,61
Monday,,,2,09:20,10:10,Test Lab,0,0,1,0,61
Monday,cse_g1,6.0,3,10:30,11:20,Test Lab,2,0,1,1,61
Monday,cse_g1,6.0,4,11:20,12:10,Test Lab,2,1,1,1,61
Monday,cse_g2,2.0,5,13:40,14:30,Test Lab,2,1,1,0,61
Monday,cse_g2,2.0,6,14:30,15:20,Test Lab,2,1,0,1,61
Monday,,,7,15:30,16:20,Test Lab,0,1,0,0,61
Monday,,,8,16:20,17:10,Test Lab,0,0,0,0,61
Tuesday,cse_g1,4.0,1,08:30,09:20,Test Lab,4,0,1,1,61
Tuesday,cse_g1,4.0,2,09:20,10:10,Test Lab,4,1,1,1,61
Tuesday,cse_g1,4.0,3,10:30,11:20,Test Lab,4,1,1,1,61
Tuesday,cse_g1,4.0,4,11:20,12:10,Test Lab,4,1,1,1,61
Tuesday,cse_aiml,6.0,5,13:40,14:30,Test Lab,4,1,1,1,61
Tuesday,cse_aiml,6.0,6,14:30,15:20,Test Lab,4,1,1,1,61
Tuesday,cse_aiml,6.0,7,15:30,16:20,Test Lab,4,1,1,1,61
Tuesday,cse_aiml,6.0,8,16:20,17:10,Test Lab,4,1,0,1,61
Wednesday,,,1,08:30,09:20,Test Lab,0,0,1,0,61
Wednesday,cse_g2,6.0,2,09:20,10:10,Test Lab,2,0,1,1,61
Wednesday,cse_g2,6.0,3,10:30,11:20,Test Lab,2,1,0,1,61
Wednesday,,,4,11:20,12:10,Test Lab,0,1,1,0,61
Wednesday,cse_g1,2.0,5,13:40,14:30,Test Lab,2,0,1,1,61
Wednesday,cse_g1,2.0,6,14:30,15:20,Test Lab,2,1,1,1,61
Wednesday,cse_g1,8.0,7,15:30,16:20,Test Lab,2,1,1,1,61
Wednesday,cse_g1,8.0,8,16:20,17:10,Test Lab,2,1,0,1,61
Thursday,,,1,08:30,09:20,Test Lab,0,0,0,0,61
Thursday,,,2,09:20,10:10,Test Lab,0,0,1,0,61
Thursday,cse_g2,8.0,3,10:30,11:20,Test Lab,2,0,1,1,61
Thursday,cse_g2,8.0,4,11:20,12:10,Test Lab,2,1,1,1,61
Thursday,cse_g1,6.0,5,13:40,14:30,Test Lab,4,1,1,1,61
Thursday,cse_g1,6.0,6,14:30,15:20,Test Lab,4,1,1,1,61
Thursday,cse_g1,6.0,7,15:30,16:20,Test Lab,4,1,1,1,61
Thursday,cse_g1,6.0,8,16:20,17:10,Test Lab,4,1,0,1,61
Friday,cse_aiml,6.0,1,08:30,09:20,Test Lab,4,0,1,1,61
Friday,cse_aiml,6.0,2,09:20,10:10,Test Lab,4,1,1,1,61
Friday,cse_aiml,6.0,3,10:30,11:20,Test Lab,4,1,1,1,61
Friday,cse_aiml,6.0,4,11:20,12:10,Test Lab,4,1,1,1,61
Friday,cse_g1,6.0,5,13:40,14:30,Test Lab,2,1,1,1,61
Friday,cse_g1,6.0,6,14:30,15:20,Test Lab,2,1,1,1,61
Friday,cse_g2,4.0,7,15:30,16:20,Test Lab,2,1,1,1,61
Friday,cse_g2,4.0,8,16:20,17:10,Test Lab,2,1,0,1,61
Monday,,,1,08:30,09:20,Test Lab,0,0,0,0,62
Monday,,,2,09:20,10:10,Test Lab,0,0,1,0,62
Monday,cse_g1,6.0,3,10:30,11:20,Test Lab,2,0,1,1,62
Monday,cse_g1,6.0,4,11:20,12:10,Test Lab,2,1,1,0,62
Monday,cse_g2,2.0,5,13:40,14:30,Test Lab,2,1,1,1,62
Monday,cse_g2,2.0,6,14:30,15:20,Test Lab,2,1,0,1,62
Monday,,,7,15:30,16:20,Test Lab,0,1,0,0,62
Monday,,,8,16:20,17:10,Test Lab,0,0,0,0,62
Tuesday,cse_g1,4.0,1,08:30,09:20,Test Lab,4,0,1,1,62
Tuesday,cse_g1,4.0,2,09:20,10:10,Test Lab,4,1,1,1,62
Tuesday,cse_g1,4.0,3,10:30,11:20,Test Lab,4,1,1,1,62
Tuesday,cse_g1,4.0,4,11:20,12:10,Test Lab,4,1,1,1,62
Tuesday,cse_aiml,6.0,5,13:40,14:30,Test Lab,4,1,1,1,62
Tuesday,cse_aiml,6.0,6,14:30,15:20,Test Lab,4,1,1,1,62
Tuesday,cse_aiml,6.0,7,15:30,16:20,Test Lab,4,1,1,1,62
Tuesday,cse_aiml,6.0,8,16:20,17:10,Test Lab,4,1,0,1,62
Wednesday,,,1,08:30,09:20,Test Lab,0,0,1,0,62
Wednesday,cse_g2,6.0,2,09:20,10:10,Test Lab,2,0,1,1,62
Wednesday,cse_g2,6.0,3,10:30,11:20,Test Lab,2,1,0,1,62
Wednesday,,,4,11:20,12:10,Test Lab,0,1,1,0,62
Wednesday,cse_g1,2.0,5,13:40,14:30,Test Lab,2,0,1,1,62
Wednesday,cse_g1,2.0,6,14:30,15:20,Test Lab,2,1,1,1,62
Wednesday,cse_g1,8.0,7,15:30,16:20,Test Lab,2,1,1,1,62
Wednesday,cse_g1,8.0,8,16:20,17:10,Test Lab,2,1,0,1,62
Thursday,,,1,08:30,09:20,Test Lab,0,0,0,0,62
Thursday,,,2,09:20,10:10,Test Lab,0,0,1,0,62
Thursday,cse_g2,8.0,3,10:30,11:20,Test Lab,2,0,1,1,62
Thursday,cse_g2,8.0,4,11:20,12:10,Test Lab,2,1,1,1,62
Thursday,cse_g1,6.0,5,13:40,14:30,Test Lab,4,1,1,1,62
Thursday,cse_g1,6.0,6,14:30,15:20,Test Lab,4,1,1,1,62
Thursday,cse_g1,6.0,7,15:30,16:20,Test Lab,4,1,1,1,62
Thursday,cse_g1,6.0,8,16:20,17:10,Test Lab,4,1,0,1,62
Friday,cse_aiml,6.0,1,08:30,09:20,Test Lab,4,0,1,1,62
Friday,cse_aiml,6.0,2,09:20,10:10,Test Lab,4,1,1,1,62
Friday,cse_aiml,6.0,3,10:30,11:20,Test Lab,4,1,1,1,62
Friday,cse_aiml,6.0,4,11:20,12:10,Test Lab,4,1,1,1,62
Friday,cse_g1,6.0,5,13:40,14:30,Test Lab,2,1,1,1,62
Friday,cse_g1,6.0,6,14:30,15:20,Test Lab,2,1,1,0,62
Friday,cse_g2,4.0,7,15:30,16:20,Test Lab,2,1,1,0,62
Friday,cse_g2,4.0,8,16:20,17:10,Test Lab,2,1,0,1,62
Monday,,,1,08:30,09:20,Test Lab,0,0,0,0,63
Monday,,,2,09:20,10:10,Test Lab,0,0,1,0,63
Monday,cse_g1,6.0,3,10:30,11:20,Test Lab,2,0,1,1,63
Monday,cse_g1,6.0,4,11:20,12:10,Test Lab,2,1,1,1,63
Monday,cse_g2,2.0,5,13:40,14:30,Test Lab,2,1,1,1,63
Monday,cse_g2,2.0,6,14:30,15:20,Test Lab,2,1,0,1,63
Monday,,,7,15:30,16:20,Test Lab,0,1,0,0,63
Monday,,,8,16:20,17:10,Test Lab,0,0,0,0,63
Tuesday,cse_g1,4.0,1,08:30,09:20,Test Lab,4,0,1,1,63
Tuesday,cse_g1,4.0,2,09:20,10:10,Test Lab,4,1,1,1,63
Tuesday,cse_g1,4.0,3,10:30,11:20,Test Lab,4,1,1,1,63
Tuesday,cse_g1,4.0,4,11:20,12:10,Test Lab,4,1,1,1,63
Tuesday,cse_aiml,6.0,5,13:40,14:30,Test Lab,4,1,1,0,63
Tuesday,cse_aiml,6.0,6,14:30,15:20,Test Lab,4,1,1,1,63
Tuesday,cse_aiml,6.0,7,15:30,16:20,Test Lab,4,1,1,1,63
Tuesday,cse_aiml,6.0,8,16:20,17:10,Test Lab,4,1,0,1,63
Wednesday,,,1,08:30,09:20,Test Lab,0,0,1,0,63
Wednesday,cse_g2,6.0,2,09:20,10:10,Test Lab,2,0,1,1,63
Wednesday,cse_g2,6.0,3,10:30,11:20,Test Lab,2,1,0,1,63
Wednesday,,,4,11:20,12:10,Test Lab,0,1,1,0,63
Wednesday,cse_g1,2.0,5,13:40,14:30,Test Lab,2,0,1,1,63
Wednesday,cse_g1,2.0,6,14:30,15:20,Test Lab,2,1,1,1,63
Wednesday,cse_g1,8.0,7,15:30,16:20,Test Lab,2,1,1,1,63
Wednesday,cse_g1,8.0,8,16:20,17:10,Test Lab,2,1,0,0,63
Thursday,,,1,08:30,09:20,Test Lab,0,0,0,0,63
Thursday,,,2,09:20,10:10,Test Lab,0,0,1,0,63
Thursday,cse_g2,8.0,3,10:30,11:20,Test Lab,2,0,1,1,63
Thursday,cse_g2,8.0,4,11:20,12:10,Test Lab,2,1,1,0,63
Thursday,cse_g1,6.0,5,13:40,14:30,Test Lab,4,1,1,0,63
Thursday,cse_g1,6.0,6,14:30,15:20,Test Lab,4,1,1,1,63
Thursday,cse_g1,6.0,7,15:30,16:20,Test Lab,4,1,1,0,63
Thursday,cse_g1,6.0,8,16:20,17:10,Test Lab,4,1,0,1,63
Friday,cse_aiml,6.0,1,08:30,09:20,Test Lab,4,0,1,1,63
Friday,cse_aiml,6.0,2,09:20,10:10,Test Lab,4,1,1,1,63
Friday,cse_aiml,6.0,3,10:30,11:20,Test Lab,4,1,1,1,63
Friday,cse_aiml,6.0,4,11:20,12:10,Test Lab,4,1,1,0,63
Friday,cse_g1,6.0,5,13:40,14:30,Test Lab,2,1,1,1,63
Friday,cse_g1,6.0,6,14:30,15:20,Test Lab,2,1,1,1,63
Friday,cse_g2,4.0,7,15:30,16:20,Test Lab,2,1,1,1,63
Friday,cse_g2,4.0,8,16:20,17:10,Test Lab,2,1,0,1,63
Monday,,,1,08:30,09:20,Test Lab,0,0,0,0,64
Monday,,,2,09:20,10:10,Test Lab,0,0,1,0,64
Monday,cse_g1,6.0,3,10:30,11:20,Test Lab,2,0,1,1,64
Monday,cse_g1,6.0,4,11:20,12:10,Test Lab,2,1,1,1,64
Monday,cse_g2,2.0,5,13:40,14:30,Test Lab,2,1,1,1,64
Monday,cse_g2,2.0,6,14:30,15:20,Test Lab,2,1,0,1,64
Monday,,,7,15:30,16:20,Test Lab,0,1,0,0,64
Monday,,,8,16:20,17:10,Test Lab,0,0,0,0,64
Tuesday,cse_g1,4.0,1,08:30,09:20,Test Lab,4,0,1,1,64
Tuesday,cse_g1,4.0,2,09:20,10:10,Test Lab,4,1,1,1,64
Tuesday,cse_g1,4.0,3,10:30,11:20,Test Lab,4,1,1,1,64
Tuesday,cse_g1,4.0,4,11:20,12:10,Test Lab,4,1,1,1,64
Tuesday,cse_aiml,6.0,5,13:40,14:30,Test Lab,4,1,1,1,64
Tuesday,cse_aiml,6.0,6,14:30,15:20,Test Lab,4,1,1,1,64
Tuesday,cse_aiml,6.0,7,15:30,16:20,Test Lab,4,1,1,1,64
Tuesday,cse_aiml,6.0,8,16:20,17:10,Test Lab,4,1,0,1,64
Wednesday,,,1,08:30,09:20,Test Lab,0,0,1,0,64
Wednesday,cse_g2,6.0,2,09:20,10:10,Test Lab,2,0,1,1,64
Wednesday,cse_g2,6.0,3,10:30,11:20,Test Lab,2,1,0,1,64
Wednesday,,,4,11:20,12:10,Test Lab,0,1,1,0,64
Wednesday,cse_g1,2.0,5,13:40,14:30,Test Lab,2,0,1,1,64
Wednesday,cse_g1,2.0,6,14:30,15:20,Test Lab,2,1,1,0,64
Wednesday,cse_g1,8.0,7,15:30,16:20,Test Lab,2,1,1,1,64
Wednesday,cse_g1,8.0,8,16:20,17:10,Test Lab,2,1,0,1,64
Thursday,,,1,08:30,09:20,Test Lab,0,0,0,0,64
Thursday,,,2,09:20,10:10,Test Lab,0,0,1,0,64
Thursday,cse_g2,8.0,3,10:30,11:20,Test Lab,2,0,1,1,64
Thursday,cse_g2,8.0,4,11:20,12:10,Test Lab,2,1,1,1,64
Thursday,cse_g1,6.0,5,13:40,14:30,Test Lab,4,1,1,1,64
Thursday,cse_g1,6.0,6,14:30,15:20,Test Lab,4,1,1,1,64
Thursday,cse_g1,6.0,7,15:30,16:20,Test Lab,4,1,1,1,64
Thursday,cse_g1,6.0,8,16:20,17:10,Test Lab,4,1,0,1,64
Friday,cse_aiml,6.0,1,08:30,09:20,Test Lab,4,0,1,1,64
Friday,cse_aiml,6.0,2,09:20,10:10,Test Lab,4,1,1,1,64
Friday,cse_aiml,6.0,3,10:30,11:20,Test Lab,4,1,1,1,64
Friday,cse_aiml,6.0,4,11:20,12:10,Test Lab,4,1,1,0,64
Friday,cse_g1,6.0,5,13:40,14:30,Test Lab,2,1,1,1,64
Friday,cse_g1,6.0,6,14:30,15:20,Test Lab,2,1,1,1,64
Friday,cse_g2,4.0,7,15:30,16:20,Test Lab,2,1,1,1,64
Friday,cse_g2,4.0,8,16:20,17:10,Test Lab,2,1,0,1,64
Monday,,,1,08:30,09:20,Test Lab,0,0,0,0,65
Monday,,,2,09:20,10:10,Test Lab,0,0,1,0,65
Monday,cse_g1,6.0,3,10:30,11:20,Test Lab,2,0,1,1,65
Monday,cse_g1,6.0,4,11:20,12:10,Test Lab,2,1,1,1,65
Monday,cse_g2,2.0,5,13:40,14:30,Test Lab,2,1,1,1,65
Monday,cse_g2,2.0,6,14:30,15:20,Test Lab,2,1,0,1,65
Monday,,,7,15:30,16:20,Test Lab,0,1,0,0,65
Monday,,,8,16:20,17:10,Test Lab,0,0,0,0,65
Tuesday,cse_g1,4.0,1,08:30,09:20,Test Lab,4,0,1,0,65
Tuesday,cse_g1,4.0,2,09:20,10:10,Test Lab,4,1,1,1,65
Tuesday,cse_g1,4.0,3,10:30,11:20,Test Lab,4,1,1,1,65
Tuesday,cse_g1,4.0,4,11:20,12:10,Test Lab,4,1,1,1,65
Tuesday,cse_aiml,6.0,5,13:40,14:30,Test Lab,4,1,1,1,65
Tuesday,cse_aiml,6.0,6,14:30,15:20,Test Lab,4,1,1,1,65
Tuesday,cse_aiml,6.0,7,15:30,16:20,Test Lab,4,1,1,1,65
Tuesday,cse_aiml,6.0,8,16:20,17:10,Test Lab,4,1,0,1,65
Wednesday,,,1,08:30,09:20,Test Lab,0,0,1,0,65
Wednesday,cse_g2,6.0,2,09:20,10:10,Test Lab,2,0,1,1,65
Wednesday,cse_g2,6.0,3,10:30,11:20,Test Lab,2,1,0,1,65
Wednesday,,,4,11:20,12:10,Test Lab,0,1,1,0,65
Wednesday,cse_g1,2.0,5,13:40,14:30,Test Lab,2,0,1,1,65
Wednesday,cse_g1,2.0,6,14:30,15:20,Test Lab,2,1,1,1,65
Wednesday,cse_g1,8.0,7,15:30,16:20,Test Lab,2,1,1,1,65
Wednesday,cse_g1,8.0,8,16:20,17:10,Test Lab,2,1,0,1,65
Thursday,,,1,08:30,09:20,Test Lab,0,0,0,0,65
Thursday,,,2,09:20,10:10,Test Lab,0,0,1,0,65
Thursday,cse_g2,8.0,3,10:30,11:20,Test Lab,2,0,1,0,65
Thursday,cse_g2,8.0,4,11:20,12:10,Test Lab,2,1,1,1,65
Thursday,cse_g1,6.0,5,13:40,14:30,Test Lab,4,1,1,1,65
Thursday,cse_g1,6.0,6,14:30,15:20,Test Lab,4,1,1,0,65
Thursday,cse_g1,6.0,7,15:30,16:20,Test Lab,4,1,1,1,65
Thursday,cse_g1,6.0,8,16:20,17:10,Test Lab,4,1,0,1,65
Friday,cse_aiml,6.0,1,08:30,09:20,Test Lab,4,0,1,1,65
Friday,cse_aiml,6.0,2,09:20,10:10,Test Lab,4,1,1,1,65
Friday,cse_aiml,6.0,3,10:30,11:20,Test Lab,4,1,1,1,65
Friday,cse_aiml,6.0,4,11:20,12:10,Test Lab,4,1,1,1,65
Friday,cse_g1,6.0,5,13:40,14:30,Test Lab,2,1,1,1,65
Friday,cse_g1,6.0,6,14:30,15:20,Test Lab,2,1,1,0,65
Friday,cse_g2,4.0,7,15:30,16:20,Test Lab,2,1,1,1,65
Friday,cse_g2,4.0,8,16:20,17:10,Test Lab,2,1,0,1,65
Monday,,,1,08:30,09:20,Test Lab,0,0,0,0,66
Monday,,,2,09:20,10:10,Test Lab,0,0,1,0,66
Monday,cse_g1,6.0,3,10:30,11:20,Test Lab,2,0,1,1,66
Monday,cse_g1,6.0,4,11:20,12:10,Test Lab,2,1,1,1,66
Monday,cse_g2,2.0,5,13:40,14:30,Test Lab,2,1,1,1,66
Monday,cse_g2,2.0,6,14:30,15:20,Test Lab,2,1,0,1,66
Monday,,,7,15:30,16:20,Test Lab,0,1,0,0,66
Monday,,,8,16:20,17:10,Test Lab,0,0,0,0,66
Tuesday,cse_g1,4.0,1,08:30,09:20,Test Lab,4,0,1,1,66
Tuesday,cse_g1,4.0,2,09:20,10:10,Test Lab,4,1,1,1,66
Tuesday,cse_g1,4.0,3,10:30,11:20,Test Lab,4,1,1,1,66
Tuesday,cse_g1,4.0,4,11:20,12:10,Test Lab,4,1,1,1,66
Tuesday,cse_aiml,6.0,5,13:40,14:30,Test Lab,4,1,1,1,66
Tuesday,cse_aiml,6.0,6,14:30,15:20,Test Lab,4,1,1,1,66
Tuesday,cse_aiml,6.0,7,15:30,16:20,Test Lab,4,1,1,1,66
Tuesday,cse_aiml,6.0,8,16:20,17:10,Test Lab,4,1,0,1,66
Wednesday,,,1,08:30,09:20,Test Lab,0,0,1,0,66
Wednesday,cse_g2,6.0,2,09:20,10:10,Test Lab,2,0,1,1,66
Wednesday,cse_g2,6.0,3,10:30,11:20,Test Lab,2,1,0,1,66
Wednesday,,,4,11:20,12:10,Test Lab,0,1,1,0,66
Wednesday,cse_g1,2.0,5,13:40,14:30,Test Lab,2,0,1,1,66
Wednesday,cse_g1,2.0,6,14:30,15:20,Test Lab,2,1,1,0,66
Wednesday,cse_g1,8.0,7,15:30,16:20,Test Lab,2,1,1,1,66
Wednesday,cse_g1,8.0,8,16:20,17:10,Test Lab,2,1,0,1,66
Thursday,,,1,08:30,09:20,Test Lab,0,0,0,0,66
Thursday,,,2,09:20,10:10,Test Lab,0,0,1,0,66
Thursday,cse_g2,8.0,3,10:30,11:20,Test Lab,2,0,1,0,66
Thursday,cse_g2,8.0,4,11:20,12:10,Test Lab,2,1,1,1,66
Thursday,cse_g1,6.0,5,13:40,14:30,Test Lab,4,1,1,1,66
Thursday,cse_g1,6.0,6,14:30,15:20,Test Lab,4,1,1,1,66
Thursday,cse_g1,6.0,7,15:30,16:20,Test Lab,4,1,1,1,66
Thursday,cse_g1,6.0,8,16:20,17:10,Test Lab,4,1,0,1,66
Friday,cse_aiml,6.0,1,08:30,09:20,Test Lab,4,0,1,1,66
Friday,cse_aiml,6.0,2,09:20,10:10,Test Lab,4,1,1,1,66
Friday,cse_aiml,6.0,3,10:30,11:20,Test Lab,4,1,1,1,66
Friday,cse_aiml,6.0,4,11:20,12:10,Test Lab,4,1,1,0,66
Friday,cse_g1,6.0,5,13:40,14:30,Test Lab,2,1,1,1,66
Friday,cse_g1,6.0,6,14:30,15:20,Test Lab,2,1,1,1,66
Friday,cse_g2,4.0,7,15:30,16:20,Test Lab,2,1,1,1,66
Friday,cse_g2,4.0,8,16:20,17:10,Test Lab,2,1,0,1,66
Monday,,,1,08:30,09:20,Test Lab,0,0,0,0,67
Monday,,,2,09:20,10:10,Test Lab,0,0,1,0,67
Monday,cse_g1,6.0,3,10:30,11:20,Test Lab,2,0,1,1,67
Monday,cse_g1,6.0,4,11:20,12:10,Test Lab,2,1,1,0,67
Monday,cse_g2,2.0,5,13:40,14:30,Test Lab,2,1,1,1,67
Monday,cse_g2,2.0,6,14:30,15:20,Test Lab,2,1,0,1,67
Monday,,,7,15:30,16:20,Test Lab,0,1,0,0,67
Monday,,,8,16:20,17:10,Test Lab,0,0,0,0,67
Tuesday,cse_g1,4.0,1,08:30,09:20,Test Lab,4,0,1,1,67
Tuesday,cse_g1,4.0,2,09:20,10:10,Test Lab,4,1,1,1,67
Tuesday,cse_g1,4.0,3,10:30,11:20,Test Lab,4,1,1,1,67
Tuesday,cse_g1,4.0,4,11:20,12:10,Test Lab,4,1,1,1,67
Tuesday,cse_aiml,6.0,5,13:40,14:30,Test Lab,4,1,1,1,67
Tuesday,cse_aiml,6.0,6,14:30,15:20,Test Lab,4,1,1,1,67
Tuesday,cse_aiml,6.0,7,15:30,16:20,Test Lab,4,1,1,0,67
Tuesday,cse_aiml,6.0,8,16:20,17:10,Test Lab,4,1,0,1,67
Wednesday,,,1,08:30,09:20,Test Lab,0,0,1,0,67
Wednesday,cse_g2,6.0,2,09:20,10:10,Test Lab,2,0,1,0,67
Wednesday,cse_g2,6.0,3,10:30,11:20,Test Lab,2,1,0,0,67
Wednesday,,,4,11:20,12:10,Test Lab,0,1,1,0,67
Wednesday,cse_g1,2.0,5,13:40,14:30,Test Lab,2,0,1,1,67
Wednesday,cse_g1,2.0,6,14:30,15:20,Test Lab,2,1,1,1,67
Wednesday,cse_g1,8.0,7,15:30,16:20,Test Lab,2,1,1,1,67
Wednesday,cse_g1,8.0,8,16:20,17:10,Test Lab,2,1,0,1,67
Thursday,,,1,08:30,09:20,Test Lab,0,0,0,0,67
Thursday,,,2,09:20,10:10,Test Lab,0,0,1,0,67
Thursday,cse_g2,8.0,3,10:30,11:20,Test Lab,2,0,1,1,67
Thursday,cse_g2,8.0,4,11:20,12:10,Test Lab,2,1,1,1,67
Thursday,cse_g1,6.0,5,13:40,14:30,Test Lab,4,1,1,1,67
Thursday,cse_g1,6.0,6,14:30,15:20,Test Lab,4,1,1,1,67
Thursday,cse_g1,6.0,7,15:30,16:20,Test Lab,4,1,1,1,67
Thursday,cse_g1,6.0,8,16:20,17:10,Test Lab,4,1,0,1,67
Friday,cse_aiml,6.0,1,08:30,09:20,Test Lab,4,0,1,1,67
Friday,cse_aiml,6.0,2,09:20,10:10,Test Lab,4,1,1,1,67
Friday,cse_aiml,6.0,3,10:30,11:20,Test Lab,4,1,1,1,67
Friday,cse_aiml,6.0,4,11:20,12:10,Test Lab,4,1,1,1,67
Friday,cse_g1,6.0,5,13:40,14:30,Test Lab,2,1,1,1,67
Friday,cse_g1,6.0,6,14:30,15:20,Test Lab,2,1,1,1,67
Friday,cse_g2,4.0,7,15:30,16:20,Test Lab,2,1,1,1,67
Friday,cse_g2,4.0,8,16:20,17:10,Test Lab,2,1,0,1,67
Monday,,,1,08:30,09:20,Test Lab,0,0,0,0,68
Monday,,,2,09:20,10:10,Test Lab,0,0,1,0,68
Monday,cse_g1,6.0,3,10:30,11:20,Test Lab,2,0,1,1,68
Monday,cse_g1,6.0,4,11:20,12:10,Test Lab,2,1,1,1,68
Monday,cse_g2,2.0,5,13:40,14:30,Test Lab,2,1,1,1,68
Monday,cse_g2,2.0,6,14:30,15:20,Test Lab,2,1,0,1,68
Monday,,,7,15:30,16:20,Test Lab,0,1,0,0,68
Monday,,,8,16:20,17:10,Test Lab,0,0,0,0,68
Tuesday,cse_g1,4.0,1,08:30,09:20,Test Lab,4,0,1,1,68
Tuesday,cse_g1,4.0,2,09:20,10:10,Test Lab,4,1,1,1,68
Tuesday,cse_g1,4.0,3,10:30,11:20,Test Lab,4,1,1,1,68
Tuesday,cse_g1,4.0,4,11:20,12:10,Test Lab,4,1,1,1,68
Tuesday,cse_aiml,6.0,5,13:40,14:30,Test Lab,4,1,1,1,68
Tuesday,cse_aiml,6.0,6,14:30,15:20,Test Lab,4,1,1,1,68
Tuesday,cse_aiml,6.0,7,15:30,16:20,Test Lab,4,1,1,1,68
Tuesday,cse_aiml,6.0,8,16:20,17:10,Test Lab,4,1,0,1,68
Wednesday,,,1,08:30,09:20,Test Lab,0,0,1,0,68
Wednesday,cse_g2,6.0,2,09:20,10:10,Test Lab,2,0,1,1,68
Wednesday,cse_g2,6.0,3,10:30,11:20,Test Lab,2,1,0,1,68
Wednesday,,,4,11:20,12:10,Test Lab,0,1,1,0,68
Wednesday,cse_g1,2.0,5,13:40,14:30,Test Lab,2,0,1,1,68
Wednesday,cse_g1,2.0,6,14:30,15:20,Test Lab,2,1,1,1,68
Wednesday,cse_g1,8.0,7,15:30,16:20,Test Lab,2,1,1,0,68
Wednesday,cse_g1,8.0,8,16:20,17:10,Test Lab,2,1,0,1,68
Thursday,,,1,08:30,09:20,Test Lab,0,0,0,0,68
Thursday,,,2,09:20,10:10,Test Lab,0,0,1,0,68
Thursday,cse_g2,8.0,3,10:30,11:20,Test Lab,2,0,1,1,68
Thursday,cse_g2,8.0,4,11:20,12:10,Test Lab,2,1,1,1,68
Thursday,cse_g1,6.0,5,13:40,14:30,Test Lab,4,1,1,0,68
Thursday,cse_g1,6.0,6,14:30,15:20,Test Lab,4,1,1,1,68
Thursday,cse_g1,6.0,7,15:30,16:20,Test Lab,4,1,1,1,68
Thursday,cse_g1,6.0,8,16:20,17:10,Test Lab,4,1,0,1,68
Friday,cse_aiml,6.0,1,08:30,09:20,Test Lab,4,0,1,1,68
Friday,cse_aiml,6.0,2,09:20,10:10,Test Lab,4,1,1,1,68
Friday,cse_aiml,6.0,3,10:30,11:20,Test Lab,4,1,1,1,68
Friday,cse_aiml,6.0,4,11:20,12:10,Test Lab,4,1,1,1,68
Friday,cse_g1,6.0,5,13:40,14:30,Test Lab,2,1,1,1,68
Friday,cse_g1,6.0,6,14:30,15:20,Test Lab,2,1,1,1,68
Friday,cse_g2,4.0,7,15:30,16:20,Test Lab,2,1,1,1,68
Friday,cse_g2,4.0,8,16:20,17:10,Test Lab,2,1,0,1,68
Monday,,,1,08:30,09:20,Test Lab,0,0,0,0,69
Monday,,,2,09:20,10:10,Test Lab,0,0,1,0,69
Monday,cse_g1,6.0,3,10:30,11:20,Test Lab,2,0,1,1,69
Monday,cse_g1,6.0,4,11:20,12:10,Test Lab,2,1,1,1,69
Monday,cse_g2,2.0,5,13:40,14:30,Test Lab,2,1,1,1,69
Monday,cse_g2,2.0,6,14:30,15:20,Test Lab,2,1,0,1,69
Monday,,,7,15:30,16:20,Test Lab,0,1,0,0,69
Monday,,,8,16:20,17:10,Test Lab,0,0,0,0,69
Tuesday,cse_g1,4.0,1,08:30,09:20,Test Lab,4,0,1,1,69
Tuesday,cse_g1,4.0,2,09:20,10:10,Test Lab,4,1,1,1,69
Tuesday,cse_g1,4.0,3,10:30,11:20,Test Lab,4,1,1,1,69
Tuesday,cse_g1,4.0,4,11:20,12:10,Test Lab,4,1,1,0,69
Tuesday,cse_aiml,6.0,5,13:40,14:30,Test Lab,4,1,1,1,69
Tuesday,cse_aiml,6.0,6,14:30,15:20,Test Lab,4,1,1,1,69
Tuesday,cse_aiml,6.0,7,15:30,16:20,Test Lab,4,1,1,1,69
Tuesday,cse_aiml,6.0,8,16:20,17:10,Test Lab,4,1,0,1,69
Wednesday,,,1,08:30,09:20,Test Lab,0,0,1,0,69
Wednesday,cse_g2,6.0,2,09:20,10:10,Test Lab,2,0,1,1,69
Wednesday,cse_g2,6.0,3,10:30,11:20,Test Lab,2,1,0,1,69
Wednesday,,,4,11:20,12:10,Test Lab,0,1,1,0,69
Wednesday,cse_g1,2.0,5,13:40,14:30,Test Lab,2,0,1,1,69
Wednesday,cse_g1,2.0,6,14:30,15:20,Test Lab,2,1,1,1,69
Wednesday,cse_g1,8.0,7,15:30,16:20,Test Lab,2,1,1,1,69
Wednesday,cse_g1,8.0,8,16:20,17:10,Test Lab,2,1,0,1,69
Thursday,,,1,08:30,09:20,Test Lab,0,0,0,0,69
Thursday,,,2,09:20,10:10,Test Lab,0,0,1,0,69
Thursday,cse_g2,8.0,3,10:30,11:20,Test Lab,2,0,1,1,69
Thursday,cse_g2,8.0,4,11:20,12:10,Test Lab,2,1,1,1,69
Thursday,cse_g1,6.0,5,13:40,14:30,Test Lab,4,1,1,1,69
Thursday,cse_g1,6.0,6,14:30,15:20,Test Lab,4,1,1,0,69
Thursday,cse_g1,6.0,7,15:30,16:20,Test Lab,4,1,1,1,69
Thursday,cse_g1,6.0,8,16:20,17:10,Test Lab,4,1,0,1,69
Friday,cse_aiml,6.0,1,08:30,09:20,Test Lab,4,0,1,1,69
Friday,cse_aiml,6.0,2,09:20,10:10,Test Lab,4,1,1,1,69
Friday,cse_aiml,6.0,3,10:30,11:20,Test Lab,4,1,1,1,69
Friday,cse_aiml,6.0,4,11:20,12:10,Test Lab,4,1,1,1,69
Friday,cse_g1,6.0,5,13:40,14:30,Test Lab,2,1,1,1,69
Friday,cse_g1,6.0,6,14:30,15:20,Test Lab,2,1,1,1,69
Friday,cse_g2,4.0,7,15:30,16:20,Test Lab,2,1,1,1,69
Friday,cse_g2,4.0,8,16:20,17:10,Test Lab,2,1,0,1,69
Monday,,,1,08:30,09:20,Test Lab,0,0,0,0,70
Monday,,,2,09:20,10:10,Test Lab,0,0,1,0,70
Monday,cse_g1,6.0,3,10:30,11:20,Test Lab,2,0,1,1,70
Monday,cse_g1,6.0,4,11:20,12:10,Test Lab,2,1,1,1,70
Monday,cse_g2,2.0,5,13:40,14:30,Test Lab,2,1,1,1,70
Monday,cse_g2,2.0,6,14:30,15:20,Test Lab,2,1,0,1,70
Monday,,,7,15:30,16:20,Test Lab,0,1,0,0,70
Monday,,,8,16:20,17:10,Test Lab,0,0,0,0,70
Tuesday,cse_g1,4.0,1,08:30,09:20,Test Lab,4,0,1,1,70
Tuesday,cse_g1,4.0,2,09:20,10:10,Test Lab,4,1,1,1,70
Tuesday,cse_g1,4.0,3,10:30,11:20,Test Lab,4,1,1,1,70
Tuesday,cse_g1,4.0,4,11:20,12:10,Test Lab,4,1,1,1,70
Tuesday,cse_aiml,6.0,5,13:40,14:30,Test Lab,4,1,1,1,70
Tuesday,cse_aiml,6.0,6,14:30,15:20,Test Lab,4,1,1,1,70
Tuesday,cse_aiml,6.0,7,15:30,16:20,Test Lab,4,1,1,1,70
Tuesday,cse_aiml,6.0,8,16:20,17:10,Test Lab,4,1,0,0,70
Wednesday,,,1,08:30,09:20,Test Lab,0,0,1,0,70
Wednesday,cse_g2,6.0,2,09:20,10:10,Test Lab,2,0,1,1,70
Wednesday,cse_g2,6.0,3,10:30,11:20,Test Lab,2,1,0,1,70
Wednesday,,,4,11:20,12:10,Test Lab,0,1,1,0,70
Wednesday,cse_g1,2.0,5,13:40,14:30,Test Lab,2,0,1,1,70
Wednesday,cse_g1,2.0,6,14:30,15:20,Test Lab,2,1,1,1,70
Wednesday,cse_g1,8.0,7,15:30,16:20,Test Lab,2,1,1,1,70
Wednesday,cse_g1,8.0,8,16:20,17:10,Test Lab,2,1,0,1,70
Thursday,,,1,08:30,09:20,Test Lab,0,0,0,0,70
Thursday,,,2,09:20,10:10,Test Lab,0,0,1,0,70
Thursday,cse_g2,8.0,3,10:30,11:20,Test Lab,2,0,1,1,70
Thursday,cse_g2,8.0,4,11:20,12:10,Test Lab,2,1,1,1,70
Thursday,cse_g1,6.0,5,13:40,14:30,Test Lab,4,1,1,1,70
Thursday,cse_g1,6.0,6,14:30,15:20,Test Lab,4,1,1,1,70
Thursday,cse_g1,6.0,7,15:30,16:20,Test Lab,4,1,1,1,70
Thursday,cse_g1,6.0,8,16:20,17:10,Test Lab,4,1,0,1,70
Friday,cse_aiml,6.0,1,08:30,09:20,Test Lab,4,0,1,1,70
Friday,cse_aiml,6.0,2,09:20,10:10,Test Lab,4,1,1,1,70
Friday,cse_aiml,6.0,3,10:30,11:20,Test Lab,4,1,1,1,70
Friday,cse_aiml,6.0,4,11:20,12:10,Test Lab,4,1,1,1,70
Friday,cse_g1,6.0,5,13:40,14:30,Test Lab,2,1,1,1,70
Friday,cse_g1,6.0,6,14:30,15:20,Test Lab,2,1,1,1,70
Friday,cse_g2,4.0,7,15:30,16:20,Test Lab,2,1,1,1,70
Friday,cse_g2,4.0,8,16:20,17:10,Test Lab,2,1,0,1,70
Monday,,,1,08:30,09:20,Test Lab,0,0,0,0,71
Monday,,,2,09:20,10:10,Test Lab,0,0,1,0,71
Monday,cse_g1,6.0,3,10:30,11:20,Test Lab,2,0,1,1,71
Monday,cse_g1,6.0,4,11:20,12:10,Test Lab,2,1,1,1,71
Monday,cse_g2,2.0,5,13:40,14:30,Test Lab,2,1,1,1,71
Monday,cse_g2,2.0,6,14:30,15:20,Test Lab,2,1,0,1,71
Monday,,,7,15:30,16:20,Test Lab,0,1,0,0,71
Monday,,,8,16:20,17:10,Test Lab,0,0,0,0,71
Tuesday,cse_g1,4.0,1,08:30,09:20,Test Lab,4,0,1,1,71
Tuesday,cse_g1,4.0,2,09:20,10:10,Test Lab,4,1,1,1,71
Tuesday,cse_g1,4.0,3,10:30,11:20,Test Lab,4,1,1,1,71
Tuesday,cse_g1,4.0,4,11:20,12:10,Test Lab,4,1,1,1,71
Tuesday,cse_aiml,6.0,5,13:40,14:30,Test Lab,4,1,1,1,71
Tuesday,cse_aiml,6.0,6,14:30,15:20,Test Lab,4,1,1,1,71
Tuesday,cse_aiml,6.0,7,15:30,16:20,Test Lab,4,1,1,1,71
Tuesday,cse_aiml,6.0,8,16:20,17:10,Test Lab,4,1,0,1,71
Wednesday,,,1,08:30,09:20,Test Lab,0,0,1,0,71
Wednesday,cse_g2,6.0,2,09:20,10:10,Test Lab,2,0,1,1,71
Wednesday,cse_g2,6.0,3,10:30,11:20,Test Lab,2,1,0,1,71
Wednesday,,,4,11:20,12:10,Test Lab,0,1,1,0,71
Wednesday,cse_g1,2.0,5,13:40,14:30,Test Lab,2,0,1,1,71
Wednesday,cse_g1,2.0,6,14:30,15:20,Test Lab,2,1,1,1,71
Wednesday,cse_g1,8.0,7,15:30,16:20,Test Lab,2,1,1,1,71
Wednesday,cse_g1,8.0,8,16:20,17:10,Test Lab,2,1,0,1,71
Thursday,,,1,08:30,09:20,Test Lab,0,0,0,0,71
Thursday,,,2,09:20,10:10,Test Lab,0,0,1,0,71
Thursday,cse_g2,8.0,3,10:30,11:20,Test Lab,2,0,1,1,71
Thursday,cse_g2,8.0,4,11:20,12:10,Test Lab,2,1,1,1,71
Thursday,cse_g1,6.0,5,13:40,14:30,Test Lab,4,1,1,1,71
Thursday,cse_g1,6.0,6,14:30,15:20,Test Lab,4,1,1,1,71
Thursday,cse_g1,6.0,7,15:30,16:20,Test Lab,4,1,1,1,71
Thursday,cse_g1,6.0,8,16:20,17:10,Test Lab,4,1,0,1,71
Friday,cse_aiml,6.0,1,08:30,09:20,Test Lab,4,0,1,1,71
Friday,cse_aiml,6.0,2,09:20,10:10,Test Lab,4,1,1,1,71
Friday,cse_aiml,6.0,3,10:30,11:20,Test Lab,4,1,1,1,71
Friday,cse_aiml,6.0,4,11:20,12:10,Test Lab,4,1,1,1,71
Friday,cse_g1,6.0,5,13:40,14:30,Test Lab,2,1,1,1,71
Friday,cse_g1,6.0,6,14:30,15:20,Test Lab,2,1,1,1,71
Friday,cse_g2,4.0,7,15:30,16:20,Test Lab,2,1,1,1,71
Friday,cse_g2,4.0,8,16:20,17:10,Test Lab,2,1,0,1,71
Monday,,,1,08:30,09:20,Test Lab,0,0,0,0,72
Monday,,,2,09:20,10:10,Test Lab,0,0,1,0,72
Monday,cse_g1,6.0,3,10:30,11:20,Test Lab,2,0,1,1,72
Monday,cse_g1,6.0,4,11:20,12:10,Test Lab,2,1,1,1,72
Monday,cse_g2,2.0,5,13:40,14:30,Test Lab,2,1,1,1,72
Monday,cse_g2,2.0,6,14:30,15:20,Test Lab,2,1,0,0,72
Monday,,,7,15:30,16:20,Test Lab,0,1,0,0,72
Monday,,,8,16:20,17:10,Test Lab,0,0,0,0,72
Tuesday,cse_g1,4.0,1,08:30,09:20,Test Lab,4,0,1,1,72
Tuesday,cse_g1,4.0,2,09:20,10:10,Test Lab,4,1,1,1,72
Tuesday,cse_g1,4.0,3,10:30,11:20,Test Lab,4,1,1,1,72
Tuesday,cse_g1,4.0,4,11:20,12:10,Test Lab,4,1,1,1,72
Tuesday,cse_aiml,6.0,5,13:40,14:30,Test Lab,4,1,1,1,72
Tuesday,cse_aiml,6.0,6,14:30,15:20,Test Lab,4,1,1,1,72
Tuesday,cse_aiml,6.0,7,15:30,16:20,Test Lab,4,1,1,1,72
Tuesday,cse_aiml,6.0,8,16:20,17:10,Test Lab,4,1,0,1,72
Wednesday,,,1,08:30,09:20,Test Lab,0,0,1,0,72
Wednesday,cse_g2,6.0,2,09:20,10:10,Test Lab,2,0,1,1,72
Wednesday,cse_g2,6.0,3,10:30,11:20,Test Lab,2,1,0,1,72
Wednesday,,,4,11:20,12:10,Test Lab,0,1,1,0,72
Wednesday,cse_g1,2.0,5,13:40,14:30,Test Lab,2,0,1,1,72
Wednesday,cse_g1,2.0,6,14:30,15:20,Test Lab,2,1,1,1,72
Wednesday,cse_g1,8.0,7,15:30,16:20,Test Lab,2,1,1,1,72
Wednesday,cse_g1,8.0,8,16:20,17:10,Test Lab,2,1,0,1,72
Thursday,,,1,08:30,09:20,Test Lab,0,0,0,0,72
Thursday,,,2,09:20,10:10,Test Lab,0,0,1,0,72
Thursday,cse_g2,8.0,3,10:30,11:20,Test Lab,2,0,1,1,72
Thursday,cse_g2,8.0,4,11:20,12:10,Test Lab,2,1,1,0,72
Thursday,cse_g1,6.0,5,13:40,14:30,Test Lab,4,1,1,1,72
Thursday,cse_g1,6.0,6,14:30,15:20,Test Lab,4,1,1,1,72
Thursday,cse_g1,6.0,7,15:30,16:20,Test Lab,4,1,1,1,72
Thursday,cse_g1,6.0,8,16:20,17:10,Test Lab,4,1,0,1,72
Friday,cse_aiml,6.0,1,08:30,09:20,Test Lab,4,0,1,1,72
Friday,cse_aiml,6.0,2,09:20,10:10,Test Lab,4,1,1,1,72
Friday,cse_aiml,6.0,3,10:30,11:20,Test Lab,4,1,1,1,72
Friday,cse_aiml,6.0,4,11:20,12:10,Test Lab,4,1,1,1,72
Friday,cse_g1,6.0,5,13:40,14:30,Test Lab,2,1,1,1,72
Friday,cse_g1,6.0,6,14:30,15:20,Test Lab,2,1,1,1,72
Friday,cse_g2,4.0,7,15:30,16:20,Test Lab,2,1,1,1,72
Friday,cse_g2,4.0,8,16:20,17:10,Test Lab,2,1,0,1,72
Monday,,,1,08:30,09:20,Test Lab,0,0,0,0,73
Monday,,,2,09:20,10:10,Test Lab,0,0,1,0,73
Monday,cse_g1,6.0,3,10:30,11:20,Test Lab,2,0,1,1,73
Monday,cse_g1,6.0,4,11:20,12:10,Test Lab,2,1,1,1,73
Monday,cse_g2,2.0,5,13:40,14:30,Test Lab,2,1,1,1,73
Monday,cse_g2,2.0,6,14:30,15:20,Test Lab,2,1,0,0,73
Monday,,,7,15:30,16:20,Test Lab,0,1,0,1,73
Monday,,,8,16:20,17:10,Test Lab,0,0,0,0,73
Tuesday,cse_g1,4.0,1,08:30,09:20,Test Lab,4,0,1,1,73
Tuesday,cse_g1,4.0,2,09:20,10:10,Test Lab,4,1,1,1,73
Tuesday,cse_g1,4.0,3,10:30,11:20,Test Lab,4,1,1,1,73
Tuesday,cse_g1,4.0,4,11:20,12:10,Test Lab,4,1,1,1,73
Tuesday,cse_aiml,6.0,5,13:40,14:30,Test Lab,4,1,1,1,73
Tuesday,cse_aiml,6.0,6,14:30,15:20,Test Lab,4,1,1,1,73
Tuesday,cse_aiml,6.0,7,15:30,16:20,Test Lab,4,1,1,1,73
Tuesday,cse_aiml,6.0,8,16:20,17:10,Test Lab,4,1,0,1,73
Wednesday,,,1,08:30,09:20,Test Lab,0,0,1,0,73
Wednesday,cse_g2,6.0,2,09:20,10:10,Test Lab,2,0,1,1,73
Wednesday,cse_g2,6.0,3,10:30,11:20,Test Lab,2,1,0,1,73
Wednesday,,,4,11:20,12:10,Test Lab,0,1,1,0,73
Wednesday,cse_g1,2.0,5,13:40,14:30,Test Lab,2,0,1,1,73
Wednesday,cse_g1,2.0,6,14:30,15:20,Test Lab,2,1,1,0,73
Wednesday,cse_g1,8.0,7,15:30,16:20,Test Lab,2,1,1,1,73
Wednesday,cse_g1,8.0,8,16:20,17:10,Test Lab,2,1,0,1,73
Thursday,,,1,08:30,09:20,Test Lab,0,0,0,0,73
Thursday,,,2,09:20,10:10,Test Lab,0,0,1,0,73
Thursday,cse_g2,8.0,3,10:30,11:20,Test Lab,2,0,1,1,73
Thursday,cse_g2,8.0,4,11:20,12:10,Test Lab,2,1,1,1,73
Thursday,cse_g1,6.0,5,13:40,14:30,Test Lab,4,1,1,1,73
Thursday,cse_g1,6.0,6,14:30,15:20,Test Lab,4,1,1,1,73
Thursday,cse_g1,6.0,7,15:30,16:20,Test Lab,4,1,1,1,73
Thursday,cse_g1,6.0,8,16:20,17:10,Test Lab,4,1,0,1,73
Friday,cse_aiml,6.0,1,08:30,09:20,Test Lab,4,0,1,1,73
Friday,cse_aiml,6.0,2,09:20,10:10,Test Lab,4,1,1,1,73
Friday,cse_aiml,6.0,3,10:30,11:20,Test Lab,4,1,1,1,73
Friday,cse_aiml,6.0,4,11:20,12:10,Test Lab,4,1,1,1,73
Friday,cse_g1,6.0,5,13:40,14:30,Test Lab,2,1,1,1,73
Friday,cse_g1,6.0,6,14:30,15:20,Test Lab,2,1,1,1,73
Friday,cse_g2,4.0,7,15:30,16:20,Test Lab,2,1,1,1,73
Friday,cse_g2,4.0,8,16:20,17:10,Test Lab,2,1,0,1,73
Monday,,,1,08:30,09:20,Test Lab,0,0,0,0,74
Monday,,,2,09:20,10:10,Test Lab,0,0,1,0,74
Monday,cse_g1,6.0,3,10:30,11:20,Test Lab,2,0,1,1,74
Monday,cse_g1,6.0,4,11:20,12:10,Test Lab,2,1,1,1,74
Monday,cse_g2,2.0,5,13:40,14:30,Test Lab,2,1,1,1,74
Monday,cse_g2,2.0,6,14:30,15:20,Test Lab,2,1,0,1,74
Monday,,,7,15:30,16:20,Test Lab,0,1,0,0,74
Monday,,,8,16:20,17:10,Test Lab,0,0,0,0,74
Tuesday,cse_g1,4.0,1,08:30,09:20,Test Lab,4,0,1,1,74
Tuesday,cse_g1,4.0,2,09:20,10:10,Test Lab,4,1,1,1,74
Tuesday,cse_g1,4.0,3,10:30,11:20,Test Lab,4,1,1,1,74
Tuesday,cse_g1,4.0,4,11:20,12:10,Test Lab,4,1,1,1,74
Tuesday,cse_aiml,6.0,5,13:40,14:30,Test Lab,4,1,1,1,74
Tuesday,cse_aiml,6.0,6,14:30,15:20,Test Lab,4,1,1,0,74
Tuesday,cse_aiml,6.0,7,15:30,16:20,Test Lab,4,1,1,1,74
Tuesday,cse_aiml,6.0,8,16:20,17:10,Test Lab,4,1,0,0,74
Wednesday,,,1,08:30,09:20,Test Lab,0,0,1,0,74
Wednesday,cse_g2,6.0,2,09:20,10:10,Test Lab,2,0,1,1,74
Wednesday,cse_g2,6.0,3,10:30,11:20,Test Lab,2,1,0,1,74
Wednesday,,,4,11:20,12:10,Test Lab,0,1,1,0,74
Wednesday,cse_g1,2.0,5,13:40,14:30,Test Lab,2,0,1,1,74
Wednesday,cse_g1,2.0,6,14:30,15:20,Test Lab,2,1,1,1,74
Wednesday,cse_g1,8.0,7,15:30,16:20,Test Lab,2,1,1,1,74
Wednesday,cse_g1,8.0,8,16:20,17:10,Test Lab,2,1,0,1,74
Thursday,,,1,08:30,09:20,Test Lab,0,0,0,0,74
Thursday,,,2,09:20,10:10,Test Lab,0,0,1,0,74
Thursday,cse_g2,8.0,3,10:30,11:20,Test Lab,2,0,1,1,74
Thursday,cse_g2,8.0,4,11:20,12:10,Test Lab,2,1,1,1,74
Thursday,cse_g1,6.0,5,13:40,14:30,Test Lab,4,1,1,1,74
Thursday,cse_g1,6.0,6,14:30,15:20,Test Lab,4,1,1,1,74
Thursday,cse_g1,6.0,7,15:30,16:20,Test Lab,4,1,1,1,74
Thursday,cse_g1,6.0,8,16:20,17:10,Test Lab,4,1,0,1,74
Friday,cse_aiml,6.0,1,08:30,09:20,Test Lab,4,0,1,1,74
Friday,cse_aiml,6.0,2,09:20,10:10,Test Lab,4,1,1,1,74
Friday,cse_aiml,6.0,3,10:30,11:20,Test Lab,4,1,1,0,74
Friday,cse_aiml,6.0,4,11:20,12:10,Test Lab,4,1,1,1,74
Friday,cse_g1,6.0,5,13:40,14:30,Test Lab,2,1,1,1,74
Friday,cse_g1,6.0,6,14:30,15:20,Test Lab,2,1,1,1,74
Friday,cse_g2,4.0,7,15:30,16:20,Test Lab,2,1,1,0,74
Friday,cse_g2,4.0,8,16:20,17:10,Test Lab,2,1,0,1,74
Monday,,,1,08:30,09:20,Test Lab,0,0,0,0,75
Monday,,,2,09:20,10:10,Test Lab,0,0,1,0,75
Monday,cse_g1,6.0,3,10:30,11:20,Test Lab,2,0,1,1,75
Monday,cse_g1,6.0,4,11:20,12:10,Test Lab,2,1,1,1,75
Monday,cse_g2,2.0,5,13:40,14:30,Test Lab,2,1,1,1,75
Monday,cse_g2,2.0,6,14:30,15:20,Test Lab,2,1,0,1,75
Monday,,,7,15:30,16:20,Test Lab,0,1,0,0,75
Monday,,,8,16:20,17:10,Test Lab,0,0,0,0,75
Tuesday,cse_g1,4.0,1,08:30,09:20,Test Lab,4,0,1,1,75
Tuesday,cse_g1,4.0,2,09:20,10:10,Test Lab,4,1,1,1,75
Tuesday,cse_g1,4.0,3,10:30,11:20,Test Lab,4,1,1,1,75
Tuesday,cse_g1,4.0,4,11:20,12:10,Test Lab,4,1,1,1,75
Tuesday,cse_aiml,6.0,5,13:40,14:30,Test Lab,4,1,1,1,75
Tuesday,cse_aiml,6.0,6,14:30,15:20,Test Lab,4,1,1,1,75
Tuesday,cse_aiml,6.0,7,15:30,16:20,Test Lab,4,1,1,1,75
Tuesday,cse_aiml,6.0,8,16:20,17:10,Test Lab,4,1,0,1,75
Wednesday,,,1,08:30,09:20,Test Lab,0,0,1,0,75
Wednesday,cse_g2,6.0,2,09:20,10:10,Test Lab,2,0,1,1,75
Wednesday,cse_g2,6.0,3,10:30,11:20,Test Lab,2,1,0,0,75
Wednesday,,,4,11:20,12:10,Test Lab,0,1,1,0,75
Wednesday,cse_g1,2.0,5,13:40,14:30,Test Lab,2,0,1,1,75
Wednesday,cse_g1,2.0,6,14:30,15:20,Test Lab,2,1,1,0,75
Wednesday,cse_g1,8.0,7,15:30,16:20,Test Lab,2,1,1,1,75
Wednesday,cse_g1,8.0,8,16:20,17:10,Test Lab,2,1,0,1,75
Thursday,,,1,08:30,09:20,Test Lab,0,0,0,0,75
Thursday,,,2,09:20,10:10,Test Lab,0,0,1,0,75
Thursday,cse_g2,8.0,3,10:30,11:20,Test Lab,2,0,1,1,75
Thursday,cse_g2,8.0,4,11:20,12:10,Test Lab,2,1,1,1,75
Thursday,cse_g1,6.0,5,13:40,14:30,Test Lab,4,1,1,0,75
Thursday,cse_g1,6.0,6,14:30,15:20,Test Lab,4,1,1,1,75
Thursday,cse_g1,6.0,7,15:30,16:20,Test Lab,4,1,1,1,75
Thursday,cse_g1,6.0,8,16:20,17:10,Test Lab,4,1,0,0,75
Friday,cse_aiml,6.0,1,08:30,09:20,Test Lab,4,0,1,1,75
Friday,cse_aiml,6.0,2,09:20,10:10,Test Lab,4,1,1,1,75
Friday,cse_aiml,6.0,3,10:30,11:20,Test Lab,4,1,1,1,75
Friday,cse_aiml,6.0,4,11:20,12:10,Test Lab,4,1,1,1,75
Friday,cse_g1,6.0,5,13:40,14:30,Test Lab,2,1,1,1,75
Friday,cse_g1,6.0,6,14:30,15:20,Test Lab,2,1,1,1,75
Friday,cse_g2,4.0,7,15:30,16:20,Test Lab,2,1,1,1,75
Friday,cse_g2,4.0,8,16:20,17:10,Test Lab,2,1,0,1,75
Monday,,,1,08:30,09:20,Test Lab,0,0,0,0,76
Monday,,,2,09:20,10:10,Test Lab,0,0,1,0,76
Monday,cse_g1,6.0,3,10:30,11:20,Test Lab,2,0,1,1,76
Monday,cse_g1,6.0,4,11:20,12:10,Test Lab,2,1,1,1,76
Monday,cse_g2,2.0,5,13:40,14:30,Test Lab,2,1,1,1,76
Monday,cse_g2,2.0,6,14:30,15:20,Test Lab,2,1,0,1,76
Monday,,,7,15:30,16:20,Test Lab,0,1,0,0,76
Monday,,,8,16:20,17:10,Test Lab,0,0,0,0,76
Tuesday,cse_g1,4.0,1,08:30,09:20,Test Lab,4,0,1,1,76
Tuesday,cse_g1,4.0,2,09:20,10:10,Test Lab,4,1,1,1,76
Tuesday,cse_g1,4.0,3,10:30,11:20,Test Lab,4,1,1,1,76
Tuesday,cse_g1,4.0,4,11:20,12:10,Test Lab,4,1,1,1,76
Tuesday,cse_aiml,6.0,5,13:40,14:30,Test Lab,4,1,1,1,76
Tuesday,cse_aiml,6.0,6,14:30,15:20,Test Lab,4,1,1,1,76
Tuesday,cse_aiml,6.0,7,15:30,16:20,Test Lab,4,1,1,1,76
Tuesday,cse_aiml,6.0,8,16:20,17:10,Test Lab,4,1,0,1,76
Wednesday,,,1,08:30,09:20,Test Lab,0,0,1,0,76
Wednesday,cse_g2,6.0,2,09:20,10:10,Test Lab,2,0,1,1,76
Wednesday,cse_g2,6.0,3,10:30,11:20,Test Lab,2,1,0,1,76
Wednesday,,,4,11:20,12:10,Test Lab,0,1,1,0,76
Wednesday,cse_g1,2.0,5,13:40,14:30,Test Lab,2,0,1,1,76
Wednesday,cse_g1,2.0,6,14:30,15:20,Test Lab,2,1,1,1,76
Wednesday,cse_g1,8.0,7,15:30,16:20,Test Lab,2,1,1,1,76
Wednesday,cse_g1,8.0,8,16:20,17:10,Test Lab,2,1,0,1,76
Thursday,,,1,08:30,09:20,Test Lab,0,0,0,0,76
Thursday,,,2,09:20,10:10,Test Lab,0,0,1,1,76
Thursday,cse_g2,8.0,3,10:30,11:20,Test Lab,2,0,1,1,76
Thursday,cse_g2,8.0,4,11:20,12:10,Test Lab,2,1,1,0,76
Thursday,cse_g1,6.0,5,13:40,14:30,Test Lab,4,1,1,0,76
Thursday,cse_g1,6.0,6,14:30,15:20,Test Lab,4,1,1,1,76
Thursday,cse_g1,6.0,7,15:30,16:20,Test Lab,4,1,1,1,76
Thursday,cse_g1,6.0,8,16:20,17:10,Test Lab,4,1,0,1,76
Friday,cse_aiml,6.0,1,08:30,09:20,Test Lab,4,0,1,1,76
Friday,cse_aiml,6.0,2,09:20,10:10,Test Lab,4,1,1,1,76
Friday,cse_aiml,6.0,3,10:30,11:20,Test Lab,4,1,1,1,76
Friday,cse_aiml,6.0,4,11:20,12:10,Test Lab,4,1,1,0,76
Friday,cse_g1,6.0,5,13:40,14:30,Test Lab,2,1,1,1,76
Friday,cse_g1,6.0,6,14:30,15:20,Test Lab,2,1,1,1,76
Friday,cse_g2,4.0,7,15:30,16:20,Test Lab,2,1,1,1,76
Friday,cse_g2,4.0,8,16:20,17:10,Test Lab,2,1,0,1,76
Monday,,,1,08:30,09:20,Test Lab,0,0,0,0,77
Monday,,,2,09:20,10:10,Test Lab,0,0,1,0,77
Monday,cse_g1,6.0,3,10:30,11:20,Test Lab,2,0,1,0,77
Monday,cse_g1,6.0,4,11:20,12:10,Test Lab,2,1,1,1,77
Monday,cse_g2,2.0,5,13:40,14:30,Test Lab,2,1,1,1,77
Monday,cse_g2,2.0,6,14:30,15:20,Test Lab,2,1,0,1,77
Monday,,,7,15:30,16:20,Test Lab,0,1,0,0,77
Monday,,,8,16:20,17:10,Test Lab,0,0,0,0,77
Tuesday,cse_g1,4.0,1,08:30,09:20,Test Lab,4,0,1,1,77
Tuesday,cse_g1,4.0,2,09:20,10:10,Test Lab,4,1,1,1,77
Tuesday,cse_g1,4.0,3,10:30,11:20,Test Lab,4,1,1,1,77
Tuesday,cse_g1,4.0,4,11:20,12:10,Test Lab,4,1,1,1,77
Tuesday,cse_aiml,6.0,5,13:40,14:30,Test Lab,4,1,1,1,77
Tuesday,cse_aiml,6.0,6,14:30,15:20,Test Lab,4,1,1,1,77
Tuesday,cse_aiml,6.0,7,15:30,16:20,Test Lab,4,1,1,1,77
Tuesday,cse_aiml,6.0,8,16:20,17:10,Test Lab,4,1,0,1,77
Wednesday,,,1,08:30,09:20,Test Lab,0,0,1,0,77
Wednesday,cse_g2,6.0,2,09:20,10:10,Test Lab,2,0,1,1,77
Wednesday,cse_g2,6.0,3,10:30,11:20,Test Lab,2,1,0,1,77
Wednesday,,,4,11:20,12:10,Test Lab,0,1,1,0,77
Wednesday,cse_g1,2.0,5,13:40,14:30,Test Lab,2,0,1,1,77
Wednesday,cse_g1,2.0,6,14:30,15:20,Test Lab,2,1,1,1,77
Wednesday,cse_g1,8.0,7,15:30,16:20,Test Lab,2,1,1,1,77
Wednesday,cse_g1,8.0,8,16:20,17:10,Test Lab,2,1,0,1,77
Thursday,,,1,08:30,09:20,Test Lab,0,0,0,0,77
Thursday,,,2,09:20,10:10,Test Lab,0,0,1,0,77
Thursday,cse_g2,8.0,3,10:30,11:20,Test Lab,2,0,1,1,77
Thursday,cse_g2,8.0,4,11:20,12:10,Test Lab,2,1,1,1,77
Thursday,cse_g1,6.0,5,13:40,14:30,Test Lab,4,1,1,1,77
Thursday,cse_g1,6.0,6,14:30,15:20,Test Lab,4,1,1,1,77
Thursday,cse_g1,6.0,7,15:30,16:20,Test Lab,4,1,1,1,77
Thursday,cse_g1,6.0,8,16:20,17:10,Test Lab,4,1,0,1,77
Friday,cse_aiml,6.0,1,08:30,09:20,Test Lab,4,0,1,1,77
Friday,cse_aiml,6.0,2,09:20,10:10,Test Lab,4,1,1,1,77
Friday,cse_aiml,6.0,3,10:30,11:20,Test Lab,4,1,1,1,77
Friday,cse_aiml,6.0,4,11:20,12:10,Test Lab,4,1,1,1,77
Friday,cse_g1,6.0,5,13:40,14:30,Test Lab,2,1,1,1,77
Friday,cse_g1,6.0,6,14:30,15:20,Test Lab,2,1,1,1,77
Friday,cse_g2,4.0,7,15:30,16:20,Test Lab,2,1,1,1,77
Friday,cse_g2,4.0,8,16:20,17:10,Test Lab,2,1,0,1,77
Monday,,,1,08:30,09:20,Test Lab,0,0,0,0,78
Monday,,,2,09:20,10:10,Test Lab,0,0,1,0,78
Monday,cse_g1,6.0,3,10:30,11:20,Test Lab,2,0,1,1,78
Monday,cse_g1,6.0,4,11:20,12:10,Test Lab,2,1,1,1,78
Monday,cse_g2,2.0,5,13:40,14:30,Test Lab,2,1,1,1,78
Monday,cse_g2,2.0,6,14:30,15:20,Test Lab,2,1,0,1,78
Monday,,,7,15:30,16:20,Test Lab,0,1,0,0,78
Monday,,,8,16:20,17:10,Test Lab,0,0,0,0,78
Tuesday,cse_g1,4.0,1,08:30,09:20,Test Lab,4,0,1,1,78
Tuesday,cse_g1,4.0,2,09:20,10:10,Test Lab,4,1,1,1,78
Tuesday,cse_g1,4.0,3,10:30,11:20,Test Lab,4,1,1,1,78
Tuesday,cse_g1,4.0,4,11:20,12:10,Test Lab,4,1,1,1,78
Tuesday,cse_aiml,6.0,5,13:40,14:30,Test Lab,4,1,1,1,78
Tuesday,cse_aiml,6.0,6,14:30,15:20,Test Lab,4,1,1,1,78
Tuesday,cse_aiml,6.0,7,15:30,16:20,Test Lab,4,1,1,1,78
Tuesday,cse_aiml,6.0,8,16:20,17:10,Test Lab,4,1,0,1,78
Wednesday,,,1,08:30,09:20,Test Lab,0,0,1,0,78
Wednesday,cse_g2,6.0,2,09:20,10:10,Test Lab,2,0,1,1,78
Wednesday,cse_g2,6.0,3,10:30,11:20,Test Lab,2,1,0,1,78
Wednesday,,,4,11:20,12:10,Test Lab,0,1,1,0,78
Wednesday,cse_g1,2.0,5,13:40,14:30,Test Lab,2,0,1,1,78
Wednesday,cse_g1,2.0,6,14:30,15:20,Test Lab,2,1,1,1,78
Wednesday,cse_g1,8.0,7,15:30,16:20,Test Lab,2,1,1,1,78
Wednesday,cse_g1,8.0,8,16:20,17:10,Test Lab,2,1,0,1,78
Thursday,,,1,08:30,09:20,Test Lab,0,0,0,0,78
Thursday,,,2,09:20,10:10,Test Lab,0,0,1,0,78
Thursday,cse_g2,8.0,3,10:30,11:20,Test Lab,2,0,1,1,78
Thursday,cse_g2,8.0,4,11:20,12:10,Test Lab,2,1,1,1,78
Thursday,cse_g1,6.0,5,13:40,14:30,Test Lab,4,1,1,1,78
Thursday,cse_g1,6.0,6,14:30,15:20,Test Lab,4,1,1,1,78
Thursday,cse_g1,6.0,7,15:30,16:20,Test Lab,4,1,1,1,78
Thursday,cse_g1,6.0,8,16:20,17:10,Test Lab,4,1,0,1,78
Friday,cse_aiml,6.0,1,08:30,09:20,Test Lab,4,0,1,1,78
Friday,cse_aiml,6.0,2,09:20,10:10,Test Lab,4,1,1,1,78
Friday,cse_aiml,6.0,3,10:30,11:20,Test Lab,4,1,1,1,78
Friday,cse_aiml,6.0,4,11:20,12:10,Test Lab,4,1,1,1,78
Friday,cse_g1,6.0,5,13:40,14:30,Test Lab,2,1,1,1,78
Friday,cse_g1,6.0,6,14:30,15:20,Test Lab,2,1,1,1,78
Friday,cse_g2,4.0,7,15:30,16:20,Test Lab,2,1,1,1,78
Friday,cse_g2,4.0,8,16:20,17:10,Test Lab,2,1,0,1,78
Monday,,,1,08:30,09:20,Test Lab,0,0,0,0,79
Monday,,,2,09:20,10:10,Test Lab,0,0,1,0,79
Monday,cse_g1,6.0,3,10:30,11:20,Test Lab,2,0,1,1,79
Monday,cse_g1,6.0,4,11:20,12:10,Test Lab,2,1,1,1,79
Monday,cse_g2,2.0,5,13:40,14:30,Test Lab,2,1,1,0,79
Monday,cse_g2,2.0,6,14:30,15:20,Test Lab,2,1,0,1,79
Monday,,,7,15:30,16:20,Test Lab,0,1,0,0,79
Monday,,,8,16:20,17:10,Test Lab,0,0,0,0,79
Tuesday,cse_g1,4.0,1,08:30,09:20,Test Lab,4,0,1,1,79
Tuesday,cse_g1,4.0,2,09:20,10:10,Test Lab,4,1,1,1,79
Tuesday,cse_g1,4.0,3,10:30,11:20,Test Lab,4,1,1,1,79
Tuesday,cse_g1,4.0,4,11:20,12:10,Test Lab,4,1,1,1,79
Tuesday,cse_aiml,6.0,5,13:40,14:30,Test Lab,4,1,1,1,79
Tuesday,cse_aiml,6.0,6,14:30,15:20,Test Lab,4,1,1,1,79
Tuesday,cse_aiml,6.0,7,15:30,16:20,Test Lab,4,1,1,1,79
Tuesday,cse_aiml,6.0,8,16:20,17:10,Test Lab,4,1,0,1,79
Wednesday,,,1,08:30,09:20,Test Lab,0,0,1,0,79
Wednesday,cse_g2,6.0,2,09:20,10:10,Test Lab,2,0,1,1,79
Wednesday,cse_g2,6.0,3,10:30,11:20,Test Lab,2,1,0,1,79
Wednesday,,,4,11:20,12:10,Test Lab,0,1,1,0,79
Wednesday,cse_g1,2.0,5,13:40,14:30,Test Lab,2,0,1,1,79
Wednesday,cse_g1,2.0,6,14:30,15:20,Test Lab,2,1,1,1,79
Wednesday,cse_g1,8.0,7,15:30,16:20,Test Lab,2,1,1,0,79
Wednesday,cse_g1,8.0,8,16:20,17:10,Test Lab,2,1,0,1,79
Thursday,,,1,08:30,09:20,Test Lab,0,0,0,0,79
Thursday,,,2,09:20,10:10,Test Lab,0,0,1,0,79
Thursday,cse_g2,8.0,3,10:30,11:20,Test Lab,2,0,1,1,79
Thursday,cse_g2,8.0,4,11:20,12:10,Test Lab,2,1,1,0,79
Thursday,cse_g1,6.0,5,13:40,14:30,Test Lab,4,1,1,1,79
Thursday,cse_g1,6.0,6,14:30,15:20,Test Lab,4,1,1,1,79
Thursday,cse_g1,6.0,7,15:30,16:20,Test Lab,4,1,1,1,79
Thursday,cse_g1,6.0,8,16:20,17:10,Test Lab,4,1,0,1,79
Friday,cse_aiml,6.0,1,08:30,09:20,Test Lab,4,0,1,1,79
Friday,cse_aiml,6.0,2,09:20,10:10,Test Lab,4,1,1,1,79
Friday,cse_aiml,6.0,3,10:30,11:20,Test Lab,4,1,1,1,79
Friday,cse_aiml,6.0,4,11:20,12:10,Test Lab,4,1,1,1,79
Friday,cse_g1,6.0,5,13:40,14:30,Test Lab,2,1,1,1,79
Friday,cse_g1,6.0,6,14:30,15:20,Test Lab,2,1,1,1,79
Friday,cse_g2,4.0,7,15:30,16:20,Test Lab,2,1,1,1,79
Friday,cse_g2,4.0,8,16:20,17:10,Test Lab,2,1,0,1,79
Monday,,,1,08:30,09:20,Test Lab,0,0,0,0,80
Monday,,,2,09:20,10:10,Test Lab,0,0,1,0,80
Monday,cse_g1,6.0,3,10:30,11:20,Test Lab,2,0,1,1,80
Monday,cse_g1,6.0,4,11:20,12:10,Test Lab,2,1,1,1,80
Monday,cse_g2,2.0,5,13:40,14:30,Test Lab,2,1,1,1,80
Monday,cse_g2,2.0,6,14:30,15:20,Test Lab,2,1,0,1,80
Monday,,,7,15:30,16:20,Test Lab,0,1,0,0,80
Monday,,,8,16:20,17:10,Test Lab,0,0,0,0,80
Tuesday,cse_g1,4.0,1,08:30,09:20,Test Lab,4,0,1,1,80
Tuesday,cse_g1,4.0,2,09:20,10:10,Test Lab,4,1,1,1,80
Tuesday,cse_g1,4.0,3,10:30,11:20,Test Lab,4,1,1,1,80
Tuesday,cse_g1,4.0,4,11:20,12:10,Test Lab,4,1,1,1,80
Tuesday,cse_aiml,6.0,5,13:40,14:30,Test Lab,4,1,1,1,80
Tuesday,cse_aiml,6.0,6,14:30,15:20,Test Lab,4,1,1,1,80
Tuesday,cse_aiml,6.0,7,15:30,16:20,Test Lab,4,1,1,1,80
Tuesday,cse_aiml,6.0,8,16:20,17:10,Test Lab,4,1,0,1,80
Wednesday,,,1,08:30,09:20,Test Lab,0,0,1,0,80
Wednesday,cse_g2,6.0,2,09:20,10:10,Test Lab,2,0,1,1,80
Wednesday,cse_g2,6.0,3,10:30,11:20,Test Lab,2,1,0,1,80
Wednesday,,,4,11:20,12:10,Test Lab,0,1,1,0,80
Wednesday,cse_g1,2.0,5,13:40,14:30,Test Lab,2,0,1,1,80
Wednesday,cse_g1,2.0,6,14:30,15:20,Test Lab,2,1,1,1,80
Wednesday,cse_g1,8.0,7,15:30,16:20,Test Lab,2,1,1,1,80
Wednesday,cse_g1,8.0,8,16:20,17:10,Test Lab,2,1,0,1,80
Thursday,,,1,08:30,09:20,Test Lab,0,0,0,0,80
Thursday,,,2,09:20,10:10,Test Lab,0,0,1,0,80
Thursday,cse_g2,8.0,3,10:30,11:20,Test Lab,2,0,1,1,80
Thursday,cse_g2,8.0,4,11:20,12:10,Test Lab,2,1,1,1,80
Thursday,cse_g1,6.0,5,13:40,14:30,Test Lab,4,1,1,0,80
Thursday,cse_g1,6.0,6,14:30,15:20,Test Lab,4,1,1,1,80
Thursday,cse_g1,6.0,7,15:30,16:20,Test Lab,4,1,1,1,80
Thursday,cse_g1,6.0,8,16:20,17:10,Test Lab,4,1,0,1,80
Friday,cse_aiml,6.0,1,08:30,09:20,Test Lab,4,0,1,1,80
Friday,cse_aiml,6.0,2,09:20,10:10,Test Lab,4,1,1,1,80
Friday,cse_aiml,6.0,3,10:30,11:20,Test Lab,4,1,1,0,80
Friday,cse_aiml,6.0,4,11:20,12:10,Test Lab,4,1,1,1,80
Friday,cse_g1,6.0,5,13:40,14:30,Test Lab,2,1,1,1,80
Friday,cse_g1,6.0,6,14:30,15:20,Test Lab,2,1,1,1,80
Friday,cse_g2,4.0,7,15:30,16:20,Test Lab,2,1,1,0,80
Friday,cse_g2,4.0,8,16:20,17:10,Test Lab,2,1,0,1,80
Monday,,,1,08:30,09:20,Test Lab,0,0,0,0,81
Monday,,,2,09:20,10:10,Test Lab,0,0,1,0,81
Monday,cse_g1,6.0,3,10:30,11:20,Test Lab,2,0,1,1,81
Monday,cse_g1,6.0,4,11:20,12:10,Test Lab,2,1,1,1,81
Monday,cse_g2,2.0,5,13:40,14:30,Test Lab,2,1,1,1,81
Monday,cse_g2,2.0,6,14:30,15:20,Test Lab,2,1,0,1,81
Monday,,,7,15:30,16:20,Test Lab,0,1,0,0,81
Monday,,,8,16:20,17:10,Test Lab,0,0,0,0,81
Tuesday,cse_g1,4.0,1,08:30,09:20,Test Lab,4,0,1,1,81
Tuesday,cse_g1,4.0,2,09:20,10:10,Test Lab,4,1,1,1,81
Tuesday,cse_g1,4.0,3,10:30,11:20,Test Lab,4,1,1,1,81
Tuesday,cse_g1,4.0,4,11:20,12:10,Test Lab,4,1,1,1,81
Tuesday,cse_aiml,6.0,5,13:40,14:30,Test Lab,4,1,1,0,81
Tuesday,cse_aiml,6.0,6,14:30,15:20,Test Lab,4,1,1,1,81
Tuesday,cse_aiml,6.0,7,15:30,16:20,Test Lab,4,1,1,1,81
Tuesday,cse_aiml,6.0,8,16:20,17:10,Test Lab,4,1,0,1,81
Wednesday,,,1,08:30,09:20,Test Lab,0,0,1,0,81
Wednesday,cse_g2,6.0,2,09:20,10:10,Test Lab,2,0,1,1,81
Wednesday,cse_g2,6.0,3,10:30,11:20,Test Lab,2,1,0,1,81
Wednesday,,,4,11:20,12:10,Test Lab,0,1,1,0,81
Wednesday,cse_g1,2.0,5,13:40,14:30,Test Lab,2,0,1,1,81
Wednesday,cse_g1,2.0,6,14:30,15:20,Test Lab,2,1,1,1,81
Wednesday,cse_g1,8.0,7,15:30,16:20,Test Lab,2,1,1,1,81
Wednesday,cse_g1,8.0,8,16:20,17:10,Test Lab,2,1,0,1,81
Thursday,,,1,08:30,09:20,Test Lab,0,0,0,0,81
Thursday,,,2,09:20,10:10,Test Lab,0,0,1,0,81
Thursday,cse_g2,8.0,3,10:30,11:20,Test Lab,2,0,1,0,81
Thursday,cse_g2,8.0,4,11:20,12:10,Test Lab,2,1,1,1,81
Thursday,cse_g1,6.0,5,13:40,14:30,Test Lab,4,1,1,1,81
Thursday,cse_g1,6.0,6,14:30,15:20,Test Lab,4,1,1,1,81
Thursday,cse_g1,6.0,7,15:30,16:20,Test Lab,4,1,1,1,81
Thursday,cse_g1,6.0,8,16:20,17:10,Test Lab,4,1,0,1,81
Friday,cse_aiml,6.0,1,08:30,09:20,Test Lab,4,0,1,1,81
Friday,cse_aiml,6.0,2,09:20,10:10,Test Lab,4,1,1,1,81
Friday,cse_aiml,6.0,3,10:30,11:20,Test Lab,4,1,1,1,81
Friday,cse_aiml,6.0,4,11:20,12:10,Test Lab,4,1,1,1,81
Friday,cse_g1,6.0,5,13:40,14:30,Test Lab,2,1,1,1,81
Friday,cse_g1,6.0,6,14:30,15:20,Test Lab,2,1,1,1,81
Friday,cse_g2,4.0,7,15:30,16:20,Test Lab,2,1,1,1,81
Friday,cse_g2,4.0,8,16:20,17:10,Test Lab,2,1,0,1,81
Monday,,,1,08:30,09:20,Test Lab,0,0,0,0,82
Monday,,,2,09:20,10:10,Test Lab,0,0,1,0,82
Monday,cse_g1,6.0,3,10:30,11:20,Test Lab,2,0,1,1,82
Monday,cse_g1,6.0,4,11:20,12:10,Test Lab,2,1,1,1,82
Monday,cse_g2,2.0,5,13:40,14:30,Test Lab,2,1,1,1,82
Monday,cse_g2,2.0,6,14:30,15:20,Test Lab,2,1,0,1,82
Monday,,,7,15:30,16:20,Test Lab,0,1,0,0,82
Monday,,,8,16:20,17:10,Test Lab,0,0,0,0,82
Tuesday,cse_g1,4.0,1,08:30,09:20,Test Lab,4,0,1,1,82
Tuesday,cse_g1,4.0,2,09:20,10:10,Test Lab,4,1,1,1,82
Tuesday,cse_g1,4.0,3,10:30,11:20,Test Lab,4,1,1,1,82
Tuesday,cse_g1,4.0,4,11:20,12:10,Test Lab,4,1,1,1,82
Tuesday,cse_aiml,6.0,5,13:40,14:30,Test Lab,4,1,1,1,82
Tuesday,cse_aiml,6.0,6,14:30,15:20,Test Lab,4,1,1,1,82
Tuesday,cse_aiml,6.0,7,15:30,16:20,Test Lab,4,1,1,1,82
Tuesday,cse_aiml,6.0,8,16:20,17:10,Test Lab,4,1,0,1,82
Wednesday,,,1,08:30,09:20,Test Lab,0,0,1,1,82
Wednesday,cse_g2,6.0,2,09:20,10:10,Test Lab,2,0,1,1,82
Wednesday,cse_g2,6.0,3,10:30,11:20,Test Lab,2,1,0,1,82
Wednesday,,,4,11:20,12:10,Test Lab,0,1,1,0,82
Wednesday,cse_g1,2.0,5,13:40,14:30,Test Lab,2,0,1,1,82
Wednesday,cse_g1,2.0,6,14:30,15:20,Test Lab,2,1,1,0,82
Wednesday,cse_g1,8.0,7,15:30,16:20,Test Lab,2,1,1,1,82
Wednesday,cse_g1,8.0,8,16:20,17:10,Test Lab,2,1,0,1,82
Thursday,,,1,08:30,09:20,Test Lab,0,0,0,0,82
Thursday,,,2,09:20,10:10,Test Lab,0,0,1,1,82
Thursday,cse_g2,8.0,3,10:30,11:20,Test Lab,2,0,1,1,82
Thursday,cse_g2,8.0,4,11:20,12:10,Test Lab,2,1,1,1,82
Thursday,cse_g1,6.0,5,13:40,14:30,Test Lab,4,1,1,0,82
Thursday,cse_g1,6.0,6,14:30,15:20,Test Lab,4,1,1,1,82
Thursday,cse_g1,6.0,7,15:30,16:20,Test Lab,4,1,1,1,82
Thursday,cse_g1,6.0,8,16:20,17:10,Test Lab,4,1,0,1,82
Friday,cse_aiml,6.0,1,08:30,09:20,Test Lab,4,0,1,1,82
Friday,cse_aiml,6.0,2,09:20,10:10,Test Lab,4,1,1,1,82
Friday,cse_aiml,6.0,3,10:30,11:20,Test Lab,4,1,1,1,82
Friday,cse_aiml,6.0,4,11:20,12:10,Test Lab,4,1,1,1,82
Friday,cse_g1,6.0,5,13:40,14:30,Test Lab,2,1,1,1,82
Friday,cse_g1,6.0,6,14:30,15:20,Test Lab,2,1,1,1,82
Friday,cse_g2,4.0,7,15:30,16:20,Test Lab,2,1,1,1,82
Friday,cse_g2,4.0,8,16:20,17:10,Test Lab,2,1,0,0,82
Monday,,,1,08:30,09:20,Test Lab,0,0,0,0,83
Monday,,,2,09:20,10:10,Test Lab,0,0,1,0,83
Monday,cse_g1,6.0,3,10:30,11:20,Test Lab,2,0,1,1,83
Monday,cse_g1,6.0,4,11:20,12:10,Test Lab,2,1,1,1,83
Monday,cse_g2,2.0,5,13:40,14:30,Test Lab,2,1,1,1,83
Monday,cse_g2,2.0,6,14:30,15:20,Test Lab,2,1,0,1,83
Monday,,,7,15:30,16:20,Test Lab,0,1,0,0,83
Monday,,,8,16:20,17:10,Test Lab,0,0,0,0,83
Tuesday,cse_g1,4.0,1,08:30,09:20,Test Lab,4,0,1,1,83
Tuesday,cse_g1,4.0,2,09:20,10:10,Test Lab,4,1,1,1,83
Tuesday,cse_g1,4.0,3,10:30,11:20,Test Lab,4,1,1,1,83
Tuesday,cse_g1,4.0,4,11:20,12:10,Test Lab,4,1,1,1,83
Tuesday,cse_aiml,6.0,5,13:40,14:30,Test Lab,4,1,1,1,83
Tuesday,cse_aiml,6.0,6,14:30,15:20,Test Lab,4,1,1,1,83
Tuesday,cse_aiml,6.0,7,15:30,16:20,Test Lab,4,1,1,1,83
Tuesday,cse_aiml,6.0,8,16:20,17:10,Test Lab,4,1,0,1,83
Wednesday,,,1,08:30,09:20,Test Lab,0,0,1,0,83
Wednesday,cse_g2,6.0,2,09:20,10:10,Test Lab,2,0,1,1,83
Wednesday,cse_g2,6.0,3,10:30,11:20,Test Lab,2,1,0,1,83
Wednesday,,,4,11:20,12:10,Test Lab,0,1,1,1,83
Wednesday,cse_g1,2.0,5,13:40,14:30,Test Lab,2,0,1,1,83
Wednesday,cse_g1,2.0,6,14:30,15:20,Test Lab,2,1,1,0,83
Wednesday,cse_g1,8.0,7,15:30,16:20,Test Lab,2,1,1,1,83
Wednesday,cse_g1,8.0,8,16:20,17:10,Test Lab,2,1,0,1,83
Thursday,,,1,08:30,09:20,Test Lab,0,0,0,0,83
Thursday,,,2,09:20,10:10,Test Lab,0,0,1,0,83
Thursday,cse_g2,8.0,3,10:30,11:20,Test Lab,2,0,1,1,83
Thursday,cse_g2,8.0,4,11:20,12:10,Test Lab,2,1,1,1,83
Thursday,cse_g1,6.0,5,13:40,14:30,Test Lab,4,1,1,1,83
Thursday,cse_g1,6.0,6,14:30,15:20,Test Lab,4,1,1,1,83
Thursday,cse_g1,6.0,7,15:30,16:20,Test Lab,4,1,1,1,83
Thursday,cse_g1,6.0,8,16:20,17:10,Test Lab,4,1,0,1,83
Friday,cse_aiml,6.0,1,08:30,09:20,Test Lab,4,0,1,1,83
Friday,cse_aiml,6.0,2,09:20,10:10,Test Lab,4,1,1,1,83
Friday,cse_aiml,6.0,3,10:30,11:20,Test Lab,4,1,1,1,83
Friday,cse_aiml,6.0,4,11:20,12:10,Test Lab,4,1,1,1,83
Friday,cse_g1,6.0,5,13:40,14:30,Test Lab,2,1,1,1,83
Friday,cse_g1,6.0,6,14:30,15:20,Test Lab,2,1,1,1,83
Friday,cse_g2,4.0,7,15:30,16:20,Test Lab,2,1,1,1,83
Friday,cse_g2,4.0,8,16:20,17:10,Test Lab,2,1,0,0,83
Monday,,,1,08:30,09:20,Test Lab,0,0,0,0,84
Monday,,,2,09:20,10:10,Test Lab,0,0,1,0,84
Monday,cse_g1,6.0,3,10:30,11:20,Test Lab,2,0,1,1,84
Monday,cse_g1,6.0,4,11:20,12:10,Test Lab,2,1,1,1,84
Monday,cse_g2,2.0,5,13:40,14:30,Test Lab,2,1,1,1,84
Monday,cse_g2,2.0,6,14:30,15:20,Test Lab,2,1,0,1,84
Monday,,,7,15:30,16:20,Test Lab,0,1,0,0,84
Monday,,,8,16:20,17:10,Test Lab,0,0,0,0,84
Tuesday,cse_g1,4.0,1,08:30,09:20,Test Lab,4,0,1,1,84
Tuesday,cse_g1,4.0,2,09:20,10:10,Test Lab,4,1,1,1,84
Tuesday,cse_g1,4.0,3,10:30,11:20,Test Lab,4,1,1,1,84
Tuesday,cse_g1,4.0,4,11:20,12:10,Test Lab,4,1,1,1,84
Tuesday,cse_aiml,6.0,5,13:40,14:30,Test Lab,4,1,1,1,84
Tuesday,cse_aiml,6.0,6,14:30,15:20,Test Lab,4,1,1,1,84
Tuesday,cse_aiml,6.0,7,15:30,16:20,Test Lab,4,1,1,1,84
Tuesday,cse_aiml,6.0,8,16:20,17:10,Test Lab,4,1,0,1,84
Wednesday,,,1,08:30,09:20,Test Lab,0,0,1,0,84
Wednesday,cse_g2,6.0,2,09:20,10:10,Test Lab,2,0,1,1,84
Wednesday,cse_g2,6.0,3,10:30,11:20,Test Lab,2,1,0,1,84
Wednesday,,,4,11:20,12:10,Test Lab,0,1,1,0,84
Wednesday,cse_g1,2.0,5,13:40,14:30,Test Lab,2,0,1,1,84
Wednesday,cse_g1,2.0,6,14:30,15:20,Test Lab,2,1,1,1,84
Wednesday,cse_g1,8.0,7,15:30,16:20,Test Lab,2,1,1,1,84
Wednesday,cse_g1,8.0,8,16:20,17:10,Test Lab,2,1,0,1,84
Thursday,,,1,08:30,09:20,Test Lab,0,0,0,0,84
Thursday,,,2,09:20,10:10,Test Lab,0,0,1,0,84
Thursday,cse_g2,8.0,3,10:30,11:20,Test Lab,2,0,1,1,84
Thursday,cse_g2,8.0,4,11:20,12:10,Test Lab,2,1,1,1,84
Thursday,cse_g1,6.0,5,13:40,14:30,Test Lab,4,1,1,1,84
Thursday,cse_g1,6.0,6,14:30,15:20,Test Lab,4,1,1,1,84
Thursday,cse_g1,6.0,7,15:30,16:20,Test Lab,4,1,1,1,84
Thursday,cse_g1,6.0,8,16:20,17:10,Test Lab,4,1,0,1,84
Friday,cse_aiml,6.0,1,08:30,09:20,Test Lab,4,0,1,1,84
Friday,cse_aiml,6.0,2,09:20,10:10,Test Lab,4,1,1,1,84
Friday,cse_aiml,6.0,3,10:30,11:20,Test Lab,4,1,1,1,84
Friday,cse_aiml,6.0,4,11:20,12:10,Test Lab,4,1,1,1,84
Friday,cse_g1,6.0,5,13:40,14:30,Test Lab,2,1,1,1,84
Friday,cse_g1,6.0,6,14:30,15:20,Test Lab,2,1,1,0,84
Friday,cse_g2,4.0,7,15:30,16:20,Test Lab,2,1,1,1,84
Friday,cse_g2,4.0,8,16:20,17:10,Test Lab,2,1,0,1,84
Monday,,,1,08:30,09:20,Test Lab,0,0,0,0,85
Monday,,,2,09:20,10:10,Test Lab,0,0,1,0,85
Monday,cse_g1,6.0,3,10:30,11:20,Test Lab,2,0,1,1,85
Monday,cse_g1,6.0,4,11:20,12:10,Test Lab,2,1,1,0,85
Monday,cse_g2,2.0,5,13:40,14:30,Test Lab,2,1,1,1,85
Monday,cse_g2,2.0,6,14:30,15:20,Test Lab,2,1,0,1,85
Monday,,,7,15:30,16:20,Test Lab,0,1,0,0,85
Monday,,,8,16:20,17:10,Test Lab,0,0,0,0,85
Tuesday,cse_g1,4.0,1,08:30,09:20,Test Lab,4,0,1,1,85
Tuesday,cse_g1,4.0,2,09:20,10:10,Test Lab,4,1,1,1,85
Tuesday,cse_g1,4.0,3,10:30,11:20,Test Lab,4,1,1,1,85
Tuesday,cse_g1,4.0,4,11:20,12:10,Test Lab,4,1,1,1,85
Tuesday,cse_aiml,6.0,5,13:40,14:30,Test Lab,4,1,1,1,85
Tuesday,cse_aiml,6.0,6,14:30,15:20,Test Lab,4,1,1,1,85
Tuesday,cse_aiml,6.0,7,15:30,16:20,Test Lab,4,1,1,1,85
Tuesday,cse_aiml,6.0,8,16:20,17:10,Test Lab,4,1,0,1,85
Wednesday,,,1,08:30,09:20,Test Lab,0,0,1,0,85
Wednesday,cse_g2,6.0,2,09:20,10:10,Test Lab,2,0,1,1,85
Wednesday,cse_g2,6.0,3,10:30,11:20,Test Lab,2,1,0,1,85
Wednesday,,,4,11:20,12:10,Test Lab,0,1,1,0,85
Wednesday,cse_g1,2.0,5,13:40,14:30,Test Lab,2,0,1,1,85
Wednesday,cse_g1,2.0,6,14:30,15:20,Test Lab,2,1,1,0,85
Wednesday,cse_g1,8.0,7,15:30,16:20,Test Lab,2,1,1,1,85
Wednesday,cse_g1,8.0,8,16:20,17:10,Test Lab,2,1,0,1,85
Thursday,,,1,08:30,09:20,Test Lab,0,0,0,0,85
Thursday,,,2,09:20,10:10,Test Lab,0,0,1,0,85
Thursday,cse_g2,8.0,3,10:30,11:20,Test Lab,2,0,1,0,85
Thursday,cse_g2,8.0,4,11:20,12:10,Test Lab,2,1,1,1,85
Thursday,cse_g1,6.0,5,13:40,14:30,Test Lab,4,1,1,1,85
Thursday,cse_g1,6.0,6,14:30,15:20,Test Lab,4,1,1,1,85
Thursday,cse_g1,6.0,7,15:30,16:20,Test Lab,4,1,1,1,85
Thursday,cse_g1,6.0,8,16:20,17:10,Test Lab,4,1,0,1,85
Friday,cse_aiml,6.0,1,08:30,09:20,Test Lab,4,0,1,1,85
Friday,cse_aiml,6.0,2,09:20,10:10,Test Lab,4,1,1,1,85
Friday,cse_aiml,6.0,3,10:30,11:20,Test Lab,4,1,1,1,85
Friday,cse_aiml,6.0,4,11:20,12:10,Test Lab,4,1,1,1,85
Friday,cse_g1,6.0,5,13:40,14:30,Test Lab,2,1,1,1,85
Friday,cse_g1,6.0,6,14:30,15:20,Test Lab,2,1,1,1,85
Friday,cse_g2,4.0,7,15:30,16:20,Test Lab,2,1,1,1,85
Friday,cse_g2,4.0,8,16:20,17:10,Test Lab,2,1,0,0,85
Monday,,,1,08:30,09:20,Test Lab,0,0,0,0,86
Monday,,,2,09:20,10:10,Test Lab,0,0,1,0,86
Monday,cse_g1,6.0,3,10:30,11:20,Test Lab,2,0,1,1,86
Monday,cse_g1,6.0,4,11:20,12:10,Test Lab,2,1,1,1,86
Monday,cse_g2,2.0,5,13:40,14:30,Test Lab,2,1,1,1,86
Monday,cse_g2,2.0,6,14:30,15:20,Test Lab,2,1,0,1,86
Monday,,,7,15:30,16:20,Test Lab,0,1,0,0,86
Monday,,,8,16:20,17:10,Test Lab,0,0,0,0,86
Tuesday,cse_g1,4.0,1,08:30,09:20,Test Lab,4,0,1,1,86
Tuesday,cse_g1,4.0,2,09:20,10:10,Test Lab,4,1,1,1,86
Tuesday,cse_g1,4.0,3,10:30,11:20,Test Lab,4,1,1,1,86
Tuesday,cse_g1,4.0,4,11:20,12:10,Test Lab,4,1,1,1,86
Tuesday,cse_aiml,6.0,5,13:40,14:30,Test Lab,4,1,1,1,86
Tuesday,cse_aiml,6.0,6,14:30,15:20,Test Lab,4,1,1,1,86
Tuesday,cse_aiml,6.0,7,15:30,16:20,Test Lab,4,1,1,1,86
Tuesday,cse_aiml,6.0,8,16:20,17:10,Test Lab,4,1,0,1,86
Wednesday,,,1,08:30,09:20,Test Lab,0,0,1,0,86
Wednesday,cse_g2,6.0,2,09:20,10:10,Test Lab,2,0,1,1,86
Wednesday,cse_g2,6.0,3,10:30,11:20,Test Lab,2,1,0,1,86
Wednesday,,,4,11:20,12:10,Test Lab,0,1,1,0,86
Wednesday,cse_g1,2.0,5,13:40,14:30,Test Lab,2,0,1,1,86
Wednesday,cse_g1,2.0,6,14:30,15:20,Test Lab,2,1,1,1,86
Wednesday,cse_g1,8.0,7,15:30,16:20,Test Lab,2,1,1,1,86
Wednesday,cse_g1,8.0,8,16:20,17:10,Test Lab,2,1,0,1,86
Thursday,,,1,08:30,09:20,Test Lab,0,0,0,0,86
Thursday,,,2,09:20,10:10,Test Lab,0,0,1,0,86
Thursday,cse_g2,8.0,3,10:30,11:20,Test Lab,2,0,1,0,86
Thursday,cse_g2,8.0,4,11:20,12:10,Test Lab,2,1,1,1,86
Thursday,cse_g1,6.0,5,13:40,14:30,Test Lab,4,1,1,1,86
Thursday,cse_g1,6.0,6,14:30,15:20,Test Lab,4,1,1,1,86
Thursday,cse_g1,6.0,7,15:30,16:20,Test Lab,4,1,1,1,86
Thursday,cse_g1,6.0,8,16:20,17:10,Test Lab,4,1,0,1,86
Friday,cse_aiml,6.0,1,08:30,09:20,Test Lab,4,0,1,1,86
Friday,cse_aiml,6.0,2,09:20,10:10,Test Lab,4,1,1,1,86
Friday,cse_aiml,6.0,3,10:30,11:20,Test Lab,4,1,1,1,86
Friday,cse_aiml,6.0,4,11:20,12:10,Test Lab,4,1,1,1,86
Friday,cse_g1,6.0,5,13:40,14:30,Test Lab,2,1,1,1,86
Friday,cse_g1,6.0,6,14:30,15:20,Test Lab,2,1,1,1,86
Friday,cse_g2,4.0,7,15:30,16:20,Test Lab,2,1,1,1,86
Friday,cse_g2,4.0,8,16:20,17:10,Test Lab,2,1,0,0,86
Monday,,,1,08:30,09:20,Test Lab,0,0,0,0,87
Monday,,,2,09:20,10:10,Test Lab,0,0,1,0,87
Monday,cse_g1,6.0,3,10:30,11:20,Test Lab,2,0,1,1,87
Monday,cse_g1,6.0,4,11:20,12:10,Test Lab,2,1,1,1,87
Monday,cse_g2,2.0,5,13:40,14:30,Test Lab,2,1,1,0,87
Monday,cse_g2,2.0,6,14:30,15:20,Test Lab,2,1,0,1,87
Monday,,,7,15:30,16:20,Test Lab,0,1,0,1,87
Monday,,,8,16:20,17:10,Test Lab,0,0,0,0,87
Tuesday,cse_g1,4.0,1,08:30,09:20,Test Lab,4,0,1,1,87
Tuesday,cse_g1,4.0,2,09:20,10:10,Test Lab,4,1,1,1,87
Tuesday,cse_g1,4.0,3,10:30,11:20,Test Lab,4,1,1,1,87
Tuesday,cse_g1,4.0,4,11:20,12:10,Test Lab,4,1,1,1,87
Tuesday,cse_aiml,6.0,5,13:40,14:30,Test Lab,4,1,1,1,87
Tuesday,cse_aiml,6.0,6,14:30,15:20,Test Lab,4,1,1,1,87
Tuesday,cse_aiml,6.0,7,15:30,16:20,Test Lab,4,1,1,0,87
Tuesday,cse_aiml,6.0,8,16:20,17:10,Test Lab,4,1,0,1,87
Wednesday,,,1,08:30,09:20,Test Lab,0,0,1,0,87
Wednesday,cse_g2,6.0,2,09:20,10:10,Test Lab,2,0,1,1,87
Wednesday,cse_g2,6.0,3,10:30,11:20,Test Lab,2,1,0,1,87
Wednesday,,,4,11:20,12:10,Test Lab,0,1,1,0,87
Wednesday,cse_g1,2.0,5,13:40,14:30,Test Lab,2,0,1,1,87
Wednesday,cse_g1,2.0,6,14:30,15:20,Test Lab,2,1,1,1,87
Wednesday,cse_g1,8.0,7,15:30,16:20,Test Lab,2,1,1,1,87
Wednesday,cse_g1,8.0,8,16:20,17:10,Test Lab,2,1,0,1,87
Thursday,,,1,08:30,09:20,Test Lab,0,0,0,0,87
Thursday,,,2,09:20,10:10,Test Lab,0,0,1,0,87
Thursday,cse_g2,8.0,3,10:30,11:20,Test Lab,2,0,1,1,87
Thursday,cse_g2,8.0,4,11:20,12:10,Test Lab,2,1,1,1,87
Thursday,cse_g1,6.0,5,13:40,14:30,Test Lab,4,1,1,1,87
Thursday,cse_g1,6.0,6,14:30,15:20,Test Lab,4,1,1,1,87
Thursday,cse_g1,6.0,7,15:30,16:20,Test Lab,4,1,1,1,87
Thursday,cse_g1,6.0,8,16:20,17:10,Test Lab,4,1,0,1,87
Friday,cse_aiml,6.0,1,08:30,09:20,Test Lab,4,0,1,0,87
Friday,cse_aiml,6.0,2,09:20,10:10,Test Lab,4,1,1,1,87
Friday,cse_aiml,6.0,3,10:30,11:20,Test Lab,4,1,1,1,87
Friday,cse_aiml,6.0,4,11:20,12:10,Test Lab,4,1,1,1,87
Friday,cse_g1,6.0,5,13:40,14:30,Test Lab,2,1,1,1,87
Friday,cse_g1,6.0,6,14:30,15:20,Test Lab,2,1,1,1,87
Friday,cse_g2,4.0,7,15:30,16:20,Test Lab,2,1,1,1,87
Friday,cse_g2,4.0,8,16:20,17:10,Test Lab,2,1,0,1,87
Monday,,,1,08:30,09:20,Test Lab,0,0,0,0,88
Monday,,,2,09:20,10:10,Test Lab,0,0,1,0,88
Monday,cse_g1,6.0,3,10:30,11:20,Test Lab,2,0,1,1,88
Monday,cse_g1,6.0,4,11:20,12:10,Test Lab,2,1,1,1,88
Monday,cse_g2,2.0,5,13:40,14:30,Test Lab,2,1,1,1,88
Monday,cse_g2,2.0,6,14:30,15:20,Test Lab,2,1,0,1,88
Monday,,,7,15:30,16:20,Test Lab,0,1,0,0,88
Monday,,,8,16:20,17:10,Test Lab,0,0,0,0,88
Tuesday,cse_g1,4.0,1,08:30,09:20,Test Lab,4,0,1,1,88
Tuesday,cse_g1,4.0,2,09:20,10:10,Test Lab,4,1,1,0,88
Tuesday,cse_g1,4.0,3,10:30,11:20,Test Lab,4,1,1,1,88
Tuesday,cse_g1,4.0,4,11:20,12:10,Test Lab,4,1,1,1,88
Tuesday,cse_aiml,6.0,5,13:40,14:30,Test Lab,4,1,1,0,88
Tuesday,cse_aiml,6.0,6,14:30,15:20,Test Lab,4,1,1,1,88
Tuesday,cse_aiml,6.0,7,15:30,16:20,Test Lab,4,1,1,1,88
Tuesday,cse_aiml,6.0,8,16:20,17:10,Test Lab,4,1,0,1,88
Wednesday,,,1,08:30,09:20,Test Lab,0,0,1,0,88
Wednesday,cse_g2,6.0,2,09:20,10:10,Test Lab,2,0,1,1,88
Wednesday,cse_g2,6.0,3,10:30,11:20,Test Lab,2,1,0,1,88
Wednesday,,,4,11:20,12:10,Test Lab,0,1,1,0,88
Wednesday,cse_g1,2.0,5,13:40,14:30,Test Lab,2,0,1,1,88
Wednesday,cse_g1,2.0,6,14:30,15:20,Test Lab,2,1,1,1,88
Wednesday,cse_g1,8.0,7,15:30,16:20,Test Lab,2,1,1,0,88
Wednesday,cse_g1,8.0,8,16:20,17:10,Test Lab,2,1,0,1,88
Thursday,,,1,08:30,09:20,Test Lab,0,0,0,0,88
Thursday,,,2,09:20,10:10,Test Lab,0,0,1,0,88
Thursday,cse_g2,8.0,3,10:30,11:20,Test Lab,2,0,1,1,88
Thursday,cse_g2,8.0,4,11:20,12:10,Test Lab,2,1,1,1,88
Thursday,cse_g1,6.0,5,13:40,14:30,Test Lab,4,1,1,1,88
Thursday,cse_g1,6.0,6,14:30,15:20,Test Lab,4,1,1,1,88
Thursday,cse_g1,6.0,7,15:30,16:20,Test Lab,4,1,1,1,88
Thursday,cse_g1,6.0,8,16:20,17:10,Test Lab,4,1,0,1,88
Friday,cse_aiml,6.0,1,08:30,09:20,Test Lab,4,0,1,1,88
Friday,cse_aiml,6.0,2,09:20,10:10,Test Lab,4,1,1,1,88
Friday,cse_aiml,6.0,3,10:30,11:20,Test Lab,4,1,1,1,88
Friday,cse_aiml,6.0,4,11:20,12:10,Test Lab,4,1,1,1,88
Friday,cse_g1,6.0,5,13:40,14:30,Test Lab,2,1,1,1,88
Friday,cse_g1,6.0,6,14:30,15:20,Test Lab,2,1,1,1,88
Friday,cse_g2,4.0,7,15:30,16:20,Test Lab,2,1,1,1,88
Friday,cse_g2,4.0,8,16:20,17:10,Test Lab,2,1,0,1,88
Monday,,,1,08:30,09:20,Test Lab,0,0,0,0,89
Monday,,,2,09:20,10:10,Test Lab,0,0,1,0,89
Monday,cse_g1,6.0,3,10:30,11:20,Test Lab,2,0,1,0,89
Monday,cse_g1,6.0,4,11:20,12:10,Test Lab,2,1,1,1,89
Monday,cse_g2,2.0,5,13:40,14:30,Test Lab,2,1,1,1,89
Monday,cse_g2,2.0,6,14:30,15:20,Test Lab,2,1,0,1,89
Monday,,,7,15:30,16:20,Test Lab,0,1,0,0,89
Monday,,,8,16:20,17:10,Test Lab,0,0,0,0,89
Tuesday,cse_g1,4.0,1,08:30,09:20,Test Lab,4,0,1,1,89
Tuesday,cse_g1,4.0,2,09:20,10:10,Test Lab,4,1,1,1,89
Tuesday,cse_g1,4.0,3,10:30,11:20,Test Lab,4,1,1,1,89
Tuesday,cse_g1,4.0,4,11:20,12:10,Test Lab,4,1,1,1,89
Tuesday,cse_aiml,6.0,5,13:40,14:30,Test Lab,4,1,1,1,89
Tuesday,cse_aiml,6.0,6,14:30,15:20,Test Lab,4,1,1,1,89
Tuesday,cse_aiml,6.0,7,15:30,16:20,Test Lab,4,1,1,1,89
Tuesday,cse_aiml,6.0,8,16:20,17:10,Test Lab,4,1,0,1,89
Wednesday,,,1,08:30,09:20,Test Lab,0,0,1,0,89
Wednesday,cse_g2,6.0,2,09:20,10:10,Test Lab,2,0,1,1,89
Wednesday,cse_g2,6.0,3,10:30,11:20,Test Lab,2,1,0,1,89
Wednesday,,,4,11:20,12:10,Test Lab,0,1,1,0,89
Wednesday,cse_g1,2.0,5,13:40,14:30,Test Lab,2,0,1,1,89
Wednesday,cse_g1,2.0,6,14:30,15:20,Test Lab,2,1,1,1,89
Wednesday,cse_g1,8.0,7,15:30,16:20,Test Lab,2,1,1,1,89
Wednesday,cse_g1,8.0,8,16:20,17:10,Test Lab,2,1,0,1,89
Thursday,,,1,08:30,09:20,Test Lab,0,0,0,0,89
Thursday,,,2,09:20,10:10,Test Lab,0,0,1,0,89
Thursday,cse_g2,8.0,3,10:30,11:20,Test Lab,2,0,1,1,89
Thursday,cse_g2,8.0,4,11:20,12:10,Test Lab,2,1,1,1,89
Thursday,cse_g1,6.0,5,13:40,14:30,Test Lab,4,1,1,1,89
Thursday,cse_g1,6.0,6,14:30,15:20,Test Lab,4,1,1,1,89
Thursday,cse_g1,6.0,7,15:30,16:20,Test Lab,4,1,1,1,89
Thursday,cse_g1,6.0,8,16:20,17:10,Test Lab,4,1,0,0,89
Friday,cse_aiml,6.0,1,08:30,09:20,Test Lab,4,0,1,1,89
Friday,cse_aiml,6.0,2,09:20,10:10,Test Lab,4,1,1,1,89
Friday,cse_aiml,6.0,3,10:30,11:20,Test Lab,4,1,1,1,89
Friday,cse_aiml,6.0,4,11:20,12:10,Test Lab,4,1,1,1,89
Friday,cse_g1,6.0,5,13:40,14:30,Test Lab,2,1,1,1,89
Friday,cse_g1,6.0,6,14:30,15:20,Test Lab,2,1,1,1,89
Friday,cse_g2,4.0,7,15:30,16:20,Test Lab,2,1,1,1,89
Friday,cse_g2,4.0,8,16:20,17:10,Test Lab,2,1,0,1,89
Monday,,,1,08:30,09:20,Test Lab,0,0,0,0,90
Monday,,,2,09:20,10:10,Test Lab,0,0,1,0,90
Monday,cse_g1,6.0,3,10:30,11:20,Test Lab,2,0,1,0,90
Monday,cse_g1,6.0,4,11:20,12:10,Test Lab,2,1,1,1,90
Monday,cse_g2,2.0,5,13:40,14:30,Test Lab,2,1,1,0,90
Monday,cse_g2,2.0,6,14:30,15:20,Test Lab,2,1,0,1,90
Monday,,,7,15:30,16:20,Test Lab,0,1,0,0,90
Monday,,,8,16:20,17:10,Test Lab,0,0,0,0,90
Tuesday,cse_g1,4.0,1,08:30,09:20,Test Lab,4,0,1,1,90
Tuesday,cse_g1,4.0,2,09:20,10:10,Test Lab,4,1,1,1,90
Tuesday,cse_g1,4.0,3,10:30,11:20,Test Lab,4,1,1,1,90
Tuesday,cse_g1,4.0,4,11:20,12:10,Test Lab,4,1,1,1,90
Tuesday,cse_aiml,6.0,5,13:40,14:30,Test Lab,4,1,1,1,90
Tuesday,cse_aiml,6.0,6,14:30,15:20,Test Lab,4,1,1,1,90
Tuesday,cse_aiml,6.0,7,15:30,16:20,Test Lab,4,1,1,1,90
Tuesday,cse_aiml,6.0,8,16:20,17:10,Test Lab,4,1,0,1,90
Wednesday,,,1,08:30,09:20,Test Lab,0,0,1,0,90
Wednesday,cse_g2,6.0,2,09:20,10:10,Test Lab,2,0,1,1,90
Wednesday,cse_g2,6.0,3,10:30,11:20,Test Lab,2,1,0,1,90
Wednesday,,,4,11:20,12:10,Test Lab,0,1,1,0,90
Wednesday,cse_g1,2.0,5,13:40,14:30,Test Lab,2,0,1,1,90
Wednesday,cse_g1,2.0,6,14:30,15:20,Test Lab,2,1,1,1,90
Wednesday,cse_g1,8.0,7,15:30,16:20,Test Lab,2,1,1,1,90
Wednesday,cse_g1,8.0,8,16:20,17:10,Test Lab,2,1,0,1,90
Thursday,,,1,08:30,09:20,Test Lab,0,0,0,0,90
Thursday,,,2,09:20,10:10,Test Lab,0,0,1,0,90
Thursday,cse_g2,8.0,3,10:30,11:20,Test Lab,2,0,1,1,90
Thursday,cse_g2,8.0,4,11:20,12:10,Test Lab,2,1,1,0,90
Thursday,cse_g1,6.0,5,13:40,14:30,Test Lab,4,1,1,1,90
Thursday,cse_g1,6.0,6,14:30,15:20,Test Lab,4,1,1,1,90
Thursday,cse_g1,6.0,7,15:30,16:20,Test Lab,4,1,1,1,90
Thursday,cse_g1,6.0,8,16:20,17:10,Test Lab,4,1,0,1,90
Friday,cse_aiml,6.0,1,08:30,09:20,Test Lab,4,0,1,1,90
Friday,cse_aiml,6.0,2,09:20,10:10,Test Lab,4,1,1,1,90
Friday,cse_aiml,6.0,3,10:30,11:20,Test Lab,4,1,1,1,90
Friday,cse_aiml,6.0,4,11:20,12:10,Test Lab,4,1,1,1,90
Friday,cse_g1,6.0,5,13:40,14:30,Test Lab,2,1,1,1,90
Friday,cse_g1,6.0,6,14:30,15:20,Test Lab,2,1,1,1,90
Friday,cse_g2,4.0,7,15:30,16:20,Test Lab,2,1,1,1,90
Friday,cse_g2,4.0,8,16:20,17:10,Test Lab,2,1,0,0,90
Monday,,,1,08:30,09:20,Test Lab,0,0,0,0,91
Monday,,,2,09:20,10:10,Test Lab,0,0,1,0,91
Monday,cse_g1,6.0,3,10:30,11:20,Test Lab,2,0,1,1,91
Monday,cse_g1,6.0,4,11:20,12:10,Test Lab,2,1,1,1,91
Monday,cse_g2,2.0,5,13:40,14:30,Test Lab,2,1,1,1,91
Monday,cse_g2,2.0,6,14:30,15:20,Test Lab,2,1,0,1,91
Monday,,,7,15:30,16:20,Test Lab,0,1,0,0,91
Monday,,,8,16:20,17:10,Test Lab,0,0,0,0,91
Tuesday,cse_g1,4.0,1,08:30,09:20,Test Lab,4,0,1,1,91
Tuesday,cse_g1,4.0,2,09:20,10:10,Test Lab,4,1,1,1,91
Tuesday,cse_g1,4.0,3,10:30,11:20,Test Lab,4,1,1,1,91
Tuesday,cse_g1,4.0,4,11:20,12:10,Test Lab,4,1,1,1,91
Tuesday,cse_aiml,6.0,5,13:40,14:30,Test Lab,4,1,1,1,91
Tuesday,cse_aiml,6.0,6,14:30,15:20,Test Lab,4,1,1,1,91
Tuesday,cse_aiml,6.0,7,15:30,16:20,Test Lab,4,1,1,1,91
Tuesday,cse_aiml,6.0,8,16:20,17:10,Test Lab,4,1,0,1,91
Wednesday,,,1,08:30,09:20,Test Lab,0,0,1,0,91
Wednesday,cse_g2,6.0,2,09:20,10:10,Test Lab,2,0,1,1,91
Wednesday,cse_g2,6.0,3,10:30,11:20,Test Lab,2,1,0,1,91
Wednesday,,,4,11:20,12:10,Test Lab,0,1,1,0,91
Wednesday,cse_g1,2.0,5,13:40,14:30,Test Lab,2,0,1,1,91
Wednesday,cse_g1,2.0,6,14:30,15:20,Test Lab,2,1,1,1,91
Wednesday,cse_g1,8.0,7,15:30,16:20,Test Lab,2,1,1,1,91
Wednesday,cse_g1,8.0,8,16:20,17:10,Test Lab,2,1,0,0,91
Thursday,,,1,08:30,09:20,Test Lab,0,0,0,0,91
Thursday,,,2,09:20,10:10,Test Lab,0,0,1,0,91
Thursday,cse_g2,8.0,3,10:30,11:20,Test Lab,2,0,1,1,91
Thursday,cse_g2,8.0,4,11:20,12:10,Test Lab,2,1,1,1,91
Thursday,cse_g1,6.0,5,13:40,14:30,Test Lab,4,1,1,0,91
Thursday,cse_g1,6.0,6,14:30,15:20,Test Lab,4,1,1,1,91
Thursday,cse_g1,6.0,7,15:30,16:20,Test Lab,4,1,1,1,91
Thursday,cse_g1,6.0,8,16:20,17:10,Test Lab,4,1,0,1,91
Friday,cse_aiml,6.0,1,08:30,09:20,Test Lab,4,0,1,1,91
Friday,cse_aiml,6.0,2,09:20,10:10,Test Lab,4,1,1,1,91
Friday,cse_aiml,6.0,3,10:30,11:20,Test Lab,4,1,1,1,91
Friday,cse_aiml,6.0,4,11:20,12:10,Test Lab,4,1,1,1,91
Friday,cse_g1,6.0,5,13:40,14:30,Test Lab,2,1,1,1,91
Friday,cse_g1,6.0,6,14:30,15:20,Test Lab,2,1,1,1,91
Friday,cse_g2,4.0,7,15:30,16:20,Test Lab,2,1,1,1,91
Friday,cse_g2,4.0,8,16:20,17:10,Test Lab,2,1,0,1,91
Monday,,,1,08:30,09:20,Test Lab,0,0,0,0,92
Monday,,,2,09:20,10:10,Test Lab,0,0,1,0,92
Monday,cse_g1,6.0,3,10:30,11:20,Test Lab,2,0,1,1,92
Monday,cse_g1,6.0,4,11:20,12:10,Test Lab,2,1,1,1,92
Monday,cse_g2,2.0,5,13:40,14:30,Test Lab,2,1,1,0,92
Monday,cse_g2,2.0,6,14:30,15:20,Test Lab,2,1,0,1,92
Monday,,,7,15:30,16:20,Test Lab,0,1,0,0,92
Monday,,,8,16:20,17:10,Test Lab,0,0,0,0,92
Tuesday,cse_g1,4.0,1,08:30,09:20,Test Lab,4,0,1,1,92
Tuesday,cse_g1,4.0,2,09:20,10:10,Test Lab,4,1,1,0,92
Tuesday,cse_g1,4.0,3,10:30,11:20,Test Lab,4,1,1,1,92
Tuesday,cse_g1,4.0,4,11:20,12:10,Test Lab,4,1,1,1,92
Tuesday,cse_aiml,6.0,5,13:40,14:30,Test Lab,4,1,1,1,92
Tuesday,cse_aiml,6.0,6,14:30,15:20,Test Lab,4,1,1,1,92
Tuesday,cse_aiml,6.0,7,15:30,16:20,Test Lab,4,1,1,1,92
Tuesday,cse_aiml,6.0,8,16:20,17:10,Test Lab,4,1,0,1,92
Wednesday,,,1,08:30,09:20,Test Lab,0,0,1,0,92
Wednesday,cse_g2,6.0,2,09:20,10:10,Test Lab,2,0,1,1,92
Wednesday,cse_g2,6.0,3,10:30,11:20,Test Lab,2,1,0,1,92
Wednesday,,,4,11:20,12:10,Test Lab,0,1,1,0,92
Wednesday,cse_g1,2.0,5,13:40,14:30,Test Lab,2,0,1,1,92
Wednesday,cse_g1,2.0,6,14:30,15:20,Test Lab,2,1,1,1,92
Wednesday,cse_g1,8.0,7,15:30,16:20,Test Lab,2,1,1,1,92
Wednesday,cse_g1,8.0,8,16:20,17:10,Test Lab,2,1,0,1,92
Thursday,,,1,08:30,09:20,Test Lab,0,0,0,0,92
Thursday,,,2,09:20,10:10,Test Lab,0,0,1,0,92
Thursday,cse_g2,8.0,3,10:30,11:20,Test Lab,2,0,1,1,92
Thursday,cse_g2,8.0,4,11:20,12:10,Test Lab,2,1,1,1,92
Thursday,cse_g1,6.0,5,13:40,14:30,Test Lab,4,1,1,1,92
Thursday,cse_g1,6.0,6,14:30,15:20,Test Lab,4,1,1,1,92
Thursday,cse_g1,6.0,7,15:30,16:20,Test Lab,4,1,1,1,92
Thursday,cse_g1,6.0,8,16:20,17:10,Test Lab,4,1,0,1,92
Friday,cse_aiml,6.0,1,08:30,09:20,Test Lab,4,0,1,1,92
Friday,cse_aiml,6.0,2,09:20,10:10,Test Lab,4,1,1,1,92
Friday,cse_aiml,6.0,3,10:30,11:20,Test Lab,4,1,1,1,92
Friday,cse_aiml,6.0,4,11:20,12:10,Test Lab,4,1,1,1,92
Friday,cse_g1,6.0,5,13:40,14:30,Test Lab,2,1,1,1,92
Friday,cse_g1,6.0,6,14:30,15:20,Test Lab,2,1,1,1,92
Friday,cse_g2,4.0,7,15:30,16:20,Test Lab,2,1,1,1,92
Friday,cse_g2,4.0,8,16:20,17:10,Test Lab,2,1,0,1,92
Monday,,,1,08:30,09:20,Test Lab,0,0,0,0,93
Monday,,,2,09:20,10:10,Test Lab,0,0,1,0,93
Monday,cse_g1,6.0,3,10:30,11:20,Test Lab,2,0,1,1,93
Monday,cse_g1,6.0,4,11:20,12:10,Test Lab,2,1,1,1,93
Monday,cse_g2,2.0,5,13:40,14:30,Test Lab,2,1,1,1,93
Monday,cse_g2,2.0,6,14:30,15:20,Test Lab,2,1,0,1,93
Monday,,,7,15:30,16:20,Test Lab,0,1,0,0,93
Monday,,,8,16:20,17:10,Test Lab,0,0,0,0,93
Tuesday,cse_g1,4.0,1,08:30,09:20,Test Lab,4,0,1,1,93
Tuesday,cse_g1,4.0,2,09:20,10:10,Test Lab,4,1,1,1,93
Tuesday,cse_g1,4.0,3,10:30,11:20,Test Lab,4,1,1,1,93
Tuesday,cse_g1,4.0,4,11:20,12:10,Test Lab,4,1,1,1,93
Tuesday,cse_aiml,6.0,5,13:40,14:30,Test Lab,4,1,1,1,93
Tuesday,cse_aiml,6.0,6,14:30,15:20,Test Lab,4,1,1,1,93
Tuesday,cse_aiml,6.0,7,15:30,16:20,Test Lab,4,1,1,1,93
Tuesday,cse_aiml,6.0,8,16:20,17:10,Test Lab,4,1,0,1,93
Wednesday,,,1,08:30,09:20,Test Lab,0,0,1,0,93
Wednesday,cse_g2,6.0,2,09:20,10:10,Test Lab,2,0,1,1,93
Wednesday,cse_g2,6.0,3,10:30,11:20,Test Lab,2,1,0,1,93
Wednesday,,,4,11:20,12:10,Test Lab,0,1,1,0,93
Wednesday,cse_g1,2.0,5,13:40,14:30,Test Lab,2,0,1,1,93
Wednesday,cse_g1,2.0,6,14:30,15:20,Test Lab,2,1,1,1,93
Wednesday,cse_g1,8.0,7,15:30,16:20,Test Lab,2,1,1,1,93
Wednesday,cse_g1,8.0,8,16:20,17:10,Test Lab,2,1,0,1,93
Thursday,,,1,08:30,09:20,Test Lab,0,0,0,0,93
Thursday,,,2,09:20,10:10,Test Lab,0,0,1,0,93
Thursday,cse_g2,8.0,3,10:30,11:20,Test Lab,2,0,1,1,93
Thursday,cse_g2,8.0,4,11:20,12:10,Test Lab,2,1,1,1,93
Thursday,cse_g1,6.0,5,13:40,14:30,Test Lab,4,1,1,0,93
Thursday,cse_g1,6.0,6,14:30,15:20,Test Lab,4,1,1,1,93
Thursday,cse_g1,6.0,7,15:30,16:20,Test Lab,4,1,1,1,93
Thursday,cse_g1,6.0,8,16:20,17:10,Test Lab,4,1,0,1,93
Friday,cse_aiml,6.0,1,08:30,09:20,Test Lab,4,0,1,1,93
Friday,cse_aiml,6.0,2,09:20,10:10,Test Lab,4,1,1,1,93
Friday,cse_aiml,6.0,3,10:30,11:20,Test Lab,4,1,1,1,93
Friday,cse_aiml,6.0,4,11:20,12:10,Test Lab,4,1,1,1,93
Friday,cse_g1,6.0,5,13:40,14:30,Test Lab,2,1,1,1,93
Friday,cse_g1,6.0,6,14:30,15:20,Test Lab,2,1,1,1,93
Friday,cse_g2,4.0,7,15:30,16:20,Test Lab,2,1,1,1,93
Friday,cse_g2,4.0,8,16:20,17:10,Test Lab,2,1,0,1,93
Monday,,,1,08:30,09:20,Test Lab,0,0,0,0,94
Monday,,,2,09:20,10:10,Test Lab,0,0,1,0,94
Monday,cse_g1,6.0,3,10:30,11:20,Test Lab,2,0,1,1,94
Monday,cse_g1,6.0,4,11:20,12:10,Test Lab,2,1,1,0,94
Monday,cse_g2,2.0,5,13:40,14:30,Test Lab,2,1,1,1,94
Monday,cse_g2,2.0,6,14:30,15:20,Test Lab,2,1,0,1,94
Monday,,,7,15:30,16:20,Test Lab,0,1,0,0,94
Monday,,,8,16:20,17:10,Test Lab,0,0,0,0,94
Tuesday,cse_g1,4.0,1,08:30,09:20,Test Lab,4,0,1,0,94
Tuesday,cse_g1,4.0,2,09:20,10:10,Test Lab,4,1,1,1,94
Tuesday,cse_g1,4.0,3,10:30,11:20,Test Lab,4,1,1,1,94
Tuesday,cse_g1,4.0,4,11:20,12:10,Test Lab,4,1,1,1,94
Tuesday,cse_aiml,6.0,5,13:40,14:30,Test Lab,4,1,1,1,94
Tuesday,cse_aiml,6.0,6,14:30,15:20,Test Lab,4,1,1,1,94
Tuesday,cse_aiml,6.0,7,15:30,16:20,Test Lab,4,1,1,1,94
Tuesday,cse_aiml,6.0,8,16:20,17:10,Test Lab,4,1,0,1,94
Wednesday,,,1,08:30,09:20,Test Lab,0,0,1,0,94
Wednesday,cse_g2,6.0,2,09:20,10:10,Test Lab,2,0,1,1,94
Wednesday,cse_g2,6.0,3,10:30,11:20,Test Lab,2,1,0,1,94
Wednesday,,,4,11:20,12:10,Test Lab,0,1,1,0,94
Wednesday,cse_g1,2.0,5,13:40,14:30,Test Lab,2,0,1,1,94
Wednesday,cse_g1,2.0,6,14:30,15:20,Test Lab,2,1,1,1,94
Wednesday,cse_g1,8.0,7,15:30,16:20,Test Lab,2,1,1,1,94
Wednesday,cse_g1,8.0,8,16:20,17:10,Test Lab,2,1,0,1,94
Thursday,,,1,08:30,09:20,Test Lab,0,0,0,0,94
Thursday,,,2,09:20,10:10,Test Lab,0,0,1,0,94
Thursday,cse_g2,8.0,3,10:30,11:20,Test Lab,2,0,1,1,94
Thursday,cse_g2,8.0,4,11:20,12:10,Test Lab,2,1,1,1,94
Thursday,cse_g1,6.0,5,13:40,14:30,Test Lab,4,1,1,1,94
Thursday,cse_g1,6.0,6,14:30,15:20,Test Lab,4,1,1,0,94
Thursday,cse_g1,6.0,7,15:30,16:20,Test Lab,4,1,1,1,94
Thursday,cse_g1,6.0,8,16:20,17:10,Test Lab,4,1,0,1,94
Friday,cse_aiml,6.0,1,08:30,09:20,Test Lab,4,0,1,1,94
Friday,cse_aiml,6.0,2,09:20,10:10,Test Lab,4,1,1,1,94
Friday,cse_aiml,6.0,3,10:30,11:20,Test Lab,4,1,1,1,94
Friday,cse_aiml,6.0,4,11:20,12:10,Test Lab,4,1,1,0,94
Friday,cse_g1,6.0,5,13:40,14:30,Test Lab,2,1,1,1,94
Friday,cse_g1,6.0,6,14:30,15:20,Test Lab,2,1,1,1,94
Friday,cse_g2,4.0,7,15:30,16:20,Test Lab,2,1,1,1,94
Friday,cse_g2,4.0,8,16:20,17:10,Test Lab,2,1,0,1,94
Monday,,,1,08:30,09:20,Test Lab,0,0,0,1,95
Monday,,,2,09:20,10:10,Test Lab,0,0,1,0,95
Monday,cse_g1,6.0,3,10:30,11:20,Test Lab,2,0,1,1,95
Monday,cse_g1,6.0,4,11:20,12:10,Test Lab,2,1,1,1,95
Monday,cse_g2,2.0,5,13:40,14:30,Test Lab,2,1,1,1,95
Monday,cse_g2,2.0,6,14:30,15:20,Test Lab,2,1,0,1,95
Monday,,,7,15:30,16:20,Test Lab,0,1,0,0,95
Monday,,,8,16:20,17:10,Test Lab,0,0,0,0,95
Tuesday,cse_g1,4.0,1,08:30,09:20,Test Lab,4,0,1,1,95
Tuesday,cse_g1,4.0,2,09:20,10:10,Test Lab,4,1,1,1,95
Tuesday,cse_g1,4.0,3,10:30,11:20,Test Lab,4,1,1,1,95
Tuesday,cse_g1,4.0,4,11:20,12:10,Test Lab,4,1,1,1,95
Tuesday,cse_aiml,6.0,5,13:40,14:30,Test Lab,4,1,1,1,95
Tuesday,cse_aiml,6.0,6,14:30,15:20,Test Lab,4,1,1,1,95
Tuesday,cse_aiml,6.0,7,15:30,16:20,Test Lab,4,1,1,1,95
Tuesday,cse_aiml,6.0,8,16:20,17:10,Test Lab,4,1,0,1,95
Wednesday,,,1,08:30,09:20,Test Lab,0,0,1,0,95
Wednesday,cse_g2,6.0,2,09:20,10:10,Test Lab,2,0,1,1,95
Wednesday,cse_g2,6.0,3,10:30,11:20,Test Lab,2,1,0,1,95
Wednesday,,,4,11:20,12:10,Test Lab,0,1,1,0,95
Wednesday,cse_g1,2.0,5,13:40,14:30,Test Lab,2,0,1,1,95
Wednesday,cse_g1,2.0,6,14:30,15:20,Test Lab,2,1,1,1,95
Wednesday,cse_g1,8.0,7,15:30,16:20,Test Lab,2,1,1,1,95
Wednesday,cse_g1,8.0,8,16:20,17:10,Test Lab,2,1,0,1,95
Thursday,,,1,08:30,09:20,Test Lab,0,0,0,0,95
Thursday,,,2,09:20,10:10,Test Lab,0,0,1,0,95
Thursday,cse_g2,8.0,3,10:30,11:20,Test Lab,2,0,1,1,95
Thursday,cse_g2,8.0,4,11:20,12:10,Test Lab,2,1,1,1,95
Thursday,cse_g1,6.0,5,13:40,14:30,Test Lab,4,1,1,1,95
Thursday,cse_g1,6.0,6,14:30,15:20,Test Lab,4,1,1,1,95
Thursday,cse_g1,6.0,7,15:30,16:20,Test Lab,4,1,1,1,95
Thursday,cse_g1,6.0,8,16:20,17:10,Test Lab,4,1,0,1,95
Friday,cse_aiml,6.0,1,08:30,09:20,Test Lab,4,0,1,1,95
Friday,cse_aiml,6.0,2,09:20,10:10,Test Lab,4,1,1,1,95
Friday,cse_aiml,6.0,3,10:30,11:20,Test Lab,4,1,1,0,95
Friday,cse_aiml,6.0,4,11:20,12:10,Test Lab,4,1,1,0,95
Friday,cse_g1,6.0,5,13:40,14:30,Test Lab,2,1,1,1,95
Friday,cse_g1,6.0,6,14:30,15:20,Test Lab,2,1,1,1,95
Friday,cse_g2,4.0,7,15:30,16:20,Test Lab,2,1,1,1,95
Friday,cse_g2,4.0,8,16:20,17:10,Test Lab,2,1,0,1,95
Monday,,,1,08:30,09:20,Test Lab,0,0,0,0,96
Monday,,,2,09:20,10:10,Test Lab,0,0,1,0,96
Monday,cse_g1,6.0,3,10:30,11:20,Test Lab,2,0,1,1,96
Monday,cse_g1,6.0,4,11:20,12:10,Test Lab,2,1,1,1,96
Monday,cse_g2,2.0,5,13:40,14:30,Test Lab,2,1,1,1,96
Monday,cse_g2,2.0,6,14:30,15:20,Test Lab,2,1,0,1,96
Monday,,,7,15:30,16:20,Test Lab,0,1,0,0,96
Monday,,,8,16:20,17:10,Test Lab,0,0,0,0,96
Tuesday,cse_g1,4.0,1,08:30,09:20,Test Lab,4,0,1,1,96
Tuesday,cse_g1,4.0,2,09:20,10:10,Test Lab,4,1,1,1,96
Tuesday,cse_g1,4.0,3,10:30,11:20,Test Lab,4,1,1,1,96
Tuesday,cse_g1,4.0,4,11:20,12:10,Test Lab,4,1,1,1,96
Tuesday,cse_aiml,6.0,5,13:40,14:30,Test Lab,4,1,1,1,96
Tuesday,cse_aiml,6.0,6,14:30,15:20,Test Lab,4,1,1,1,96
Tuesday,cse_aiml,6.0,7,15:30,16:20,Test Lab,4,1,1,1,96
Tuesday,cse_aiml,6.0,8,16:20,17:10,Test Lab,4,1,0,1,96
Wednesday,,,1,08:30,09:20,Test Lab,0,0,1,0,96
Wednesday,cse_g2,6.0,2,09:20,10:10,Test Lab,2,0,1,1,96
Wednesday,cse_g2,6.0,3,10:30,11:20,Test Lab,2,1,0,1,96
Wednesday,,,4,11:20,12:10,Test Lab,0,1,1,0,96
Wednesday,cse_g1,2.0,5,13:40,14:30,Test Lab,2,0,1,0,96
Wednesday,cse_g1,2.0,6,14:30,15:20,Test Lab,2,1,1,0,96
Wednesday,cse_g1,8.0,7,15:30,16:20,Test Lab,2,1,1,1,96
Wednesday,cse_g1,8.0,8,16:20,17:10,Test Lab,2,1,0,1,96
Thursday,,,1,08:30,09:20,Test Lab,0,0,0,0,96
Thursday,,,2,09:20,10:10,Test Lab,0,0,1,0,96
Thursday,cse_g2,8.0,3,10:30,11:20,Test Lab,2,0,1,1,96
Thursday,cse_g2,8.0,4,11:20,12:10,Test Lab,2,1,1,1,96
Thursday,cse_g1,6.0,5,13:40,14:30,Test Lab,4,1,1,1,96
Thursday,cse_g1,6.0,6,14:30,15:20,Test Lab,4,1,1,1,96
Thursday,cse_g1,6.0,7,15:30,16:20,Test Lab,4,1,1,1,96
Thursday,cse_g1,6.0,8,16:20,17:10,Test Lab,4,1,0,1,96
Friday,cse_aiml,6.0,1,08:30,09:20,Test Lab,4,0,1,1,96
Friday,cse_aiml,6.0,2,09:20,10:10,Test Lab,4,1,1,1,96
Friday,cse_aiml,6.0,3,10:30,11:20,Test Lab,4,1,1,1,96
Friday,cse_aiml,6.0,4,11:20,12:10,Test Lab,4,1,1,1,96
Friday,cse_g1,6.0,5,13:40,14:30,Test Lab,2,1,1,1,96
Friday,cse_g1,6.0,6,14:30,15:20,Test Lab,2,1,1,1,96
Friday,cse_g2,4.0,7,15:30,16:20,Test Lab,2,1,1,1,96
Friday,cse_g2,4.0,8,16:20,17:10,Test Lab,2,1,0,1,96
Monday,,,1,08:30,09:20,Test Lab,0,0,0,0,97
Monday,,,2,09:20,10:10,Test Lab,0,0,1,0,97
Monday,cse_g1,6.0,3,10:30,11:20,Test Lab,2,0,1,1,97
Monday,cse_g1,6.0,4,11:20,12:10,Test Lab,2,1,1,1,97
Monday,cse_g2,2.0,5,13:40,14:30,Test Lab,2,1,1,1,97
Monday,cse_g2,2.0,6,14:30,15:20,Test Lab,2,1,0,1,97
Monday,,,7,15:30,16:20,Test Lab,0,1,0,0,97
Monday,,,8,16:20,17:10,Test Lab,0,0,0,0,97
Tuesday,cse_g1,4.0,1,08:30,09:20,Test Lab,4,0,1,1,97
Tuesday,cse_g1,4.0,2,09:20,10:10,Test Lab,4,1,1,1,97
Tuesday,cse_g1,4.0,3,10:30,11:20,Test Lab,4,1,1,1,97
Tuesday,cse_g1,4.0,4,11:20,12:10,Test Lab,4,1,1,1,97
Tuesday,cse_aiml,6.0,5,13:40,14:30,Test Lab,4,1,1,1,97
Tuesday,cse_aiml,6.0,6,14:30,15:20,Test Lab,4,1,1,1,97
Tuesday,cse_aiml,6.0,7,15:30,16:20,Test Lab,4,1,1,1,97
Tuesday,cse_aiml,6.0,8,16:20,17:10,Test Lab,4,1,0,1,97
Wednesday,,,1,08:30,09:20,Test Lab,0,0,1,0,97
Wednesday,cse_g2,6.0,2,09:20,10:10,Test Lab,2,0,1,1,97
Wednesday,cse_g2,6.0,3,10:30,11:20,Test Lab,2,1,0,1,97
Wednesday,,,4,11:20,12:10,Test Lab,0,1,1,0,97
Wednesday,cse_g1,2.0,5,13:40,14:30,Test Lab,2,0,1,1,97
Wednesday,cse_g1,2.0,6,14:30,15:20,Test Lab,2,1,1,1,97
Wednesday,cse_g1,8.0,7,15:30,16:20,Test Lab,2,1,1,1,97
Wednesday,cse_g1,8.0,8,16:20,17:10,Test Lab,2,1,0,1,97
Thursday,,,1,08:30,09:20,Test Lab,0,0,0,0,97
Thursday,,,2,09:20,10:10,Test Lab,0,0,1,0,97
Thursday,cse_g2,8.0,3,10:30,11:20,Test Lab,2,0,1,1,97
Thursday,cse_g2,8.0,4,11:20,12:10,Test Lab,2,1,1,1,97
Thursday,cse_g1,6.0,5,13:40,14:30,Test Lab,4,1,1,1,97
Thursday,cse_g1,6.0,6,14:30,15:20,Test Lab,4,1,1,1,97
Thursday,cse_g1,6.0,7,15:30,16:20,Test Lab,4,1,1,1,97
Thursday,cse_g1,6.0,8,16:20,17:10,Test Lab,4,1,0,1,97
Friday,cse_aiml,6.0,1,08:30,09:20,Test Lab,4,0,1,1,97
Friday,cse_aiml,6.0,2,09:20,10:10,Test Lab,4,1,1,0,97
Friday,cse_aiml,6.0,3,10:30,11:20,Test Lab,4,1,1,1,97
Friday,cse_aiml,6.0,4,11:20,12:10,Test Lab,4,1,1,1,97
Friday,cse_g1,6.0,5,13:40,14:30,Test Lab,2,1,1,1,97
Friday,cse_g1,6.0,6,14:30,15:20,Test Lab,2,1,1,1,97
Friday,cse_g2,4.0,7,15:30,16:20,Test Lab,2,1,1,1,97
Friday,cse_g2,4.0,8,16:20,17:10,Test Lab,2,1,0,1,97
Monday,,,1,08:30,09:20,Test Lab,0,0,0,0,98
Monday,,,2,09:20,10:10,Test Lab,0,0,1,0,98
Monday,cse_g1,6.0,3,10:30,11:20,Test Lab,2,0,1,1,98
Monday,cse_g1,6.0,4,11:20,12:10,Test Lab,2,1,1,1,98
Monday,cse_g2,2.0,5,13:40,14:30,Test Lab,2,1,1,1,98
Monday,cse_g2,2.0,6,14:30,15:20,Test Lab,2,1,0,0,98
Monday,,,7,15:30,16:20,Test Lab,0,1,0,0,98
Monday,,,8,16:20,17:10,Test Lab,0,0,0,0,98
Tuesday,cse_g1,4.0,1,08:30,09:20,Test Lab,4,0,1,1,98
Tuesday,cse_g1,4.0,2,09:20,10:10,Test Lab,4,1,1,1,98
Tuesday,cse_g1,4.0,3,10:30,11:20,Test Lab,4,1,1,1,98
Tuesday,cse_g1,4.0,4,11:20,12:10,Test Lab,4,1,1,1,98
Tuesday,cse_aiml,6.0,5,13:40,14:30,Test Lab,4,1,1,1,98
Tuesday,cse_aiml,6.0,6,14:30,15:20,Test Lab,4,1,1,1,98
Tuesday,cse_aiml,6.0,7,15:30,16:20,Test Lab,4,1,1,1,98
Tuesday,cse_aiml,6.0,8,16:20,17:10,Test Lab,4,1,0,1,98
Wednesday,,,1,08:30,09:20,Test Lab,0,0,1,0,98
Wednesday,cse_g2,6.0,2,09:20,10:10,Test Lab,2,0,1,0,98
Wednesday,cse_g2,6.0,3,10:30,11:20,Test Lab,2,1,0,1,98
Wednesday,,,4,11:20,12:10,Test Lab,0,1,1,0,98
Wednesday,cse_g1,2.0,5,13:40,14:30,Test Lab,2,0,1,0,98
Wednesday,cse_g1,2.0,6,14:30,15:20,Test Lab,2,1,1,1,98
Wednesday,cse_g1,8.0,7,15:30,16:20,Test Lab,2,1,1,1,98
Wednesday,cse_g1,8.0,8,16:20,17:10,Test Lab,2,1,0,1,98
Thursday,,,1,08:30,09:20,Test Lab,0,0,0,0,98
Thursday,,,2,09:20,10:10,Test Lab,0,0,1,0,98
Thursday,cse_g2,8.0,3,10:30,11:20,Test Lab,2,0,1,1,98
Thursday,cse_g2,8.0,4,11:20,12:10,Test Lab,2,1,1,1,98
Thursday,cse_g1,6.0,5,13:40,14:30,Test Lab,4,1,1,1,98
Thursday,cse_g1,6.0,6,14:30,15:20,Test Lab,4,1,1,1,98
Thursday,cse_g1,6.0,7,15:30,16:20,Test Lab,4,1,1,1,98
Thursday,cse_g1,6.0,8,16:20,17:10,Test Lab,4,1,0,0,98
Friday,cse_aiml,6.0,1,08:30,09:20,Test Lab,4,0,1,1,98
Friday,cse_aiml,6.0,2,09:20,10:10,Test Lab,4,1,1,1,98
Friday,cse_aiml,6.0,3,10:30,11:20,Test Lab,4,1,1,1,98
Friday,cse_aiml,6.0,4,11:20,12:10,Test Lab,4,1,1,1,98
Friday,cse_g1,6.0,5,13:40,14:30,Test Lab,2,1,1,1,98
Friday,cse_g1,6.0,6,14:30,15:20,Test Lab,2,1,1,1,98
Friday,cse_g2,4.0,7,15:30,16:20,Test Lab,2,1,1,1,98
Friday,cse_g2,4.0,8,16:20,17:10,Test Lab,2,1,0,1,98
Monday,,,1,08:30,09:20,Test Lab,0,0,0,0,99
Monday,,,2,09:20,10:10,Test Lab,0,0,1,0,99
Monday,cse_g1,6.0,3,10:30,11:20,Test Lab,2,0,1,1,99
Monday,cse_g1,6.0,4,11:20,12:10,Test Lab,2,1,1,1,99
Monday,cse_g2,2.0,5,13:40,14:30,Test Lab,2,1,1,1,99
Monday,cse_g2,2.0,6,14:30,15:20,Test Lab,2,1,0,1,99
Monday,,,7,15:30,16:20,Test Lab,0,1,0,0,99
Monday,,,8,16:20,17:10,Test Lab,0,0,0,0,99
Tuesday,cse_g1,4.0,1,08:30,09:20,Test Lab,4,0,1,1,99
Tuesday,cse_g1,4.0,2,09:20,10:10,Test Lab,4,1,1,1,99
Tuesday,cse_g1,4.0,3,10:30,11:20,Test Lab,4,1,1,1,99
Tuesday,cse_g1,4.0,4,11:20,12:10,Test Lab,4,1,1,1,99
Tuesday,cse_aiml,6.0,5,13:40,14:30,Test Lab,4,1,1,1,99
Tuesday,cse_aiml,6.0,6,14:30,15:20,Test Lab,4,1,1,1,99
Tuesday,cse_aiml,6.0,7,15:30,16:20,Test Lab,4,1,1,0,99
Tuesday,cse_aiml,6.0,8,16:20,17:10,Test Lab,4,1,0,1,99
Wednesday,,,1,08:30,09:20,Test Lab,0,0,1,0,99
Wednesday,cse_g2,6.0,2,09:20,10:10,Test Lab,2,0,1,1,99
Wednesday,cse_g2,6.0,3,10:30,11:20,Test Lab,2,1,0,1,99
Wednesday,,,4,11:20,12:10,Test Lab,0,1,1,0,99
Wednesday,cse_g1,2.0,5,13:40,14:30,Test Lab,2,0,1,1,99
Wednesday,cse_g1,2.0,6,14:30,15:20,Test Lab,2,1,1,0,99
Wednesday,cse_g1,8.0,7,15:30,16:20,Test Lab,2,1,1,1,99
Wednesday,cse_g1,8.0,8,16:20,17:10,Test Lab,2,1,0,1,99
Thursday,,,1,08:30,09:20,Test Lab,0,0,0,0,99
Thursday,,,2,09:20,10:10,Test Lab,0,0,1,0,99
Thursday,cse_g2,8.0,3,10:30,11:20,Test Lab,2,0,1,1,99
Thursday,cse_g2,8.0,4,11:20,12:10,Test Lab,2,1,1,1,99
Thursday,cse_g1,6.0,5,13:40,14:30,Test Lab,4,1,1,1,99
Thursday,cse_g1,6.0,6,14:30,15:20,Test Lab,4,1,1,1,99
Thursday,cse_g1,6.0,7,15:30,16:20,Test Lab,4,1,1,1,99
Thursday,cse_g1,6.0,8,16:20,17:10,Test Lab,4,1,0,1,99
Friday,cse_aiml,6.0,1,08:30,09:20,Test Lab,4,0,1,1,99
Friday,cse_aiml,6.0,2,09:20,10:10,Test Lab,4,1,1,1,99
Friday,cse_aiml,6.0,3,10:30,11:20,Test Lab,4,1,1,1,99
Friday,cse_aiml,6.0,4,11:20,12:10,Test Lab,4,1,1,1,99
Friday,cse_g1,6.0,5,13:40,14:30,Test Lab,2,1,1,1,99
Friday,cse_g1,6.0,6,14:30,15:20,Test Lab,2,1,1,1,99
Friday,cse_g2,4.0,7,15:30,16:20,Test Lab,2,1,1,1,99
Friday,cse_g2,4.0,8,16:20,17:10,Test Lab,2,1,0,1,99
Monday,,,1,08:30,09:20,Test Lab,0,0,0,0,100
Monday,,,2,09:20,10:10,Test Lab,0,0,1,0,100
Monday,cse_g1,6.0,3,10:30,11:20,Test Lab,2,0,1,1,100
Monday,cse_g1,6.0,4,11:20,12:10,Test Lab,2,1,1,1,100
Monday,cse_g2,2.0,5,13:40,14:30,Test Lab,2,1,1,1,100
Monday,cse_g2,2.0,6,14:30,15:20,Test Lab,2,1,0,1,100
Monday,,,7,15:30,16:20,Test Lab,0,1,0,0,100
Monday,,,8,16:20,17:10,Test Lab,0,0,0,0,100
Tuesday,cse_g1,4.0,1,08:30,09:20,Test Lab,4,0,1,1,100
Tuesday,cse_g1,4.0,2,09:20,10:10,Test Lab,4,1,1,0,100
Tuesday,cse_g1,4.0,3,10:30,11:20,Test Lab,4,1,1,1,100
Tuesday,cse_g1,4.0,4,11:20,12:10,Test Lab,4,1,1,1,100
Tuesday,cse_aiml,6.0,5,13:40,14:30,Test Lab,4,1,1,1,100
Tuesday,cse_aiml,6.0,6,14:30,15:20,Test Lab,4,1,1,1,100
Tuesday,cse_aiml,6.0,7,15:30,16:20,Test Lab,4,1,1,1,100
Tuesday,cse_aiml,6.0,8,16:20,17:10,Test Lab,4,1,0,1,100
Wednesday,,,1,08:30,09:20,Test Lab,0,0,1,0,100
Wednesday,cse_g2,6.0,2,09:20,10:10,Test Lab,2,0,1,1,100
Wednesday,cse_g2,6.0,3,10:30,11:20,Test Lab,2,1,0,1,100
Wednesday,,,4,11:20,12:10,Test Lab,0,1,1,0,100
Wednesday,cse_g1,2.0,5,13:40,14:30,Test Lab,2,0,1,1,100
Wednesday,cse_g1,2.0,6,14:30,15:20,Test Lab,2,1,1,1,100
Wednesday,cse_g1,8.0,7,15:30,16:20,Test Lab,2,1,1,1,100
Wednesday,cse_g1,8.0,8,16:20,17:10,Test Lab,2,1,0,0,100
Thursday,,,1,08:30,09:20,Test Lab,0,0,0,0,100
Thursday,,,2,09:20,10:10,Test Lab,0,0,1,0,100
Thursday,cse_g2,8.0,3,10:30,11:20,Test Lab,2,0,1,1,100
Thursday,cse_g2,8.0,4,11:20,12:10,Test Lab,2,1,1,1,100
Thursday,cse_g1,6.0,5,13:40,14:30,Test Lab,4,1,1,1,100
Thursday,cse_g1,6.0,6,14:30,15:20,Test Lab,4,1,1,1,100
Thursday,cse_g1,6.0,7,15:30,16:20,Test Lab,4,1,1,1,100
Thursday,cse_g1,6.0,8,16:20,17:10,Test Lab,4,1,0,1,100
Friday,cse_aiml,6.0,1,08:30,09:20,Test Lab,4,0,1,1,100
Friday,cse_aiml,6.0,2,09:20,10:10,Test Lab,4,1,1,1,100
Friday,cse_aiml,6.0,3,10:30,11:20,Test Lab,4,1,1,1,100
Friday,cse_aiml,6.0,4,11:20,12:10,Test Lab,4,1,1,1,100
Friday,cse_g1,6.0,5,13:40,14:30,Test Lab,2,1,1,1,100
Friday,cse_g1,6.0,6,14:30,15:20,Test Lab,2,1,1,1,100
Friday,cse_g2,4.0,7,15:30,16:20,Test Lab,2,1,1,1,100
Friday,cse_g2,4.0,8,16:20,17:10,Test Lab,2,1,0,0,100
Monday,,,1,08:30,09:20,Test Lab,0,0,0,0,101
Monday,,,2,09:20,10:10,Test Lab,0,0,1,0,101
Monday,cse_g1,6.0,3,10:30,11:20,Test Lab,2,0,1,1,101
Monday,cse_g1,6.0,4,11:20,12:10,Test Lab,2,1,1,1,101
Monday,cse_g2,2.0,5,13:40,14:30,Test Lab,2,1,1,1,101
Monday,cse_g2,2.0,6,14:30,15:20,Test Lab,2,1,0,1,101
Monday,,,7,15:30,16:20,Test Lab,0,1,0,0,101
Monday,,,8,16:20,17:10,Test Lab,0,0,0,0,101
Tuesday,cse_g1,4.0,1,08:30,09:20,Test Lab,4,0,1,1,101
Tuesday,cse_g1,4.0,2,09:20,10:10,Test Lab,4,1,1,0,101
Tuesday,cse_g1,4.0,3,10:30,11:20,Test Lab,4,1,1,1,101
Tuesday,cse_g1,4.0,4,11:20,12:10,Test Lab,4,1,1,1,101
Tuesday,cse_aiml,6.0,5,13:40,14:30,Test Lab,4,1,1,0,101
Tuesday,cse_aiml,6.0,6,14:30,15:20,Test Lab,4,1,1,1,101
Tuesday,cse_aiml,6.0,7,15:30,16:20,Test Lab,4,1,1,1,101
Tuesday,cse_aiml,6.0,8,16:20,17:10,Test Lab,4,1,0,1,101
Wednesday,,,1,08:30,09:20,Test Lab,0,0,1,0,101
Wednesday,cse_g2,6.0,2,09:20,10:10,Test Lab,2,0,1,0,101
Wednesday,cse_g2,6.0,3,10:30,11:20,Test Lab,2,1,0,1,101
Wednesday,,,4,11:20,12:10,Test Lab,0,1,1,0,101
Wednesday,cse_g1,2.0,5,13:40,14:30,Test Lab,2,0,1,1,101
Wednesday,cse_g1,2.0,6,14:30,15:20,Test Lab,2,1,1,1,101
Wednesday,cse_g1,8.0,7,15:30,16:20,Test Lab,2,1,1,1,101
Wednesday,cse_g1,8.0,8,16:20,17:10,Test Lab,2,1,0,1,101
Thursday,,,1,08:30,09:20,Test Lab,0,0,0,0,101
Thursday,,,2,09:20,10:10,Test Lab,0,0,1,0,101
Thursday,cse_g2,8.0,3,10:30,11:20,Test Lab,2,0,1,1,101
Thursday,cse_g2,8.0,4,11:20,12:10,Test Lab,2,1,1,1,101
Thursday,cse_g1,6.0,5,13:40,14:30,Test Lab,4,1,1,1,101
Thursday,cse_g1,6.0,6,14:30,15:20,Test Lab,4,1,1,1,101
Thursday,cse_g1,6.0,7,15:30,16:20,Test Lab,4,1,1,1,101
Thursday,cse_g1,6.0,8,16:20,17:10,Test Lab,4,1,0,1,101
Friday,cse_aiml,6.0,1,08:30,09:20,Test Lab,4,0,1,1,101
Friday,cse_aiml,6.0,2,09:20,10:10,Test Lab,4,1,1,1,101
Friday,cse_aiml,6.0,3,10:30,11:20,Test Lab,4,1,1,1,101
Friday,cse_aiml,6.0,4,11:20,12:10,Test Lab,4,1,1,1,101
Friday,cse_g1,6.0,5,13:40,14:30,Test Lab,2,1,1,1,101
Friday,cse_g1,6.0,6,14:30,15:20,Test Lab,2,1,1,1,101
Friday,cse_g2,4.0,7,15:30,16:20,Test Lab,2,1,1,1,101
Friday,cse_g2,4.0,8,16:20,17:10,Test Lab,2,1,0,1,101
Monday,,,1,08:30,09:20,Test Lab,0,0,0,0,102
Monday,,,2,09:20,10:10,Test Lab,0,0,1,0,102
Monday,cse_g1,6.0,3,10:30,11:20,Test Lab,2,0,1,1,102
Monday,cse_g1,6.0,4,11:20,12:10,Test Lab,2,1,1,1,102
Monday,cse_g2,2.0,5,13:40,14:30,Test Lab,2,1,1,1,102
Monday,cse_g2,2.0,6,14:30,15:20,Test Lab,2,1,0,1,102
Monday,,,7,15:30,16:20,Test Lab,0,1,0,0,102
Monday,,,8,16:20,17:10,Test Lab,0,0,0,0,102
Tuesday,cse_g1,4.0,1,08:30,09:20,Test Lab,4,0,1,1,102
Tuesday,cse_g1,4.0,2,09:20,10:10,Test Lab,4,1,1,1,102
Tuesday,cse_g1,4.0,3,10:30,11:20,Test Lab,4,1,1,1,102
Tuesday,cse_g1,4.0,4,11:20,12:10,Test Lab,4,1,1,1,102
Tuesday,cse_aiml,6.0,5,13:40,14:30,Test Lab,4,1,1,1,102
Tuesday,cse_aiml,6.0,6,14:30,15:20,Test Lab,4,1,1,1,102
Tuesday,cse_aiml,6.0,7,15:30,16:20,Test Lab,4,1,1,1,102
Tuesday,cse_aiml,6.0,8,16:20,17:10,Test Lab,4,1,0,1,102
Wednesday,,,1,08:30,09:20,Test Lab,0,0,1,0,102
Wednesday,cse_g2,6.0,2,09:20,10:10,Test Lab,2,0,1,1,102
Wednesday,cse_g2,6.0,3,10:30,11:20,Test Lab,2,1,0,1,102
Wednesday,,,4,11:20,12:10,Test Lab,0,1,1,0,102
Wednesday,cse_g1,2.0,5,13:40,14:30,Test Lab,2,0,1,1,102
Wednesday,cse_g1,2.0,6,14:30,15:20,Test Lab,2,1,1,1,102
Wednesday,cse_g1,8.0,7,15:30,16:20,Test Lab,2,1,1,1,102
Wednesday,cse_g1,8.0,8,16:20,17:10,Test Lab,2,1,0,1,102
Thursday,,,1,08:30,09:20,Test Lab,0,0,0,0,102
Thursday,,,2,09:20,10:10,Test Lab,0,0,1,0,102
Thursday,cse_g2,8.0,3,10:30,11:20,Test Lab,2,0,1,1,102
Thursday,cse_g2,8.0,4,11:20,12:10,Test Lab,2,1,1,1,102
Thursday,cse_g1,6.0,5,13:40,14:30,Test Lab,4,1,1,1,102
Thursday,cse_g1,6.0,6,14:30,15:20,Test Lab,4,1,1,1,102
Thursday,cse_g1,6.0,7,15:30,16:20,Test Lab,4,1,1,1,102
Thursday,cse_g1,6.0,8,16:20,17:10,Test Lab,4,1,0,1,102
Friday,cse_aiml,6.0,1,08:30,09:20,Test Lab,4,0,1,1,102
Friday,cse_aiml,6.0,2,09:20,10:10,Test Lab,4,1,1,1,102
Friday,cse_aiml,6.0,3,10:30,11:20,Test Lab,4,1,1,1,102
Friday,cse_aiml,6.0,4,11:20,12:10,Test Lab,4,1,1,0,102
Friday,cse_g1,6.0,5,13:40,14:30,Test Lab,2,1,1,1,102
Friday,cse_g1,6.0,6,14:30,15:20,Test Lab,2,1,1,1,102
Friday,cse_g2,4.0,7,15:30,16:20,Test Lab,2,1,1,1,102
Friday,cse_g2,4.0,8,16:20,17:10,Test Lab,2,1,0,1,102
Monday,,,1,08:30,09:20,Test Lab,0,0,0,0,103
Monday,,,2,09:20,10:10,Test Lab,0,0,1,0,103
Monday,cse_g1,6.0,3,10:30,11:20,Test Lab,2,0,1,1,103
Monday,cse_g1,6.0,4,11:20,12:10,Test Lab,2,1,1,1,103
Monday,cse_g2,2.0,5,13:40,14:30,Test Lab,2,1,1,1,103
Monday,cse_g2,2.0,6,14:30,15:20,Test Lab,2,1,0,0,103
Monday,,,7,15:30,16:20,Test Lab,0,1,0,0,103
Monday,,,8,16:20,17:10,Test Lab,0,0,0,0,103
Tuesday,cse_g1,4.0,1,08:30,09:20,Test Lab,4,0,1,1,103
Tuesday,cse_g1,4.0,2,09:20,10:10,Test Lab,4,1,1,1,103
Tuesday,cse_g1,4.0,3,10:30,11:20,Test Lab,4,1,1,1,103
Tuesday,cse_g1,4.0,4,11:20,12:10,Test Lab,4,1,1,1,103
Tuesday,cse_aiml,6.0,5,13:40,14:30,Test Lab,4,1,1,1,103
Tuesday,cse_aiml,6.0,6,14:30,15:20,Test Lab,4,1,1,1,103
Tuesday,cse_aiml,6.0,7,15:30,16:20,Test Lab,4,1,1,1,103
Tuesday,cse_aiml,6.0,8,16:20,17:10,Test Lab,4,1,0,1,103
Wednesday,,,1,08:30,09:20,Test Lab,0,0,1,0,103
Wednesday,cse_g2,6.0,2,09:20,10:10,Test Lab,2,0,1,1,103
Wednesday,cse_g2,6.0,3,10:30,11:20,Test Lab,2,1,0,1,103
Wednesday,,,4,11:20,12:10,Test Lab,0,1,1,0,103
Wednesday,cse_g1,2.0,5,13:40,14:30,Test Lab,2,0,1,1,103
Wednesday,cse_g1,2.0,6,14:30,15:20,Test Lab,2,1,1,1,103
Wednesday,cse_g1,8.0,7,15:30,16:20,Test Lab,2,1,1,1,103
Wednesday,cse_g1,8.0,8,16:20,17:10,Test Lab,2,1,0,1,103
Thursday,,,1,08:30,09:20,Test Lab,0,0,0,0,103
Thursday,,,2,09:20,10:10,Test Lab,0,0,1,0,103
Thursday,cse_g2,8.0,3,10:30,11:20,Test Lab,2,0,1,1,103
Thursday,cse_g2,8.0,4,11:20,12:10,Test Lab,2,1,1,1,103
Thursday,cse_g1,6.0,5,13:40,14:30,Test Lab,4,1,1,1,103
Thursday,cse_g1,6.0,6,14:30,15:20,Test Lab,4,1,1,1,103
Thursday,cse_g1,6.0,7,15:30,16:20,Test Lab,4,1,1,1,103
Thursday,cse_g1,6.0,8,16:20,17:10,Test Lab,4,1,0,1,103
Friday,cse_aiml,6.0,1,08:30,09:20,Test Lab,4,0,1,1,103
Friday,cse_aiml,6.0,2,09:20,10:10,Test Lab,4,1,1,1,103
Friday,cse_aiml,6.0,3,10:30,11:20,Test Lab,4,1,1,1,103
Friday,cse_aiml,6.0,4,11:20,12:10,Test Lab,4,1,1,1,103
Friday,cse_g1,6.0,5,13:40,14:30,Test Lab,2,1,1,1,103
Friday,cse_g1,6.0,6,14:30,15:20,Test Lab,2,1,1,1,103
Friday,cse_g2,4.0,7,15:30,16:20,Test Lab,2,1,1,1,103
Friday,cse_g2,4.0,8,16:20,17:10,Test Lab,2,1,0,1,103
Monday,,,1,08:30,09:20,Test Lab,0,0,0,0,104
Monday,,,2,09:20,10:10,Test Lab,0,0,1,0,104
Monday,cse_g1,6.0,3,10:30,11:20,Test Lab,2,0,1,1,104
Monday,cse_g1,6.0,4,11:20,12:10,Test Lab,2,1,1,1,104
Monday,cse_g2,2.0,5,13:40,14:30,Test Lab,2,1,1,1,104
Monday,cse_g2,2.0,6,14:30,15:20,Test Lab,2,1,0,1,104
Monday,,,7,15:30,16:20,Test Lab,0,1,0,0,104
Monday,,,8,16:20,17:10,Test Lab,0,0,0,0,104
Tuesday,cse_g1,4.0,1,08:30,09:20,Test Lab,4,0,1,1,104
Tuesday,cse_g1,4.0,2,09:20,10:10,Test Lab,4,1,1,1,104
Tuesday,cse_g1,4.0,3,10:30,11:20,Test Lab,4,1,1,1,104
Tuesday,cse_g1,4.0,4,11:20,12:10,Test Lab,4,1,1,1,104
Tuesday,cse_aiml,6.0,5,13:40,14:30,Test Lab,4,1,1,1,104
Tuesday,cse_aiml,6.0,6,14:30,15:20,Test Lab,4,1,1,1,104
Tuesday,cse_aiml,6.0,7,15:30,16:20,Test Lab,4,1,1,1,104
Tuesday,cse_aiml,6.0,8,16:20,17:10,Test Lab,4,1,0,1,104
Wednesday,,,1,08:30,09:20,Test Lab,0,0,1,0,104
Wednesday,cse_g2,6.0,2,09:20,10:10,Test Lab,2,0,1,1,104
Wednesday,cse_g2,6.0,3,10:30,11:20,Test Lab,2,1,0,1,104
Wednesday,,,4,11:20,12:10,Test Lab,0,1,1,1,104
Wednesday,cse_g1,2.0,5,13:40,14:30,Test Lab,2,0,1,1,104
Wednesday,cse_g1,2.0,6,14:30,15:20,Test Lab,2,1,1,1,104
Wednesday,cse_g1,8.0,7,15:30,16:20,Test Lab,2,1,1,1,104
Wednesday,cse_g1,8.0,8,16:20,17:10,Test Lab,2,1,0,1,104
Thursday,,,1,08:30,09:20,Test Lab,0,0,0,0,104
Thursday,,,2,09:20,10:10,Test Lab,0,0,1,0,104
Thursday,cse_g2,8.0,3,10:30,11:20,Test Lab,2,0,1,1,104
Thursday,cse_g2,8.0,4,11:20,12:10,Test Lab,2,1,1,1,104
Thursday,cse_g1,6.0,5,13:40,14:30,Test Lab,4,1,1,1,104
Thursday,cse_g1,6.0,6,14:30,15:20,Test Lab,4,1,1,1,104
Thursday,cse_g1,6.0,7,15:30,16:20,Test Lab,4,1,1,1,104
Thursday,cse_g1,6.0,8,16:20,17:10,Test Lab,4,1,0,1,104
Friday,cse_aiml,6.0,1,08:30,09:20,Test Lab,4,0,1,1,104
Friday,cse_aiml,6.0,2,09:20,10:10,Test Lab,4,1,1,1,104
Friday,cse_aiml,6.0,3,10:30,11:20,Test Lab,4,1,1,1,104
Friday,cse_aiml,6.0,4,11:20,12:10,Test Lab,4,1,1,1,104
Friday,cse_g1,6.0,5,13:40,14:30,Test Lab,2,1,1,1,104
Friday,cse_g1,6.0,6,14:30,15:20,Test Lab,2,1,1,1,104
Friday,cse_g2,4.0,7,15:30,16:20,Test Lab,2,1,1,1,104
Friday,cse_g2,4.0,8,16:20,17:10,Test Lab,2,1,0,1,104
Monday,,,1,08:30,09:20,Test Lab,0,0,0,0,105
Monday,,,2,09:20,10:10,Test Lab,0,0,1,0,105
Monday,cse_g1,6.0,3,10:30,11:20,Test Lab,2,0,1,1,105
Monday,cse_g1,6.0,4,11:20,12:10,Test Lab,2,1,1,1,105
Monday,cse_g2,2.0,5,13:40,14:30,Test Lab,2,1,1,1,105
Monday,cse_g2,2.0,6,14:30,15:20,Test Lab,2,1,0,0,105
Monday,,,7,15:30,16:20,Test Lab,0,1,0,0,105
Monday,,,8,16:20,17:10,Test Lab,0,0,0,0,105
Tuesday,cse_g1,4.0,1,08:30,09:20,Test Lab,4,0,1,1,105
Tuesday,cse_g1,4.0,2,09:20,10:10,Test Lab,4,1,1,0,105
Tuesday,cse_g1,4.0,3,10:30,11:20,Test Lab,4,1,1,1,105
Tuesday,cse_g1,4.0,4,11:20,12:10,Test Lab,4,1,1,1,105
Tuesday,cse_aiml,6.0,5,13:40,14:30,Test Lab,4,1,1,1,105
Tuesday,cse_aiml,6.0,6,14:30,15:20,Test Lab,4,1,1,0,105
Tuesday,cse_aiml,6.0,7,15:30,16:20,Test Lab,4,1,1,1,105
Tuesday,cse_aiml,6.0,8,16:20,17:10,Test Lab,4,1,0,1,105
Wednesday,,,1,08:30,09:20,Test Lab,0,0,1,0,105
Wednesday,cse_g2,6.0,2,09:20,10:10,Test Lab,2,0,1,1,105
Wednesday,cse_g2,6.0,3,10:30,11:20,Test Lab,2,1,0,1,105
Wednesday,,,4,11:20,12:10,Test Lab,0,1,1,0,105
Wednesday,cse_g1,2.0,5,13:40,14:30,Test Lab,2,0,1,1,105
Wednesday,cse_g1,2.0,6,14:30,15:20,Test Lab,2,1,1,1,105
Wednesday,cse_g1,8.0,7,15:30,16:20,Test Lab,2,1,1,1,105
Wednesday,cse_g1,8.0,8,16:20,17:10,Test Lab,2,1,0,1,105
Thursday,,,1,08:30,09:20,Test Lab,0,0,0,0,105
Thursday,,,2,09:20,10:10,Test Lab,0,0,1,0,105
Thursday,cse_g2,8.0,3,10:30,11:20,Test Lab,2,0,1,1,105
Thursday,cse_g2,8.0,4,11:20,12:10,Test Lab,2,1,1,1,105
Thursday,cse_g1,6.0,5,13:40,14:30,Test Lab,4,1,1,1,105
Thursday,cse_g1,6.0,6,14:30,15:20,Test Lab,4,1,1,1,105
Thursday,cse_g1,6.0,7,15:30,16:20,Test Lab,4,1,1,1,105
Thursday,cse_g1,6.0,8,16:20,17:10,Test Lab,4,1,0,1,105
Friday,cse_aiml,6.0,1,08:30,09:20,Test Lab,4,0,1,1,105
Friday,cse_aiml,6.0,2,09:20,10:10,Test Lab,4,1,1,1,105
Friday,cse_aiml,6.0,3,10:30,11:20,Test Lab,4,1,1,1,105
Friday,cse_aiml,6.0,4,11:20,12:10,Test Lab,4,1,1,0,105
Friday,cse_g1,6.0,5,13:40,14:30,Test Lab,2,1,1,1,105
Friday,cse_g1,6.0,6,14:30,15:20,Test Lab,2,1,1,1,105
Friday,cse_g2,4.0,7,15:30,16:20,Test Lab,2,1,1,1,105
Friday,cse_g2,4.0,8,16:20,17:10,Test Lab,2,1,0,1,105
Monday,,,1,08:30,09:20,Test Lab,0,0,0,0,106
Monday,,,2,09:20,10:10,Test Lab,0,0,1,0,106
Monday,cse_g1,6.0,3,10:30,11:20,Test Lab,2,0,1,1,106
Monday,cse_g1,6.0,4,11:20,12:10,Test Lab,2,1,1,1,106
Monday,cse_g2,2.0,5,13:40,14:30,Test Lab,2,1,1,1,106
Monday,cse_g2,2.0,6,14:30,15:20,Test Lab,2,1,0,1,106
Monday,,,7,15:30,16:20,Test Lab,0,1,0,0,106
Monday,,,8,16:20,17:10,Test Lab,0,0,0,0,106
Tuesday,cse_g1,4.0,1,08:30,09:20,Test Lab,4,0,1,1,106
Tuesday,cse_g1,4.0,2,09:20,10:10,Test Lab,4,1,1,1,106
Tuesday,cse_g1,4.0,3,10:30,11:20,Test Lab,4,1,1,1,106
Tuesday,cse_g1,4.0,4,11:20,12:10,Test Lab,4,1,1,1,106
Tuesday,cse_aiml,6.0,5,13:40,14:30,Test Lab,4,1,1,1,106
Tuesday,cse_aiml,6.0,6,14:30,15:20,Test Lab,4,1,1,1,106
Tuesday,cse_aiml,6.0,7,15:30,16:20,Test Lab,4,1,1,1,106
Tuesday,cse_aiml,6.0,8,16:20,17:10,Test Lab,4,1,0,1,106
Wednesday,,,1,08:30,09:20,Test Lab,0,0,1,0,106
Wednesday,cse_g2,6.0,2,09:20,10:10,Test Lab,2,0,1,1,106
Wednesday,cse_g2,6.0,3,10:30,11:20,Test Lab,2,1,0,1,106
Wednesday,,,4,11:20,12:10,Test Lab,0,1,1,0,106
Wednesday,cse_g1,2.0,5,13:40,14:30,Test Lab,2,0,1,1,106
Wednesday,cse_g1,2.0,6,14:30,15:20,Test Lab,2,1,1,1,106
Wednesday,cse_g1,8.0,7,15:30,16:20,Test Lab,2,1,1,0,106
Wednesday,cse_g1,8.0,8,16:20,17:10,Test Lab,2,1,0,1,106
Thursday,,,1,08:30,09:20,Test Lab,0,0,0,0,106
Thursday,,,2,09:20,10:10,Test Lab,0,0,1,0,106
Thursday,cse_g2,8.0,3,10:30,11:20,Test Lab,2,0,1,1,106
Thursday,cse_g2,8.0,4,11:20,12:10,Test Lab,2,1,1,1,106
Thursday,cse_g1,6.0,5,13:40,14:30,Test Lab,4,1,1,1,106
Thursday,cse_g1,6.0,6,14:30,15:20,Test Lab,4,1,1,1,106
Thursday,cse_g1,6.0,7,15:30,16:20,Test Lab,4,1,1,1,106
Thursday,cse_g1,6.0,8,16:20,17:10,Test Lab,4,1,0,0,106
Friday,cse_aiml,6.0,1,08:30,09:20,Test Lab,4,0,1,1,106
Friday,cse_aiml,6.0,2,09:20,10:10,Test Lab,4,1,1,1,106
Friday,cse_aiml,6.0,3,10:30,11:20,Test Lab,4,1,1,1,106
Friday,cse_aiml,6.0,4,11:20,12:10,Test Lab,4,1,1,1,106
Friday,cse_g1,6.0,5,13:40,14:30,Test Lab,2,1,1,1,106
Friday,cse_g1,6.0,6,14:30,15:20,Test Lab,2,1,1,1,106
Friday,cse_g2,4.0,7,15:30,16:20,Test Lab,2,1,1,1,106
Friday,cse_g2,4.0,8,16:20,17:10,Test Lab,2,1,0,1,106
Monday,,,1,08:30,09:20,Test Lab,0,0,0,0,107
Monday,,,2,09:20,10:10,Test Lab,0,0,1,0,107
Monday,cse_g1,6.0,3,10:30,11:20,Test Lab,2,0,1,0,107
Monday,cse_g1,6.0,4,11:20,12:10,Test Lab,2,1,1,1,107
Monday,cse_g2,2.0,5,13:40,14:30,Test Lab,2,1,1,1,107
Monday,cse_g2,2.0,6,14:30,15:20,Test Lab,2,1,0,1,107
Monday,,,7,15:30,16:20,Test Lab,0,1,0,0,107
Monday,,,8,16:20,17:10,Test Lab,0,0,0,0,107
Tuesday,cse_g1,4.0,1,08:30,09:20,Test Lab,4,0,1,1,107
Tuesday,cse_g1,4.0,2,09:20,10:10,Test Lab,4,1,1,1,107
Tuesday,cse_g1,4.0,3,10:30,11:20,Test Lab,4,1,1,1,107
Tuesday,cse_g1,4.0,4,11:20,12:10,Test Lab,4,1,1,1,107
Tuesday,cse_aiml,6.0,5,13:40,14:30,Test Lab,4,1,1,1,107
Tuesday,cse_aiml,6.0,6,14:30,15:20,Test Lab,4,1,1,1,107
Tuesday,cse_aiml,6.0,7,15:30,16:20,Test Lab,4,1,1,1,107
Tuesday,cse_aiml,6.0,8,16:20,17:10,Test Lab,4,1,0,1,107
Wednesday,,,1,08:30,09:20,Test Lab,0,0,1,0,107
Wednesday,cse_g2,6.0,2,09:20,10:10,Test Lab,2,0,1,1,107
Wednesday,cse_g2,6.0,3,10:30,11:20,Test Lab,2,1,0,1,107
Wednesday,,,4,11:20,12:10,Test Lab,0,1,1,0,107
Wednesday,cse_g1,2.0,5,13:40,14:30,Test Lab,2,0,1,1,107
Wednesday,cse_g1,2.0,6,14:30,15:20,Test Lab,2,1,1,1,107
Wednesday,cse_g1,8.0,7,15:30,16:20,Test Lab,2,1,1,1,107
Wednesday,cse_g1,8.0,8,16:20,17:10,Test Lab,2,1,0,1,107
Thursday,,,1,08:30,09:20,Test Lab,0,0,0,0,107
Thursday,,,2,09:20,10:10,Test Lab,0,0,1,0,107
Thursday,cse_g2,8.0,3,10:30,11:20,Test Lab,2,0,1,1,107
Thursday,cse_g2,8.0,4,11:20,12:10,Test Lab,2,1,1,1,107
Thursday,cse_g1,6.0,5,13:40,14:30,Test Lab,4,1,1,1,107
Thursday,cse_g1,6.0,6,14:30,15:20,Test Lab,4,1,1,0,107
Thursday,cse_g1,6.0,7,15:30,16:20,Test Lab,4,1,1,1,107
Thursday,cse_g1,6.0,8,16:20,17:10,Test Lab,4,1,0,1,107
Friday,cse_aiml,6.0,1,08:30,09:20,Test Lab,4,0,1,1,107
Friday,cse_aiml,6.0,2,09:20,10:10,Test Lab,4,1,1,1,107
Friday,cse_aiml,6.0,3,10:30,11:20,Test Lab,4,1,1,1,107
Friday,cse_aiml,6.0,4,11:20,12:10,Test Lab,4,1,1,1,107
Friday,cse_g1,6.0,5,13:40,14:30,Test Lab,2,1,1,1,107
Friday,cse_g1,6.0,6,14:30,15:20,Test Lab,2,1,1,1,107
Friday,cse_g2,4.0,7,15:30,16:20,Test Lab,2,1,1,1,107
Friday,cse_g2,4.0,8,16:20,17:10,Test Lab,2,1,0,1,107
Monday,,,1,08:30,09:20,Test Lab,0,0,0,0,108
Monday,,,2,09:20,10:10,Test Lab,0,0,1,0,108
Monday,cse_g1,6.0,3,10:30,11:20,Test Lab,2,0,1,1,108
Monday,cse_g1,6.0,4,11:20,12:10,Test Lab,2,1,1,1,108
Monday,cse_g2,2.0,5,13:40,14:30,Test Lab,2,1,1,1,108
Monday,cse_g2,2.0,6,14:30,15:20,Test Lab,2,1,0,1,108
Monday,,,7,15:30,16:20,Test Lab,0,1,0,0,108
Monday,,,8,16:20,17:10,Test Lab,0,0,0,0,108
Tuesday,cse_g1,4.0,1,08:30,09:20,Test Lab,4,0,1,1,108
Tuesday,cse_g1,4.0,2,09:20,10:10,Test Lab,4,1,1,1,108
Tuesday,cse_g1,4.0,3,10:30,11:20,Test Lab,4,1,1,0,108
Tuesday,cse_g1,4.0,4,11:20,12:10,Test Lab,4,1,1,1,108
Tuesday,cse_aiml,6.0,5,13:40,14:30,Test Lab,4,1,1,1,108
Tuesday,cse_aiml,6.0,6,14:30,15:20,Test Lab,4,1,1,1,108
Tuesday,cse_aiml,6.0,7,15:30,16:20,Test Lab,4,1,1,1,108
Tuesday,cse_aiml,6.0,8,16:20,17:10,Test Lab,4,1,0,1,108
Wednesday,,,1,08:30,09:20,Test Lab,0,0,1,0,108
Wednesday,cse_g2,6.0,2,09:20,10:10,Test Lab,2,0,1,1,108
Wednesday,cse_g2,6.0,3,10:30,11:20,Test Lab,2,1,0,1,108
Wednesday,,,4,11:20,12:10,Test Lab,0,1,1,0,108
Wednesday,cse_g1,2.0,5,13:40,14:30,Test Lab,2,0,1,1,108
Wednesday,cse_g1,2.0,6,14:30,15:20,Test Lab,2,1,1,1,108
Wednesday,cse_g1,8.0,7,15:30,16:20,Test Lab,2,1,1,1,108
Wednesday,cse_g1,8.0,8,16:20,17:10,Test Lab,2,1,0,1,108
Thursday,,,1,08:30,09:20,Test Lab,0,0,0,0,108
Thursday,,,2,09:20,10:10,Test Lab,0,0,1,0,108
Thursday,cse_g2,8.0,3,10:30,11:20,Test Lab,2,0,1,1,108
Thursday,cse_g2,8.0,4,11:20,12:10,Test Lab,2,1,1,1,108
Thursday,cse_g1,6.0,5,13:40,14:30,Test Lab,4,1,1,1,108
Thursday,cse_g1,6.0,6,14:30,15:20,Test Lab,4,1,1,0,108
Thursday,cse_g1,6.0,7,15:30,16:20,Test Lab,4,1,1,1,108
Thursday,cse_g1,6.0,8,16:20,17:10,Test Lab,4,1,0,1,108
Friday,cse_aiml,6.0,1,08:30,09:20,Test Lab,4,0,1,0,108
Friday,cse_aiml,6.0,2,09:20,10:10,Test Lab,4,1,1,1,108
Friday,cse_aiml,6.0,3,10:30,11:20,Test Lab,4,1,1,1,108
Friday,cse_aiml,6.0,4,11:20,12:10,Test Lab,4,1,1,1,108
Friday,cse_g1,6.0,5,13:40,14:30,Test Lab,2,1,1,1,108
Friday,cse_g1,6.0,6,14:30,15:20,Test Lab,2,1,1,1,108
Friday,cse_g2,4.0,7,15:30,16:20,Test Lab,2,1,1,1,108
Friday,cse_g2,4.0,8,16:20,17:10,Test Lab,2,1,0,1,108
Monday,,,1,08:30,09:20,Test Lab,0,0,0,0,109
Monday,,,2,09:20,10:10,Test Lab,0,0,1,0,109
Monday,cse_g1,6.0,3,10:30,11:20,Test Lab,2,0,1,1,109
Monday,cse_g1,6.0,4,11:20,12:10,Test Lab,2,1,1,1,109
Monday,cse_g2,2.0,5,13:40,14:30,Test Lab,2,1,1,1,109
Monday,cse_g2,2.0,6,14:30,15:20,Test Lab,2,1,0,1,109
Monday,,,7,15:30,16:20,Test Lab,0,1,0,0,109
Monday,,,8,16:20,17:10,Test Lab,0,0,0,0,109
Tuesday,cse_g1,4.0,1,08:30,09:20,Test Lab,4,0,1,1,109
Tuesday,cse_g1,4.0,2,09:20,10:10,Test Lab,4,1,1,1,109
Tuesday,cse_g1,4.0,3,10:30,11:20,Test Lab,4,1,1,1,109
Tuesday,cse_g1,4.0,4,11:20,12:10,Test Lab,4,1,1,1,109
Tuesday,cse_aiml,6.0,5,13:40,14:30,Test Lab,4,1,1,1,109
Tuesday,cse_aiml,6.0,6,14:30,15:20,Test Lab,4,1,1,1,109
Tuesday,cse_aiml,6.0,7,15:30,16:20,Test Lab,4,1,1,0,109
Tuesday,cse_aiml,6.0,8,16:20,17:10,Test Lab,4,1,0,1,109
Wednesday,,,1,08:30,09:20,Test Lab,0,0,1,0,109
Wednesday,cse_g2,6.0,2,09:20,10:10,Test Lab,2,0,1,1,109
Wednesday,cse_g2,6.0,3,10:30,11:20,Test Lab,2,1,0,1,109
Wednesday,,,4,11:20,12:10,Test Lab,0,1,1,0,109
Wednesday,cse_g1,2.0,5,13:40,14:30,Test Lab,2,0,1,1,109
Wednesday,cse_g1,2.0,6,14:30,15:20,Test Lab,2,1,1,1,109
Wednesday,cse_g1,8.0,7,15:30,16:20,Test Lab,2,1,1,1,109
Wednesday,cse_g1,8.0,8,16:20,17:10,Test Lab,2,1,0,1,109
Thursday,,,1,08:30,09:20,Test Lab,0,0,0,0,109
Thursday,,,2,09:20,10:10,Test Lab,0,0,1,0,109
Thursday,cse_g2,8.0,3,10:30,11:20,Test Lab,2,0,1,1,109
Thursday,cse_g2,8.0,4,11:20,12:10,Test Lab,2,1,1,1,109
Thursday,cse_g1,6.0,5,13:40,14:30,Test Lab,4,1,1,1,109
Thursday,cse_g1,6.0,6,14:30,15:20,Test Lab,4,1,1,1,109
Thursday,cse_g1,6.0,7,15:30,16:20,Test Lab,4,1,1,1,109
Thursday,cse_g1,6.0,8,16:20,17:10,Test Lab,4,1,0,1,109
Friday,cse_aiml,6.0,1,08:30,09:20,Test Lab,4,0,1,1,109
Friday,cse_aiml,6.0,2,09:20,10:10,Test Lab,4,1,1,1,109
Friday,cse_aiml,6.0,3,10:30,11:20,Test Lab,4,1,1,1,109
Friday,cse_aiml,6.0,4,11:20,12:10,Test Lab,4,1,1,1,109
Friday,cse_g1,6.0,5,13:40,14:30,Test Lab,2,1,1,1,109
Friday,cse_g1,6.0,6,14:30,15:20,Test Lab,2,1,1,1,109
Friday,cse_g2,4.0,7,15:30,16:20,Test Lab,2,1,1,1,109
Friday,cse_g2,4.0,8,16:20,17:10,Test Lab,2,1,0,1,109
Monday,,,1,08:30,09:20,Test Lab,0,0,0,0,110
Monday,,,2,09:20,10:10,Test Lab,0,0,1,0,110
Monday,cse_g1,6.0,3,10:30,11:20,Test Lab,2,0,1,1,110
Monday,cse_g1,6.0,4,11:20,12:10,Test Lab,2,1,1,1,110
Monday,cse_g2,2.0,5,13:40,14:30,Test Lab,2,1,1,1,110
Monday,cse_g2,2.0,6,14:30,15:20,Test Lab,2,1,0,1,110
Monday,,,7,15:30,16:20,Test Lab,0,1,0,0,110
Monday,,,8,16:20,17:10,Test Lab,0,0,0,0,110
Tuesday,cse_g1,4.0,1,08:30,09:20,Test Lab,4,0,1,1,110
Tuesday,cse_g1,4.0,2,09:20,10:10,Test Lab,4,1,1,1,110
Tuesday,cse_g1,4.0,3,10:30,11:20,Test Lab,4,1,1,1,110
Tuesday,cse_g1,4.0,4,11:20,12:10,Test Lab,4,1,1,1,110
Tuesday,cse_aiml,6.0,5,13:40,14:30,Test Lab,4,1,1,1,110
Tuesday,cse_aiml,6.0,6,14:30,15:20,Test Lab,4,1,1,1,110
Tuesday,cse_aiml,6.0,7,15:30,16:20,Test Lab,4,1,1,1,110
Tuesday,cse_aiml,6.0,8,16:20,17:10,Test Lab,4,1,0,1,110
Wednesday,,,1,08:30,09:20,Test Lab,0,0,1,0,110
Wednesday,cse_g2,6.0,2,09:20,10:10,Test Lab,2,0,1,1,110
Wednesday,cse_g2,6.0,3,10:30,11:20,Test Lab,2,1,0,0,110
Wednesday,,,4,11:20,12:10,Test Lab,0,1,1,0,110
Wednesday,cse_g1,2.0,5,13:40,14:30,Test Lab,2,0,1,1,110
Wednesday,cse_g1,2.0,6,14:30,15:20,Test Lab,2,1,1,0,110
Wednesday,cse_g1,8.0,7,15:30,16:20,Test Lab,2,1,1,1,110
Wednesday,cse_g1,8.0,8,16:20,17:10,Test Lab,2,1,0,1,110
Thursday,,,1,08:30,09:20,Test Lab,0,0,0,0,110
Thursday,,,2,09:20,10:10,Test Lab,0,0,1,0,110
Thursday,cse_g2,8.0,3,10:30,11:20,Test Lab,2,0,1,1,110
Thursday,cse_g2,8.0,4,11:20,12:10,Test Lab,2,1,1,1,110
Thursday,cse_g1,6.0,5,13:40,14:30,Test Lab,4,1,1,1,110
Thursday,cse_g1,6.0,6,14:30,15:20,Test Lab,4,1,1,0,110
Thursday,cse_g1,6.0,7,15:30,16:20,Test Lab,4,1,1,1,110
Thursday,cse_g1,6.0,8,16:20,17:10,Test Lab,4,1,0,1,110
Friday,cse_aiml,6.0,1,08:30,09:20,Test Lab,4,0,1,1,110
Friday,cse_aiml,6.0,2,09:20,10:10,Test Lab,4,1,1,1,110
Friday,cse_aiml,6.0,3,10:30,11:20,Test Lab,4,1,1,1,110
Friday,cse_aiml,6.0,4,11:20,12:10,Test Lab,4,1,1,1,110
Friday,cse_g1,6.0,5,13:40,14:30,Test Lab,2,1,1,1,110
Friday,cse_g1,6.0,6,14:30,15:20,Test Lab,2,1,1,1,110
Friday,cse_g2,4.0,7,15:30,16:20,Test Lab,2,1,1,1,110
Friday,cse_g2,4.0,8,16:20,17:10,Test Lab,2,1,0,1,110
Monday,,,1,08:30,09:20,Test Lab,0,0,0,0,111
Monday,,,2,09:20,10:10,Test Lab,0,0,1,0,111
Monday,cse_g1,6.0,3,10:30,11:20,Test Lab,2,0,1,1,111
Monday,cse_g1,6.0,4,11:20,12:10,Test Lab,2,1,1,1,111
Monday,cse_g2,2.0,5,13:40,14:30,Test Lab,2,1,1,1,111
Monday,cse_g2,2.0,6,14:30,15:20,Test Lab,2,1,0,1,111
Monday,,,7,15:30,16:20,Test Lab,0,1,0,0,111
Monday,,,8,16:20,17:10,Test Lab,0,0,0,0,111
Tuesday,cse_g1,4.0,1,08:30,09:20,Test Lab,4,0,1,1,111
Tuesday,cse_g1,4.0,2,09:20,10:10,Test Lab,4,1,1,1,111
Tuesday,cse_g1,4.0,3,10:30,11:20,Test Lab,4,1,1,1,111
Tuesday,cse_g1,4.0,4,11:20,12:10,Test Lab,4,1,1,1,111
Tuesday,cse_aiml,6.0,5,13:40,14:30,Test Lab,4,1,1,1,111
Tuesday,cse_aiml,6.0,6,14:30,15:20,Test Lab,4,1,1,1,111
Tuesday,cse_aiml,6.0,7,15:30,16:20,Test Lab,4,1,1,1,111
Tuesday,cse_aiml,6.0,8,16:20,17:10,Test Lab,4,1,0,1,111
Wednesday,,,1,08:30,09:20,Test Lab,0,0,1,0,111
Wednesday,cse_g2,6.0,2,09:20,10:10,Test Lab,2,0,1,1,111
Wednesday,cse_g2,6.0,3,10:30,11:20,Test Lab,2,1,0,1,111
Wednesday,,,4,11:20,12:10,Test Lab,0,1,1,0,111
Wednesday,cse_g1,2.0,5,13:40,14:30,Test Lab,2,0,1,1,111
Wednesday,cse_g1,2.0,6,14:30,15:20,Test Lab,2,1,1,1,111
Wednesday,cse_g1,8.0,7,15:30,16:20,Test Lab,2,1,1,1,111
Wednesday,cse_g1,8.0,8,16:20,17:10,Test Lab,2,1,0,1,111
Thursday,,,1,08:30,09:20,Test Lab,0,0,0,0,111
Thursday,,,2,09:20,10:10,Test Lab,0,0,1,0,111
Thursday,cse_g2,8.0,3,10:30,11:20,Test Lab,2,0,1,1,111
Thursday,cse_g2,8.0,4,11:20,12:10,Test Lab,2,1,1,0,111
Thursday,cse_g1,6.0,5,13:40,14:30,Test Lab,4,1,1,1,111
Thursday,cse_g1,6.0,6,14:30,15:20,Test Lab,4,1,1,1,111
Thursday,cse_g1,6.0,7,15:30,16:20,Test Lab,4,1,1,1,111
Thursday,cse_g1,6.0,8,16:20,17:10,Test Lab,4,1,0,1,111
Friday,cse_aiml,6.0,1,08:30,09:20,Test Lab,4,0,1,1,111
Friday,cse_aiml,6.0,2,09:20,10:10,Test Lab,4,1,1,1,111
Friday,cse_aiml,6.0,3,10:30,11:20,Test Lab,4,1,1,1,111
Friday,cse_aiml,6.0,4,11:20,12:10,Test Lab,4,1,1,0,111
Friday,cse_g1,6.0,5,13:40,14:30,Test Lab,2,1,1,1,111
Friday,cse_g1,6.0,6,14:30,15:20,Test Lab,2,1,1,1,111
Friday,cse_g2,4.0,7,15:30,16:20,Test Lab,2,1,1,1,111
Friday,cse_g2,4.0,8,16:20,17:10,Test Lab,2,1,0,1,111
Monday,,,1,08:30,09:20,Test Lab,0,0,0,0,112
Monday,,,2,09:20,10:10,Test Lab,0,0,1,0,112
Monday,cse_g1,6.0,3,10:30,11:20,Test Lab,2,0,1,1,112
Monday,cse_g1,6.0,4,11:20,12:10,Test Lab,2,1,1,1,112
Monday,cse_g2,2.0,5,13:40,14:30,Test Lab,2,1,1,1,112
Monday,cse_g2,2.0,6,14:30,15:20,Test Lab,2,1,0,1,112
Monday,,,7,15:30,16:20,Test Lab,0,1,0,0,112
Monday,,,8,16:20,17:10,Test Lab,0,0,0,0,112
Tuesday,cse_g1,4.0,1,08:30,09:20,Test Lab,4,0,1,1,112
Tuesday,cse_g1,4.0,2,09:20,10:10,Test Lab,4,1,1,0,112
Tuesday,cse_g1,4.0,3,10:30,11:20,Test Lab,4,1,1,1,112
Tuesday,cse_g1,4.0,4,11:20,12:10,Test Lab,4,1,1,1,112
Tuesday,cse_aiml,6.0,5,13:40,14:30,Test Lab,4,1,1,1,112
Tuesday,cse_aiml,6.0,6,14:30,15:20,Test Lab,4,1,1,1,112
Tuesday,cse_aiml,6.0,7,15:30,16:20,Test Lab,4,1,1,1,112
Tuesday,cse_aiml,6.0,8,16:20,17:10,Test Lab,4,1,0,1,112
Wednesday,,,1,08:30,09:20,Test Lab,0,0,1,0,112
Wednesday,cse_g2,6.0,2,09:20,10:10,Test Lab,2,0,1,1,112
Wednesday,cse_g2,6.0,3,10:30,11:20,Test Lab,2,1,0,1,112
Wednesday,,,4,11:20,12:10,Test Lab,0,1,1,1,112
Wednesday,cse_g1,2.0,5,13:40,14:30,Test Lab,2,0,1,1,112
Wednesday,cse_g1,2.0,6,14:30,15:20,Test Lab,2,1,1,0,112
Wednesday,cse_g1,8.0,7,15:30,16:20,Test Lab,2,1,1,1,112
Wednesday,cse_g1,8.0,8,16:20,17:10,Test Lab,2,1,0,1,112
Thursday,,,1,08:30,09:20,Test Lab,0,0,0,0,112
Thursday,,,2,09:20,10:10,Test Lab,0,0,1,0,112
Thursday,cse_g2,8.0,3,10:30,11:20,Test Lab,2,0,1,1,112
Thursday,cse_g2,8.0,4,11:20,12:10,Test Lab,2,1,1,1,112
Thursday,cse_g1,6.0,5,13:40,14:30,Test Lab,4,1,1,1,112
Thursday,cse_g1,6.0,6,14:30,15:20,Test Lab,4,1,1,1,112
Thursday,cse_g1,6.0,7,15:30,16:20,Test Lab,4,1,1,1,112
Thursday,cse_g1,6.0,8,16:20,17:10,Test Lab,4,1,0,1,112
Friday,cse_aiml,6.0,1,08:30,09:20,Test Lab,4,0,1,1,112
Friday,cse_aiml,6.0,2,09:20,10:10,Test Lab,4,1,1,1,112
Friday,cse_aiml,6.0,3,10:30,11:20,Test Lab,4,1,1,0,112
Friday,cse_aiml,6.0,4,11:20,12:10,Test Lab,4,1,1,1,112
Friday,cse_g1,6.0,5,13:40,14:30,Test Lab,2,1,1,1,112
Friday,cse_g1,6.0,6,14:30,15:20,Test Lab,2,1,1,1,112
Friday,cse_g2,4.0,7,15:30,16:20,Test Lab,2,1,1,1,112
Friday,cse_g2,4.0,8,16:20,17:10,Test Lab,2,1,0,1,112
Monday,,,1,08:30,09:20,Test Lab,0,0,0,0,113
Monday,,,2,09:20,10:10,Test Lab,0,0,1,0,113
Monday,cse_g1,6.0,3,10:30,11:20,Test Lab,2,0,1,1,113
Monday,cse_g1,6.0,4,11:20,12:10,Test Lab,2,1,1,1,113
Monday,cse_g2,2.0,5,13:40,14:30,Test Lab,2,1,1,1,113
Monday,cse_g2,2.0,6,14:30,15:20,Test Lab,2,1,0,1,113
Monday,,,7,15:30,16:20,Test Lab,0,1,0,0,113
Monday,,,8,16:20,17:10,Test Lab,0,0,0,0,113
Tuesday,cse_g1,4.0,1,08:30,09:20,Test Lab,4,0,1,1,113
Tuesday,cse_g1,4.0,2,09:20,10:10,Test Lab,4,1,1,1,113
Tuesday,cse_g1,4.0,3,10:30,11:20,Test Lab,4,1,1,1,113
Tuesday,cse_g1,4.0,4,11:20,12:10,Test Lab,4,1,1,1,113
Tuesday,cse_aiml,6.0,5,13:40,14:30,Test Lab,4,1,1,1,113
Tuesday,cse_aiml,6.0,6,14:30,15:20,Test Lab,4,1,1,1,113
Tuesday,cse_aiml,6.0,7,15:30,16:20,Test Lab,4,1,1,1,113
Tuesday,cse_aiml,6.0,8,16:20,17:10,Test Lab,4,1,0,1,113
Wednesday,,,1,08:30,09:20,Test Lab,0,0,1,0,113
Wednesday,cse_g2,6.0,2,09:20,10:10,Test Lab,2,0,1,1,113
Wednesday,cse_g2,6.0,3,10:30,11:20,Test Lab,2,1,0,1,113
Wednesday,,,4,11:20,12:10,Test Lab,0,1,1,0,113
Wednesday,cse_g1,2.0,5,13:40,14:30,Test Lab,2,0,1,1,113
Wednesday,cse_g1,2.0,6,14:30,15:20,Test Lab,2,1,1,0,113
Wednesday,cse_g1,8.0,7,15:30,16:20,Test Lab,2,1,1,1,113
Wednesday,cse_g1,8.0,8,16:20,17:10,Test Lab,2,1,0,1,113
Thursday,,,1,08:30,09:20,Test Lab,0,0,0,0,113
Thursday,,,2,09:20,10:10,Test Lab,0,0,1,0,113
Thursday,cse_g2,8.0,3,10:30,11:20,Test Lab,2,0,1,1,113
Thursday,cse_g2,8.0,4,11:20,12:10,Test Lab,2,1,1,1,113
Thursday,cse_g1,6.0,5,13:40,14:30,Test Lab,4,1,1,1,113
Thursday,cse_g1,6.0,6,14:30,15:20,Test Lab,4,1,1,1,113
Thursday,cse_g1,6.0,7,15:30,16:20,Test Lab,4,1,1,1,113
Thursday,cse_g1,6.0,8,16:20,17:10,Test Lab,4,1,0,1,113
Friday,cse_aiml,6.0,1,08:30,09:20,Test Lab,4,0,1,1,113
Friday,cse_aiml,6.0,2,09:20,10:10,Test Lab,4,1,1,1,113
Friday,cse_aiml,6.0,3,10:30,11:20,Test Lab,4,1,1,1,113
Friday,cse_aiml,6.0,4,11:20,12:10,Test Lab,4,1,1,0,113
Friday,cse_g1,6.0,5,13:40,14:30,Test Lab,2,1,1,1,113
Friday,cse_g1,6.0,6,14:30,15:20,Test Lab,2,1,1,1,113
Friday,cse_g2,4.0,7,15:30,16:20,Test Lab,2,1,1,1,113
Friday,cse_g2,4.0,8,16:20,17:10,Test Lab,2,1,0,1,113
Monday,,,1,08:30,09:20,Test Lab,0,0,0,0,114
Monday,,,2,09:20,10:10,Test Lab,0,0,1,0,114
Monday,cse_g1,6.0,3,10:30,11:20,Test Lab,2,0,1,1,114
Monday,cse_g1,6.0,4,11:20,12:10,Test Lab,2,1,1,1,114
Monday,cse_g2,2.0,5,13:40,14:30,Test Lab,2,1,1,1,114
Monday,cse_g2,2.0,6,14:30,15:20,Test Lab,2,1,0,1,114
Monday,,,7,15:30,16:20,Test Lab,0,1,0,0,114
Monday,,,8,16:20,17:10,Test Lab,0,0,0,0,114
Tuesday,cse_g1,4.0,1,08:30,09:20,Test Lab,4,0,1,1,114
Tuesday,cse_g1,4.0,2,09:20,10:10,Test Lab,4,1,1,1,114
Tuesday,cse_g1,4.0,3,10:30,11:20,Test Lab,4,1,1,1,114
Tuesday,cse_g1,4.0,4,11:20,12:10,Test Lab,4,1,1,0,114
Tuesday,cse_aiml,6.0,5,13:40,14:30,Test Lab,4,1,1,1,114
Tuesday,cse_aiml,6.0,6,14:30,15:20,Test Lab,4,1,1,1,114
Tuesday,cse_aiml,6.0,7,15:30,16:20,Test Lab,4,1,1,1,114
Tuesday,cse_aiml,6.0,8,16:20,17:10,Test Lab,4,1,0,0,114
Wednesday,,,1,08:30,09:20,Test Lab,0,0,1,0,114
Wednesday,cse_g2,6.0,2,09:20,10:10,Test Lab,2,0,1,1,114
Wednesday,cse_g2,6.0,3,10:30,11:20,Test Lab,2,1,0,1,114
Wednesday,,,4,11:20,12:10,Test Lab,0,1,1,0,114
Wednesday,cse_g1,2.0,5,13:40,14:30,Test Lab,2,0,1,1,114
Wednesday,cse_g1,2.0,6,14:30,15:20,Test Lab,2,1,1,1,114
Wednesday,cse_g1,8.0,7,15:30,16:20,Test Lab,2,1,1,1,114
Wednesday,cse_g1,8.0,8,16:20,17:10,Test Lab,2,1,0,1,114
Thursday,,,1,08:30,09:20,Test Lab,0,0,0,0,114
Thursday,,,2,09:20,10:10,Test Lab,0,0,1,0,114
Thursday,cse_g2,8.0,3,10:30,11:20,Test Lab,2,0,1,1,114
Thursday,cse_g2,8.0,4,11:20,12:10,Test Lab,2,1,1,1,114
Thursday,cse_g1,6.0,5,13:40,14:30,Test Lab,4,1,1,1,114
Thursday,cse_g1,6.0,6,14:30,15:20,Test Lab,4,1,1,1,114
Thursday,cse_g1,6.0,7,15:30,16:20,Test Lab,4,1,1,1,114
Thursday,cse_g1,6.0,8,16:20,17:10,Test Lab,4,1,0,1,114
Friday,cse_aiml,6.0,1,08:30,09:20,Test Lab,4,0,1,1,114
Friday,cse_aiml,6.0,2,09:20,10:10,Test Lab,4,1,1,1,114
Friday,cse_aiml,6.0,3,10:30,11:20,Test Lab,4,1,1,1,114
Friday,cse_aiml,6.0,4,11:20,12:10,Test Lab,4,1,1,1,114
Friday,cse_g1,6.0,5,13:40,14:30,Test Lab,2,1,1,1,114
Friday,cse_g1,6.0,6,14:30,15:20,Test Lab,2,1,1,1,114
Friday,cse_g2,4.0,7,15:30,16:20,Test Lab,2,1,1,1,114
Friday,cse_g2,4.0,8,16:20,17:10,Test Lab,2,1,0,1,114
Monday,,,1,08:30,09:20,Test Lab,0,0,0,0,115
Monday,,,2,09:20,10:10,Test Lab,0,0,1,0,115
Monday,cse_g1,6.0,3,10:30,11:20,Test Lab,2,0,1,1,115
Monday,cse_g1,6.0,4,11:20,12:10,Test Lab,2,1,1,1,115
Monday,cse_g2,2.0,5,13:40,14:30,Test Lab,2,1,1,1,115
Monday,cse_g2,2.0,6,14:30,15:20,Test Lab,2,1,0,1,115
Monday,,,7,15:30,16:20,Test Lab,0,1,0,0,115
Monday,,,8,16:20,17:10,Test Lab,0,0,0,0,115
Tuesday,cse_g1,4.0,1,08:30,09:20,Test Lab,4,0,1,1,115
Tuesday,cse_g1,4.0,2,09:20,10:10,Test Lab,4,1,1,1,115
Tuesday,cse_g1,4.0,3,10:30,11:20,Test Lab,4,1,1,1,115
Tuesday,cse_g1,4.0,4,11:20,12:10,Test Lab,4,1,1,1,115
Tuesday,cse_aiml,6.0,5,13:40,14:30,Test Lab,4,1,1,1,115
Tuesday,cse_aiml,6.0,6,14:30,15:20,Test Lab,4,1,1,1,115
Tuesday,cse_aiml,6.0,7,15:30,16:20,Test Lab,4,1,1,1,115
Tuesday,cse_aiml,6.0,8,16:20,17:10,Test Lab,4,1,0,1,115
Wednesday,,,1,08:30,09:20,Test Lab,0,0,1,0,115
Wednesday,cse_g2,6.0,2,09:20,10:10,Test Lab,2,0,1,1,115
Wednesday,cse_g2,6.0,3,10:30,11:20,Test Lab,2,1,0,1,115
Wednesday,,,4,11:20,12:10,Test Lab,0,1,1,0,115
Wednesday,cse_g1,2.0,5,13:40,14:30,Test Lab,2,0,1,1,115
Wednesday,cse_g1,2.0,6,14:30,15:20,Test Lab,2,1,1,1,115
Wednesday,cse_g1,8.0,7,15:30,16:20,Test Lab,2,1,1,1,115
Wednesday,cse_g1,8.0,8,16:20,17:10,Test Lab,2,1,0,1,115
Thursday,,,1,08:30,09:20,Test Lab,0,0,0,0,115
Thursday,,,2,09:20,10:10,Test Lab,0,0,1,0,115
Thursday,cse_g2,8.0,3,10:30,11:20,Test Lab,2,0,1,1,115
Thursday,cse_g2,8.0,4,11:20,12:10,Test Lab,2,1,1,1,115
Thursday,cse_g1,6.0,5,13:40,14:30,Test Lab,4,1,1,1,115
Thursday,cse_g1,6.0,6,14:30,15:20,Test Lab,4,1,1,1,115
Thursday,cse_g1,6.0,7,15:30,16:20,Test Lab,4,1,1,1,115
Thursday,cse_g1,6.0,8,16:20,17:10,Test Lab,4,1,0,1,115
Friday,cse_aiml,6.0,1,08:30,09:20,Test Lab,4,0,1,1,115
Friday,cse_aiml,6.0,2,09:20,10:10,Test Lab,4,1,1,1,115
Friday,cse_aiml,6.0,3,10:30,11:20,Test Lab,4,1,1,1,115
Friday,cse_aiml,6.0,4,11:20,12:10,Test Lab,4,1,1,1,115
Friday,cse_g1,6.0,5,13:40,14:30,Test Lab,2,1,1,1,115
Friday,cse_g1,6.0,6,14:30,15:20,Test Lab,2,1,1,1,115
Friday,cse_g2,4.0,7,15:30,16:20,Test Lab,2,1,1,1,115
Friday,cse_g2,4.0,8,16:20,17:10,Test Lab,2,1,0,1,115
Monday,,,1,08:30,09:20,Test Lab,0,0,0,0,116
Monday,,,2,09:20,10:10,Test Lab,0,0,1,0,116
Monday,cse_g1,6.0,3,10:30,11:20,Test Lab,2,0,1,1,116
Monday,cse_g1,6.0,4,11:20,12:10,Test Lab,2,1,1,1,116
Monday,cse_g2,2.0,5,13:40,14:30,Test Lab,2,1,1,1,116
Monday,cse_g2,2.0,6,14:30,15:20,Test Lab,2,1,0,1,116
Monday,,,7,15:30,16:20,Test Lab,0,1,0,0,116
Monday,,,8,16:20,17:10,Test Lab,0,0,0,0,116
Tuesday,cse_g1,4.0,1,08:30,09:20,Test Lab,4,0,1,1,116
Tuesday,cse_g1,4.0,2,09:20,10:10,Test Lab,4,1,1,1,116
Tuesday,cse_g1,4.0,3,10:30,11:20,Test Lab,4,1,1,1,116
Tuesday,cse_g1,4.0,4,11:20,12:10,Test Lab,4,1,1,1,116
Tuesday,cse_aiml,6.0,5,13:40,14:30,Test Lab,4,1,1,0,116
Tuesday,cse_aiml,6.0,6,14:30,15:20,Test Lab,4,1,1,1,116
Tuesday,cse_aiml,6.0,7,15:30,16:20,Test Lab,4,1,1,1,116
Tuesday,cse_aiml,6.0,8,16:20,17:10,Test Lab,4,1,0,1,116
Wednesday,,,1,08:30,09:20,Test Lab,0,0,1,1,116
Wednesday,cse_g2,6.0,2,09:20,10:10,Test Lab,2,0,1,1,116
Wednesday,cse_g2,6.0,3,10:30,11:20,Test Lab,2,1,0,1,116
Wednesday,,,4,11:20,12:10,Test Lab,0,1,1,0,116
Wednesday,cse_g1,2.0,5,13:40,14:30,Test Lab,2,0,1,1,116
Wednesday,cse_g1,2.0,6,14:30,15:20,Test Lab,2,1,1,1,116
Wednesday,cse_g1,8.0,7,15:30,16:20,Test Lab,2,1,1,1,116
Wednesday,cse_g1,8.0,8,16:20,17:10,Test Lab,2,1,0,1,116
Thursday,,,1,08:30,09:20,Test Lab,0,0,0,0,116
Thursday,,,2,09:20,10:10,Test Lab,0,0,1,0,116
Thursday,cse_g2,8.0,3,10:30,11:20,Test Lab,2,0,1,1,116
Thursday,cse_g2,8.0,4,11:20,12:10,Test Lab,2,1,1,1,116
Thursday,cse_g1,6.0,5,13:40,14:30,Test Lab,4,1,1,1,116
Thursday,cse_g1,6.0,6,14:30,15:20,Test Lab,4,1,1,1,116
Thursday,cse_g1,6.0,7,15:30,16:20,Test Lab,4,1,1,1,116
Thursday,cse_g1,6.0,8,16:20,17:10,Test Lab,4,1,0,1,116
Friday,cse_aiml,6.0,1,08:30,09:20,Test Lab,4,0,1,1,116
Friday,cse_aiml,6.0,2,09:20,10:10,Test Lab,4,1,1,1,116
Friday,cse_aiml,6.0,3,10:30,11:20,Test Lab,4,1,1,1,116
Friday,cse_aiml,6.0,4,11:20,12:10,Test Lab,4,1,1,1,116
Friday,cse_g1,6.0,5,13:40,14:30,Test Lab,2,1,1,1,116
Friday,cse_g1,6.0,6,14:30,15:20,Test Lab,2,1,1,1,116
Friday,cse_g2,4.0,7,15:30,16:20,Test Lab,2,1,1,1,116
Friday,cse_g2,4.0,8,16:20,17:10,Test Lab,2,1,0,1,116
Monday,,,1,08:30,09:20,Test Lab,0,0,0,0,117
Monday,,,2,09:20,10:10,Test Lab,0,0,1,0,117
Monday,cse_g1,6.0,3,10:30,11:20,Test Lab,2,0,1,1,117
Monday,cse_g1,6.0,4,11:20,12:10,Test Lab,2,1,1,1,117
Monday,cse_g2,2.0,5,13:40,14:30,Test Lab,2,1,1,1,117
Monday,cse_g2,2.0,6,14:30,15:20,Test Lab,2,1,0,0,117
Monday,,,7,15:30,16:20,Test Lab,0,1,0,0,117
Monday,,,8,16:20,17:10,Test Lab,0,0,0,0,117
Tuesday,cse_g1,4.0,1,08:30,09:20,Test Lab,4,0,1,1,117
Tuesday,cse_g1,4.0,2,09:20,10:10,Test Lab,4,1,1,1,117
Tuesday,cse_g1,4.0,3,10:30,11:20,Test Lab,4,1,1,1,117
Tuesday,cse_g1,4.0,4,11:20,12:10,Test Lab,4,1,1,1,117
Tuesday,cse_aiml,6.0,5,13:40,14:30,Test Lab,4,1,1,1,117
Tuesday,cse_aiml,6.0,6,14:30,15:20,Test Lab,4,1,1,1,117
Tuesday,cse_aiml,6.0,7,15:30,16:20,Test Lab,4,1,1,1,117
Tuesday,cse_aiml,6.0,8,16:20,17:10,Test Lab,4,1,0,1,117
Wednesday,,,1,08:30,09:20,Test Lab,0,0,1,0,117
Wednesday,cse_g2,6.0,2,09:20,10:10,Test Lab,2,0,1,1,117
Wednesday,cse_g2,6.0,3,10:30,11:20,Test Lab,2,1,0,1,117
Wednesday,,,4,11:20,12:10,Test Lab,0,1,1,0,117
Wednesday,cse_g1,2.0,5,13:40,14:30,Test Lab,2,0,1,1,117
Wednesday,cse_g1,2.0,6,14:30,15:20,Test Lab,2,1,1,1,117
Wednesday,cse_g1,8.0,7,15:30,16:20,Test Lab,2,1,1,1,117
Wednesday,cse_g1,8.0,8,16:20,17:10,Test Lab,2,1,0,1,117
Thursday,,,1,08:30,09:20,Test Lab,0,0,0,0,117
Thursday,,,2,09:20,10:10,Test Lab,0,0,1,0,117
Thursday,cse_g2,8.0,3,10:30,11:20,Test Lab,2,0,1,1,117
Thursday,cse_g2,8.0,4,11:20,12:10,Test Lab,2,1,1,1,117
Thursday,cse_g1,6.0,5,13:40,14:30,Test Lab,4,1,1,1,117
Thursday,cse_g1,6.0,6,14:30,15:20,Test Lab,4,1,1,1,117
Thursday,cse_g1,6.0,7,15:30,16:20,Test Lab,4,1,1,1,117
Thursday,cse_g1,6.0,8,16:20,17:10,Test Lab,4,1,0,1,117
Friday,cse_aiml,6.0,1,08:30,09:20,Test Lab,4,0,1,1,117
Friday,cse_aiml,6.0,2,09:20,10:10,Test Lab,4,1,1,1,117
Friday,cse_aiml,6.0,3,10:30,11:20,Test Lab,4,1,1,1,117
Friday,cse_aiml,6.0,4,11:20,12:10,Test Lab,4,1,1,1,117
Friday,cse_g1,6.0,5,13:40,14:30,Test Lab,2,1,1,1,117
Friday,cse_g1,6.0,6,14:30,15:20,Test Lab,2,1,1,1,117
Friday,cse_g2,4.0,7,15:30,16:20,Test Lab,2,1,1,0,117
Friday,cse_g2,4.0,8,16:20,17:10,Test Lab,2,1,0,1,117
Monday,,,1,08:30,09:20,Test Lab,0,0,0,0,118
Monday,,,2,09:20,10:10,Test Lab,0,0,1,0,118
Monday,cse_g1,6.0,3,10:30,11:20,Test Lab,2,0,1,1,118
Monday,cse_g1,6.0,4,11:20,12:10,Test Lab,2,1,1,1,118
Monday,cse_g2,2.0,5,13:40,14:30,Test Lab,2,1,1,1,118
Monday,cse_g2,2.0,6,14:30,15:20,Test Lab,2,1,0,1,118
Monday,,,7,15:30,16:20,Test Lab,0,1,0,0,118
Monday,,,8,16:20,17:10,Test Lab,0,0,0,0,118
Tuesday,cse_g1,4.0,1,08:30,09:20,Test Lab,4,0,1,1,118
Tuesday,cse_g1,4.0,2,09:20,10:10,Test Lab,4,1,1,1,118
Tuesday,cse_g1,4.0,3,10:30,11:20,Test Lab,4,1,1,1,118
Tuesday,cse_g1,4.0,4,11:20,12:10,Test Lab,4,1,1,1,118
Tuesday,cse_aiml,6.0,5,13:40,14:30,Test Lab,4,1,1,0,118
Tuesday,cse_aiml,6.0,6,14:30,15:20,Test Lab,4,1,1,1,118
Tuesday,cse_aiml,6.0,7,15:30,16:20,Test Lab,4,1,1,1,118
Tuesday,cse_aiml,6.0,8,16:20,17:10,Test Lab,4,1,0,0,118
Wednesday,,,1,08:30,09:20,Test Lab,0,0,1,0,118
Wednesday,cse_g2,6.0,2,09:20,10:10,Test Lab,2,0,1,1,118
Wednesday,cse_g2,6.0,3,10:30,11:20,Test Lab,2,1,0,1,118
Wednesday,,,4,11:20,12:10,Test Lab,0,1,1,0,118
Wednesday,cse_g1,2.0,5,13:40,14:30,Test Lab,2,0,1,1,118
Wednesday,cse_g1,2.0,6,14:30,15:20,Test Lab,2,1,1,1,118
Wednesday,cse_g1,8.0,7,15:30,16:20,Test Lab,2,1,1,1,118
Wednesday,cse_g1,8.0,8,16:20,17:10,Test Lab,2,1,0,1,118
Thursday,,,1,08:30,09:20,Test Lab,0,0,0,0,118
Thursday,,,2,09:20,10:10,Test Lab,0,0,1,0,118
Thursday,cse_g2,8.0,3,10:30,11:20,Test Lab,2,0,1,1,118
Thursday,cse_g2,8.0,4,11:20,12:10,Test Lab,2,1,1,0,118
Thursday,cse_g1,6.0,5,13:40,14:30,Test Lab,4,1,1,1,118
Thursday,cse_g1,6.0,6,14:30,15:20,Test Lab,4,1,1,1,118
Thursday,cse_g1,6.0,7,15:30,16:20,Test Lab,4,1,1,1,118
Thursday,cse_g1,6.0,8,16:20,17:10,Test Lab,4,1,0,1,118
Friday,cse_aiml,6.0,1,08:30,09:20,Test Lab,4,0,1,1,118
Friday,cse_aiml,6.0,2,09:20,10:10,Test Lab,4,1,1,1,118
Friday,cse_aiml,6.0,3,10:30,11:20,Test Lab,4,1,1,1,118
Friday,cse_aiml,6.0,4,11:20,12:10,Test Lab,4,1,1,1,118
Friday,cse_g1,6.0,5,13:40,14:30,Test Lab,2,1,1,1,118
Friday,cse_g1,6.0,6,14:30,15:20,Test Lab,2,1,1,1,118
Friday,cse_g2,4.0,7,15:30,16:20,Test Lab,2,1,1,1,118
Friday,cse_g2,4.0,8,16:20,17:10,Test Lab,2,1,0,1,118
Monday,,,1,08:30,09:20,Test Lab,0,0,0,0,119
Monday,,,2,09:20,10:10,Test Lab,0,0,1,0,119
Monday,cse_g1,6.0,3,10:30,11:20,Test Lab,2,0,1,1,119
Monday,cse_g1,6.0,4,11:20,12:10,Test Lab,2,1,1,1,119
Monday,cse_g2,2.0,5,13:40,14:30,Test Lab,2,1,1,1,119
Monday,cse_g2,2.0,6,14:30,15:20,Test Lab,2,1,0,0,119
Monday,,,7,15:30,16:20,Test Lab,0,1,0,0,119
Monday,,,8,16:20,17:10,Test Lab,0,0,0,0,119
Tuesday,cse_g1,4.0,1,08:30,09:20,Test Lab,4,0,1,1,119
Tuesday,cse_g1,4.0,2,09:20,10:10,Test Lab,4,1,1,1,119
Tuesday,cse_g1,4.0,3,10:30,11:20,Test Lab,4,1,1,1,119
Tuesday,cse_g1,4.0,4,11:20,12:10,Test Lab,4,1,1,1,119
Tuesday,cse_aiml,6.0,5,13:40,14:30,Test Lab,4,1,1,1,119
Tuesday,cse_aiml,6.0,6,14:30,15:20,Test Lab,4,1,1,1,119
Tuesday,cse_aiml,6.0,7,15:30,16:20,Test Lab,4,1,1,1,119
Tuesday,cse_aiml,6.0,8,16:20,17:10,Test Lab,4,1,0,1,119
Wednesday,,,1,08:30,09:20,Test Lab,0,0,1,0,119
Wednesday,cse_g2,6.0,2,09:20,10:10,Test Lab,2,0,1,1,119
Wednesday,cse_g2,6.0,3,10:30,11:20,Test Lab,2,1,0,1,119
Wednesday,,,4,11:20,12:10,Test Lab,0,1,1,0,119
Wednesday,cse_g1,2.0,5,13:40,14:30,Test Lab,2,0,1,1,119
Wednesday,cse_g1,2.0,6,14:30,15:20,Test Lab,2,1,1,1,119
Wednesday,cse_g1,8.0,7,15:30,16:20,Test Lab,2,1,1,1,119
Wednesday,cse_g1,8.0,8,16:20,17:10,Test Lab,2,1,0,0,119
Thursday,,,1,08:30,09:20,Test Lab,0,0,0,0,119
Thursday,,,2,09:20,10:10,Test Lab,0,0,1,0,119
Thursday,cse_g2,8.0,3,10:30,11:20,Test Lab,2,0,1,1,119
Thursday,cse_g2,8.0,4,11:20,12:10,Test Lab,2,1,1,1,119
Thursday,cse_g1,6.0,5,13:40,14:30,Test Lab,4,1,1,1,119
Thursday,cse_g1,6.0,6,14:30,15:20,Test Lab,4,1,1,1,119
Thursday,cse_g1,6.0,7,15:30,16:20,Test Lab,4,1,1,1,119
Thursday,cse_g1,6.0,8,16:20,17:10,Test Lab,4,1,0,1,119
Friday,cse_aiml,6.0,1,08:30,09:20,Test Lab,4,0,1,1,119
Friday,cse_aiml,6.0,2,09:20,10:10,Test Lab,4,1,1,1,119
Friday,cse_aiml,6.0,3,10:30,11:20,Test Lab,4,1,1,1,119
Friday,cse_aiml,6.0,4,11:20,12:10,Test Lab,4,1,1,0,119
Friday,cse_g1,6.0,5,13:40,14:30,Test Lab,2,1,1,1,119
Friday,cse_g1,6.0,6,14:30,15:20,Test Lab,2,1,1,1,119
Friday,cse_g2,4.0,7,15:30,16:20,Test Lab,2,1,1,1,119
Friday,cse_g2,4.0,8,16:20,17:10,Test Lab,2,1,0,1,119
Monday,,,1,08:30,09:20,Test Lab,0,0,0,0,120
Monday,,,2,09:20,10:10,Test Lab,0,0,1,0,120
Monday,cse_g1,6.0,3,10:30,11:20,Test Lab,2,0,1,1,120
Monday,cse_g1,6.0,4,11:20,12:10,Test Lab,2,1,1,1,120
Monday,cse_g2,2.0,5,13:40,14:30,Test Lab,2,1,1,1,120
Monday,cse_g2,2.0,6,14:30,15:20,Test Lab,2,1,0,0,120
Monday,,,7,15:30,16:20,Test Lab,0,1,0,0,120
Monday,,,8,16:20,17:10,Test Lab,0,0,0,0,120
Tuesday,cse_g1,4.0,1,08:30,09:20,Test Lab,4,0,1,1,120
Tuesday,cse_g1,4.0,2,09:20,10:10,Test Lab,4,1,1,1,120
Tuesday,cse_g1,4.0,3,10:30,11:20,Test Lab,4,1,1,1,120
Tuesday,cse_g1,4.0,4,11:20,12:10,Test Lab,4,1,1,1,120
Tuesday,cse_aiml,6.0,5,13:40,14:30,Test Lab,4,1,1,1,120
Tuesday,cse_aiml,6.0,6,14:30,15:20,Test Lab,4,1,1,1,120
Tuesday,cse_aiml,6.0,7,15:30,16:20,Test Lab,4,1,1,1,120
Tuesday,cse_aiml,6.0,8,16:20,17:10,Test Lab,4,1,0,1,120
Wednesday,,,1,08:30,09:20,Test Lab,0,0,1,0,120
Wednesday,cse_g2,6.0,2,09:20,10:10,Test Lab,2,0,1,1,120
Wednesday,cse_g2,6.0,3,10:30,11:20,Test Lab,2,1,0,1,120
Wednesday,,,4,11:20,12:10,Test Lab,0,1,1,0,120
Wednesday,cse_g1,2.0,5,13:40,14:30,Test Lab,2,0,1,1,120
Wednesday,cse_g1,2.0,6,14:30,15:20,Test Lab,2,1,1,0,120
Wednesday,cse_g1,8.0,7,15:30,16:20,Test Lab,2,1,1,1,120
Wednesday,cse_g1,8.0,8,16:20,17:10,Test Lab,2,1,0,1,120
Thursday,,,1,08:30,09:20,Test Lab,0,0,0,0,120
Thursday,,,2,09:20,10:10,Test Lab,0,0,1,0,120
Thursday,cse_g2,8.0,3,10:30,11:20,Test Lab,2,0,1,1,120
Thursday,cse_g2,8.0,4,11:20,12:10,Test Lab,2,1,1,1,120
Thursday,cse_g1,6.0,5,13:40,14:30,Test Lab,4,1,1,1,120
Thursday,cse_g1,6.0,6,14:30,15:20,Test Lab,4,1,1,0,120
Thursday,cse_g1,6.0,7,15:30,16:20,Test Lab,4,1,1,0,120
Thursday,cse_g1,6.0,8,16:20,17:10,Test Lab,4,1,0,1,120
Friday,cse_aiml,6.0,1,08:30,09:20,Test Lab,4,0,1,1,120
Friday,cse_aiml,6.0,2,09:20,10:10,Test Lab,4,1,1,1,120
Friday,cse_aiml,6.0,3,10:30,11:20,Test Lab,4,1,1,1,120
Friday,cse_aiml,6.0,4,11:20,12:10,Test Lab,4,1,1,1,120
Friday,cse_g1,6.0,5,13:40,14:30,Test Lab,2,1,1,1,120
Friday,cse_g1,6.0,6,14:30,15:20,Test Lab,2,1,1,1,120
Friday,cse_g2,4.0,7,15:30,16:20,Test Lab,2,1,1,1,120
Friday,cse_g2,4.0,8,16:20,17:10,Test Lab,2,1,0,1,120
Monday,,,1,08:30,09:20,Test Lab,0,0,0,0,121
Monday,,,2,09:20,10:10,Test Lab,0,0,1,0,121
Monday,cse_g1,6.0,3,10:30,11:20,Test Lab,2,0,1,1,121
Monday,cse_g1,6.0,4,11:20,12:10,Test Lab,2,1,1,1,121
Monday,cse_g2,2.0,5,13:40,14:30,Test Lab,2,1,1,1,121
Monday,cse_g2,2.0,6,14:30,15:20,Test Lab,2,1,0,1,121
Monday,,,7,15:30,16:20,Test Lab,0,1,0,0,121
Monday,,,8,16:20,17:10,Test Lab,0,0,0,0,121
Tuesday,cse_g1,4.0,1,08:30,09:20,Test Lab,4,0,1,0,121
Tuesday,cse_g1,4.0,2,09:20,10:10,Test Lab,4,1,1,1,121
Tuesday,cse_g1,4.0,3,10:30,11:20,Test Lab,4,1,1,1,121
Tuesday,cse_g1,4.0,4,11:20,12:10,Test Lab,4,1,1,0,121
Tuesday,cse_aiml,6.0,5,13:40,14:30,Test Lab,4,1,1,1,121
Tuesday,cse_aiml,6.0,6,14:30,15:20,Test Lab,4,1,1,1,121
Tuesday,cse_aiml,6.0,7,15:30,16:20,Test Lab,4,1,1,1,121
Tuesday,cse_aiml,6.0,8,16:20,17:10,Test Lab,4,1,0,1,121
Wednesday,,,1,08:30,09:20,Test Lab,0,0,1,0,121
Wednesday,cse_g2,6.0,2,09:20,10:10,Test Lab,2,0,1,1,121
Wednesday,cse_g2,6.0,3,10:30,11:20,Test Lab,2,1,0,1,121
Wednesday,,,4,11:20,12:10,Test Lab,0,1,1,0,121
Wednesday,cse_g1,2.0,5,13:40,14:30,Test Lab,2,0,1,1,121
Wednesday,cse_g1,2.0,6,14:30,15:20,Test Lab,2,1,1,1,121
Wednesday,cse_g1,8.0,7,15:30,16:20,Test Lab,2,1,1,1,121
Wednesday,cse_g1,8.0,8,16:20,17:10,Test Lab,2,1,0,1,121
Thursday,,,1,08:30,09:20,Test Lab,0,0,0,0,121
Thursday,,,2,09:20,10:10,Test Lab,0,0,1,0,121
Thursday,cse_g2,8.0,3,10:30,11:20,Test Lab,2,0,1,1,121
Thursday,cse_g2,8.0,4,11:20,12:10,Test Lab,2,1,1,1,121
Thursday,cse_g1,6.0,5,13:40,14:30,Test Lab,4,1,1,1,121
Thursday,cse_g1,6.0,6,14:30,15:20,Test Lab,4,1,1,1,121
Thursday,cse_g1,6.0,7,15:30,16:20,Test Lab,4,1,1,1,121
Thursday,cse_g1,6.0,8,16:20,17:10,Test Lab,4,1,0,1,121
Friday,cse_aiml,6.0,1,08:30,09:20,Test Lab,4,0,1,1,121
Friday,cse_aiml,6.0,2,09:20,10:10,Test Lab,4,1,1,1,121
Friday,cse_aiml,6.0,3,10:30,11:20,Test Lab,4,1,1,1,121
Friday,cse_aiml,6.0,4,11:20,12:10,Test Lab,4,1,1,1,121
Friday,cse_g1,6.0,5,13:40,14:30,Test Lab,2,1,1,1,121
Friday,cse_g1,6.0,6,14:30,15:20,Test Lab,2,1,1,1,121
Friday,cse_g2,4.0,7,15:30,16:20,Test Lab,2,1,1,1,121
Friday,cse_g2,4.0,8,16:20,17:10,Test Lab,2,1,0,1,121
Monday,,,1,08:30,09:20,Test Lab,0,0,0,0,122
Monday,,,2,09:20,10:10,Test Lab,0,0,1,0,122
Monday,cse_g1,6.0,3,10:30,11:20,Test Lab,2,0,1,1,122
Monday,cse_g1,6.0,4,11:20,12:10,Test Lab,2,1,1,1,122
Monday,cse_g2,2.0,5,13:40,14:30,Test Lab,2,1,1,1,122
Monday,cse_g2,2.0,6,14:30,15:20,Test Lab,2,1,0,1,122
Monday,,,7,15:30,16:20,Test Lab,0,1,0,0,122
Monday,,,8,16:20,17:10,Test Lab,0,0,0,0,122
Tuesday,cse_g1,4.0,1,08:30,09:20,Test Lab,4,0,1,1,122
Tuesday,cse_g1,4.0,2,09:20,10:10,Test Lab,4,1,1,1,122
Tuesday,cse_g1,4.0,3,10:30,11:20,Test Lab,4,1,1,1,122
Tuesday,cse_g1,4.0,4,11:20,12:10,Test Lab,4,1,1,0,122
Tuesday,cse_aiml,6.0,5,13:40,14:30,Test Lab,4,1,1,1,122
Tuesday,cse_aiml,6.0,6,14:30,15:20,Test Lab,4,1,1,1,122
Tuesday,cse_aiml,6.0,7,15:30,16:20,Test Lab,4,1,1,1,122
Tuesday,cse_aiml,6.0,8,16:20,17:10,Test Lab,4,1,0,1,122
Wednesday,,,1,08:30,09:20,Test Lab,0,0,1,0,122
Wednesday,cse_g2,6.0,2,09:20,10:10,Test Lab,2,0,1,1,122
Wednesday,cse_g2,6.0,3,10:30,11:20,Test Lab,2,1,0,1,122
Wednesday,,,4,11:20,12:10,Test Lab,0,1,1,0,122
Wednesday,cse_g1,2.0,5,13:40,14:30,Test Lab,2,0,1,0,122
Wednesday,cse_g1,2.0,6,14:30,15:20,Test Lab,2,1,1,1,122
Wednesday,cse_g1,8.0,7,15:30,16:20,Test Lab,2,1,1,1,122
Wednesday,cse_g1,8.0,8,16:20,17:10,Test Lab,2,1,0,0,122
Thursday,,,1,08:30,09:20,Test Lab,0,0,0,0,122
Thursday,,,2,09:20,10:10,Test Lab,0,0,1,0,122
Thursday,cse_g2,8.0,3,10:30,11:20,Test Lab,2,0,1,1,122
Thursday,cse_g2,8.0,4,11:20,12:10,Test Lab,2,1,1,1,122
Thursday,cse_g1,6.0,5,13:40,14:30,Test Lab,4,1,1,1,122
Thursday,cse_g1,6.0,6,14:30,15:20,Test Lab,4,1,1,1,122
Thursday,cse_g1,6.0,7,15:30,16:20,Test Lab,4,1,1,1,122
Thursday,cse_g1,6.0,8,16:20,17:10,Test Lab,4,1,0,1,122
Friday,cse_aiml,6.0,1,08:30,09:20,Test Lab,4,0,1,1,122
Friday,cse_aiml,6.0,2,09:20,10:10,Test Lab,4,1,1,1,122
Friday,cse_aiml,6.0,3,10:30,11:20,Test Lab,4,1,1,1,122
Friday,cse_aiml,6.0,4,11:20,12:10,Test Lab,4,1,1,1,122
Friday,cse_g1,6.0,5,13:40,14:30,Test Lab,2,1,1,1,122
Friday,cse_g1,6.0,6,14:30,15:20,Test Lab,2,1,1,1,122
Friday,cse_g2,4.0,7,15:30,16:20,Test Lab,2,1,1,1,122
Friday,cse_g2,4.0,8,16:20,17:10,Test Lab,2,1,0,1,122
Monday,,,1,08:30,09:20,Test Lab,0,0,0,0,123
Monday,,,2,09:20,10:10,Test Lab,0,0,1,0,123
Monday,cse_g1,6.0,3,10:30,11:20,Test Lab,2,0,1,1,123
Monday,cse_g1,6.0,4,11:20,12:10,Test Lab,2,1,1,1,123
Monday,cse_g2,2.0,5,13:40,14:30,Test Lab,2,1,1,1,123
Monday,cse_g2,2.0,6,14:30,15:20,Test Lab,2,1,0,1,123
Monday,,,7,15:30,16:20,Test Lab,0,1,0,0,123
Monday,,,8,16:20,17:10,Test Lab,0,0,0,0,123
Tuesday,cse_g1,4.0,1,08:30,09:20,Test Lab,4,0,1,1,123
Tuesday,cse_g1,4.0,2,09:20,10:10,Test Lab,4,1,1,1,123
Tuesday,cse_g1,4.0,3,10:30,11:20,Test Lab,4,1,1,1,123
Tuesday,cse_g1,4.0,4,11:20,12:10,Test Lab,4,1,1,0,123
Tuesday,cse_aiml,6.0,5,13:40,14:30,Test Lab,4,1,1,1,123
Tuesday,cse_aiml,6.0,6,14:30,15:20,Test Lab,4,1,1,1,123
Tuesday,cse_aiml,6.0,7,15:30,16:20,Test Lab,4,1,1,1,123
Tuesday,cse_aiml,6.0,8,16:20,17:10,Test Lab,4,1,0,1,123
Wednesday,,,1,08:30,09:20,Test Lab,0,0,1,0,123
Wednesday,cse_g2,6.0,2,09:20,10:10,Test Lab,2,0,1,1,123
Wednesday,cse_g2,6.0,3,10:30,11:20,Test Lab,2,1,0,1,123
Wednesday,,,4,11:20,12:10,Test Lab,0,1,1,0,123
Wednesday,cse_g1,2.0,5,13:40,14:30,Test Lab,2,0,1,1,123
Wednesday,cse_g1,2.0,6,14:30,15:20,Test Lab,2,1,1,1,123
Wednesday,cse_g1,8.0,7,15:30,16:20,Test Lab,2,1,1,1,123
Wednesday,cse_g1,8.0,8,16:20,17:10,Test Lab,2,1,0,1,123
Thursday,,,1,08:30,09:20,Test Lab,0,0,0,0,123
Thursday,,,2,09:20,10:10,Test Lab,0,0,1,0,123
Thursday,cse_g2,8.0,3,10:30,11:20,Test Lab,2,0,1,1,123
Thursday,cse_g2,8.0,4,11:20,12:10,Test Lab,2,1,1,1,123
Thursday,cse_g1,6.0,5,13:40,14:30,Test Lab,4,1,1,1,123
Thursday,cse_g1,6.0,6,14:30,15:20,Test Lab,4,1,1,1,123
Thursday,cse_g1,6.0,7,15:30,16:20,Test Lab,4,1,1,0,123
Thursday,cse_g1,6.0,8,16:20,17:10,Test Lab,4,1,0,1,123
Friday,cse_aiml,6.0,1,08:30,09:20,Test Lab,4,0,1,1,123
Friday,cse_aiml,6.0,2,09:20,10:10,Test Lab,4,1,1,1,123
Friday,cse_aiml,6.0,3,10:30,11:20,Test Lab,4,1,1,1,123
Friday,cse_aiml,6.0,4,11:20,12:10,Test Lab,4,1,1,1,123
Friday,cse_g1,6.0,5,13:40,14:30,Test Lab,2,1,1,1,123
Friday,cse_g1,6.0,6,14:30,15:20,Test Lab,2,1,1,1,123
Friday,cse_g2,4.0,7,15:30,16:20,Test Lab,2,1,1,1,123
Friday,cse_g2,4.0,8,16:20,17:10,Test Lab,2,1,0,1,123
Monday,,,1,08:30,09:20,Test Lab,0,0,0,0,124
Monday,,,2,09:20,10:10,Test Lab,0,0,1,0,124
Monday,cse_g1,6.0,3,10:30,11:20,Test Lab,2,0,1,1,124
Monday,cse_g1,6.0,4,11:20,12:10,Test Lab,2,1,1,1,124
Monday,cse_g2,2.0,5,13:40,14:30,Test Lab,2,1,1,1,124
Monday,cse_g2,2.0,6,14:30,15:20,Test Lab,2,1,0,1,124
Monday,,,7,15:30,16:20,Test Lab,0,1,0,0,124
Monday,,,8,16:20,17:10,Test Lab,0,0,0,0,124
Tuesday,cse_g1,4.0,1,08:30,09:20,Test Lab,4,0,1,0,124
Tuesday,cse_g1,4.0,2,09:20,10:10,Test Lab,4,1,1,1,124
Tuesday,cse_g1,4.0,3,10:30,11:20,Test Lab,4,1,1,1,124
Tuesday,cse_g1,4.0,4,11:20,12:10,Test Lab,4,1,1,1,124
Tuesday,cse_aiml,6.0,5,13:40,14:30,Test Lab,4,1,1,1,124
Tuesday,cse_aiml,6.0,6,14:30,15:20,Test Lab,4,1,1,1,124
Tuesday,cse_aiml,6.0,7,15:30,16:20,Test Lab,4,1,1,1,124
Tuesday,cse_aiml,6.0,8,16:20,17:10,Test Lab,4,1,0,1,124
Wednesday,,,1,08:30,09:20,Test Lab,0,0,1,0,124
Wednesday,cse_g2,6.0,2,09:20,10:10,Test Lab,2,0,1,1,124
Wednesday,cse_g2,6.0,3,10:30,11:20,Test Lab,2,1,0,1,124
Wednesday,,,4,11:20,12:10,Test Lab,0,1,1,0,124
Wednesday,cse_g1,2.0,5,13:40,14:30,Test Lab,2,0,1,1,124
Wednesday,cse_g1,2.0,6,14:30,15:20,Test Lab,2,1,1,1,124
Wednesday,cse_g1,8.0,7,15:30,16:20,Test Lab,2,1,1,1,124
Wednesday,cse_g1,8.0,8,16:20,17:10,Test Lab,2,1,0,1,124
Thursday,,,1,08:30,09:20,Test Lab,0,0,0,0,124
Thursday,,,2,09:20,10:10,Test Lab,0,0,1,0,124
Thursday,cse_g2,8.0,3,10:30,11:20,Test Lab,2,0,1,0,124
Thursday,cse_g2,8.0,4,11:20,12:10,Test Lab,2,1,1,1,124
Thursday,cse_g1,6.0,5,13:40,14:30,Test Lab,4,1,1,1,124
Thursday,cse_g1,6.0,6,14:30,15:20,Test Lab,4,1,1,1,124
Thursday,cse_g1,6.0,7,15:30,16:20,Test Lab,4,1,1,1,124
Thursday,cse_g1,6.0,8,16:20,17:10,Test Lab,4,1,0,1,124
Friday,cse_aiml,6.0,1,08:30,09:20,Test Lab,4,0,1,1,124
Friday,cse_aiml,6.0,2,09:20,10:10,Test Lab,4,1,1,1,124
Friday,cse_aiml,6.0,3,10:30,11:20,Test Lab,4,1,1,1,124
Friday,cse_aiml,6.0,4,11:20,12:10,Test Lab,4,1,1,1,124
Friday,cse_g1,6.0,5,13:40,14:30,Test Lab,2,1,1,1,124
Friday,cse_g1,6.0,6,14:30,15:20,Test Lab,2,1,1,1,124
Friday,cse_g2,4.0,7,15:30,16:20,Test Lab,2,1,1,1,124
Friday,cse_g2,4.0,8,16:20,17:10,Test Lab,2,1,0,1,124
Monday,,,1,08:30,09:20,Test Lab,0,0,0,1,125
Monday,,,2,09:20,10:10,Test Lab,0,0,1,0,125
Monday,cse_g1,6.0,3,10:30,11:20,Test Lab,2,0,1,0,125
Monday,cse_g1,6.0,4,11:20,12:10,Test Lab,2,1,1,1,125
Monday,cse_g2,2.0,5,13:40,14:30,Test Lab,2,1,1,1,125
Monday,cse_g2,2.0,6,14:30,15:20,Test Lab,2,1,0,1,125
Monday,,,7,15:30,16:20,Test Lab,0,1,0,0,125
Monday,,,8,16:20,17:10,Test Lab,0,0,0,0,125
Tuesday,cse_g1,4.0,1,08:30,09:20,Test Lab,4,0,1,1,125
Tuesday,cse_g1,4.0,2,09:20,10:10,Test Lab,4,1,1,1,125
Tuesday,cse_g1,4.0,3,10:30,11:20,Test Lab,4,1,1,1,125
Tuesday,cse_g1,4.0,4,11:20,12:10,Test Lab,4,1,1,1,125
Tuesday,cse_aiml,6.0,5,13:40,14:30,Test Lab,4,1,1,1,125
Tuesday,cse_aiml,6.0,6,14:30,15:20,Test Lab,4,1,1,1,125
Tuesday,cse_aiml,6.0,7,15:30,16:20,Test Lab,4,1,1,1,125
Tuesday,cse_aiml,6.0,8,16:20,17:10,Test Lab,4,1,0,1,125
Wednesday,,,1,08:30,09:20,Test Lab,0,0,1,0,125
Wednesday,cse_g2,6.0,2,09:20,10:10,Test Lab,2,0,1,1,125
Wednesday,cse_g2,6.0,3,10:30,11:20,Test Lab,2,1,0,1,125
Wednesday,,,4,11:20,12:10,Test Lab,0,1,1,0,125
Wednesday,cse_g1,2.0,5,13:40,14:30,Test Lab,2,0,1,1,125
Wednesday,cse_g1,2.0,6,14:30,15:20,Test Lab,2,1,1,1,125
Wednesday,cse_g1,8.0,7,15:30,16:20,Test Lab,2,1,1,1,125
Wednesday,cse_g1,8.0,8,16:20,17:10,Test Lab,2,1,0,1,125
Thursday,,,1,08:30,09:20,Test Lab,0,0,0,0,125
Thursday,,,2,09:20,10:10,Test Lab,0,0,1,1,125
Thursday,cse_g2,8.0,3,10:30,11:20,Test Lab,2,0,1,1,125
Thursday,cse_g2,8.0,4,11:20,12:10,Test Lab,2,1,1,1,125
Thursday,cse_g1,6.0,5,13:40,14:30,Test Lab,4,1,1,1,125
Thursday,cse_g1,6.0,6,14:30,15:20,Test Lab,4,1,1,1,125
Thursday,cse_g1,6.0,7,15:30,16:20,Test Lab,4,1,1,1,125
Thursday,cse_g1,6.0,8,16:20,17:10,Test Lab,4,1,0,1,125
Friday,cse_aiml,6.0,1,08:30,09:20,Test Lab,4,0,1,1,125
Friday,cse_aiml,6.0,2,09:20,10:10,Test Lab,4,1,1,1,125
Friday,cse_aiml,6.0,3,10:30,11:20,Test Lab,4,1,1,1,125
Friday,cse_aiml,6.0,4,11:20,12:10,Test Lab,4,1,1,1,125
Friday,cse_g1,6.0,5,13:40,14:30,Test Lab,2,1,1,1,125
Friday,cse_g1,6.0,6,14:30,15:20,Test Lab,2,1,1,1,125
Friday,cse_g2,4.0,7,15:30,16:20,Test Lab,2,1,1,1,125
Friday,cse_g2,4.0,8,16:20,17:10,Test Lab,2,1,0,1,125
Monday,,,1,08:30,09:20,Test Lab,0,0,0,0,126
Monday,,,2,09:20,10:10,Test Lab,0,0,1,1,126
Monday,cse_g1,6.0,3,10:30,11:20,Test Lab,2,0,1,1,126
Monday,cse_g1,6.0,4,11:20,12:10,Test Lab,2,1,1,1,126
Monday,cse_g2,2.0,5,13:40,14:30,Test Lab,2,1,1,1,126
Monday,cse_g2,2.0,6,14:30,15:20,Test Lab,2,1,0,0,126
Monday,,,7,15:30,16:20,Test Lab,0,1,0,0,126
Monday,,,8,16:20,17:10,Test Lab,0,0,0,0,126
Tuesday,cse_g1,4.0,1,08:30,09:20,Test Lab,4,0,1,1,126
Tuesday,cse_g1,4.0,2,09:20,10:10,Test Lab,4,1,1,1,126
Tuesday,cse_g1,4.0,3,10:30,11:20,Test Lab,4,1,1,1,126
Tuesday,cse_g1,4.0,4,11:20,12:10,Test Lab,4,1,1,1,126
Tuesday,cse_aiml,6.0,5,13:40,14:30,Test Lab,4,1,1,1,126
Tuesday,cse_aiml,6.0,6,14:30,15:20,Test Lab,4,1,1,1,126
Tuesday,cse_aiml,6.0,7,15:30,16:20,Test Lab,4,1,1,1,126
Tuesday,cse_aiml,6.0,8,16:20,17:10,Test Lab,4,1,0,1,126
Wednesday,,,1,08:30,09:20,Test Lab,0,0,1,0,126
Wednesday,cse_g2,6.0,2,09:20,10:10,Test Lab,2,0,1,1,126
Wednesday,cse_g2,6.0,3,10:30,11:20,Test Lab,2,1,0,1,126
Wednesday,,,4,11:20,12:10,Test Lab,0,1,1,0,126
Wednesday,cse_g1,2.0,5,13:40,14:30,Test Lab,2,0,1,1,126
Wednesday,cse_g1,2.0,6,14:30,15:20,Test Lab,2,1,1,1,126
Wednesday,cse_g1,8.0,7,15:30,16:20,Test Lab,2,1,1,1,126
Wednesday,cse_g1,8.0,8,16:20,17:10,Test Lab,2,1,0,1,126
Thursday,,,1,08:30,09:20,Test Lab,0,0,0,1,126
Thursday,,,2,09:20,10:10,Test Lab,0,0,1,1,126
Thursday,cse_g2,8.0,3,10:30,11:20,Test Lab,2,0,1,1,126
Thursday,cse_g2,8.0,4,11:20,12:10,Test Lab,2,1,1,1,126
Thursday,cse_g1,6.0,5,13:40,14:30,Test Lab,4,1,1,1,126
Thursday,cse_g1,6.0,6,14:30,15:20,Test Lab,4,1,1,1,126
Thursday,cse_g1,6.0,7,15:30,16:20,Test Lab,4,1,1,1,126
Thursday,cse_g1,6.0,8,16:20,17:10,Test Lab,4,1,0,1,126
Friday,cse_aiml,6.0,1,08:30,09:20,Test Lab,4,0,1,1,126
Friday,cse_aiml,6.0,2,09:20,10:10,Test Lab,4,1,1,1,126
Friday,cse_aiml,6.0,3,10:30,11:20,Test Lab,4,1,1,1,126
Friday,cse_aiml,6.0,4,11:20,12:10,Test Lab,4,1,1,1,126
Friday,cse_g1,6.0,5,13:40,14:30,Test Lab,2,1,1,1,126
Friday,cse_g1,6.0,6,14:30,15:20,Test Lab,2,1,1,1,126
Friday,cse_g2,4.0,7,15:30,16:20,Test Lab,2,1,1,1,126
Friday,cse_g2,4.0,8,16:20,17:10,Test Lab,2,1,0,1,126
Monday,,,1,08:30,09:20,Test Lab,0,0,0,0,127
Monday,,,2,09:20,10:10,Test Lab,0,0,1,0,127
Monday,cse_g1,6.0,3,10:30,11:20,Test Lab,2,0,1,1,127
Monday,cse_g1,6.0,4,11:20,12:10,Test Lab,2,1,1,1,127
Monday,cse_g2,2.0,5,13:40,14:30,Test Lab,2,1,1,1,127
Monday,cse_g2,2.0,6,14:30,15:20,Test Lab,2,1,0,1,127
Monday,,,7,15:30,16:20,Test Lab,0,1,0,0,127
Monday,,,8,16:20,17:10,Test Lab,0,0,0,0,127
Tuesday,cse_g1,4.0,1,08:30,09:20,Test Lab,4,0,1,1,127
Tuesday,cse_g1,4.0,2,09:20,10:10,Test Lab,4,1,1,1,127
Tuesday,cse_g1,4.0,3,10:30,11:20,Test Lab,4,1,1,0,127
Tuesday,cse_g1,4.0,4,11:20,12:10,Test Lab,4,1,1,1,127
Tuesday,cse_aiml,6.0,5,13:40,14:30,Test Lab,4,1,1,1,127
Tuesday,cse_aiml,6.0,6,14:30,15:20,Test Lab,4,1,1,1,127
Tuesday,cse_aiml,6.0,7,15:30,16:20,Test Lab,4,1,1,1,127
Tuesday,cse_aiml,6.0,8,16:20,17:10,Test Lab,4,1,0,1,127
Wednesday,,,1,08:30,09:20,Test Lab,0,0,1,0,127
Wednesday,cse_g2,6.0,2,09:20,10:10,Test Lab,2,0,1,1,127
Wednesday,cse_g2,6.0,3,10:30,11:20,Test Lab,2,1,0,1,127
Wednesday,,,4,11:20,12:10,Test Lab,0,1,1,0,127
Wednesday,cse_g1,2.0,5,13:40,14:30,Test Lab,2,0,1,1,127
Wednesday,cse_g1,2.0,6,14:30,15:20,Test Lab,2,1,1,1,127
Wednesday,cse_g1,8.0,7,15:30,16:20,Test Lab,2,1,1,1,127
Wednesday,cse_g1,8.0,8,16:20,17:10,Test Lab,2,1,0,1,127
Thursday,,,1,08:30,09:20,Test Lab,0,0,0,0,127
Thursday,,,2,09:20,10:10,Test Lab,0,0,1,0,127
Thursday,cse_g2,8.0,3,10:30,11:20,Test Lab,2,0,1,1,127
Thursday,cse_g2,8.0,4,11:20,12:10,Test Lab,2,1,1,1,127
Thursday,cse_g1,6.0,5,13:40,14:30,Test Lab,4,1,1,1,127
Thursday,cse_g1,6.0,6,14:30,15:20,Test Lab,4,1,1,1,127
Thursday,cse_g1,6.0,7,15:30,16:20,Test Lab,4,1,1,1,127
Thursday,cse_g1,6.0,8,16:20,17:10,Test Lab,4,1,0,1,127
Friday,cse_aiml,6.0,1,08:30,09:20,Test Lab,4,0,1,1,127
Friday,cse_aiml,6.0,2,09:20,10:10,Test Lab,4,1,1,1,127
Friday,cse_aiml,6.0,3,10:30,11:20,Test Lab,4,1,1,1,127
Friday,cse_aiml,6.0,4,11:20,12:10,Test Lab,4,1,1,1,127
Friday,cse_g1,6.0,5,13:40,14:30,Test Lab,2,1,1,1,127
Friday,cse_g1,6.0,6,14:30,15:20,Test Lab,2,1,1,1,127
Friday,cse_g2,4.0,7,15:30,16:20,Test Lab,2,1,1,1,127
Friday,cse_g2,4.0,8,16:20,17:10,Test Lab,2,1,0,1,127
Monday,,,1,08:30,09:20,Test Lab,0,0,0,0,128
Monday,,,2,09:20,10:10,Test Lab,0,0,1,0,128
Monday,cse_g1,6.0,3,10:30,11:20,Test Lab,2,0,1,1,128
Monday,cse_g1,6.0,4,11:20,12:10,Test Lab,2,1,1,1,128
Monday,cse_g2,2.0,5,13:40,14:30,Test Lab,2,1,1,1,128
Monday,cse_g2,2.0,6,14:30,15:20,Test Lab,2,1,0,1,128
Monday,,,7,15:30,16:20,Test Lab,0,1,0,0,128
Monday,,,8,16:20,17:10,Test Lab,0,0,0,0,128
Tuesday,cse_g1,4.0,1,08:30,09:20,Test Lab,4,0,1,1,128
Tuesday,cse_g1,4.0,2,09:20,10:10,Test Lab,4,1,1,1,128
Tuesday,cse_g1,4.0,3,10:30,11:20,Test Lab,4,1,1,1,128
Tuesday,cse_g1,4.0,4,11:20,12:10,Test Lab,4,1,1,1,128
Tuesday,cse_aiml,6.0,5,13:40,14:30,Test Lab,4,1,1,1,128
Tuesday,cse_aiml,6.0,6,14:30,15:20,Test Lab,4,1,1,1,128
Tuesday,cse_aiml,6.0,7,15:30,16:20,Test Lab,4,1,1,1,128
Tuesday,cse_aiml,6.0,8,16:20,17:10,Test Lab,4,1,0,1,128
Wednesday,,,1,08:30,09:20,Test Lab,0,0,1,0,128
Wednesday,cse_g2,6.0,2,09:20,10:10,Test Lab,2,0,1,1,128
Wednesday,cse_g2,6.0,3,10:30,11:20,Test Lab,2,1,0,1,128
Wednesday,,,4,11:20,12:10,Test Lab,0,1,1,0,128
Wednesday,cse_g1,2.0,5,13:40,14:30,Test Lab,2,0,1,1,128
Wednesday,cse_g1,2.0,6,14:30,15:20,Test Lab,2,1,1,1,128
Wednesday,cse_g1,8.0,7,15:30,16:20,Test Lab,2,1,1,1,128
Wednesday,cse_g1,8.0,8,16:20,17:10,Test Lab,2,1,0,1,128
Thursday,,,1,08:30,09:20,Test Lab,0,0,0,0,128
Thursday,,,2,09:20,10:10,Test Lab,0,0,1,0,128
Thursday,cse_g2,8.0,3,10:30,11:20,Test Lab,2,0,1,1,128
Thursday,cse_g2,8.0,4,11:20,12:10,Test Lab,2,1,1,1,128
Thursday,cse_g1,6.0,5,13:40,14:30,Test Lab,4,1,1,0,128
Thursday,cse_g1,6.0,6,14:30,15:20,Test Lab,4,1,1,1,128
Thursday,cse_g1,6.0,7,15:30,16:20,Test Lab,4,1,1,1,128
Thursday,cse_g1,6.0,8,16:20,17:10,Test Lab,4,1,0,1,128
Friday,cse_aiml,6.0,1,08:30,09:20,Test Lab,4,0,1,1,128
Friday,cse_aiml,6.0,2,09:20,10:10,Test Lab,4,1,1,1,128
Friday,cse_aiml,6.0,3,10:30,11:20,Test Lab,4,1,1,1,128
Friday,cse_aiml,6.0,4,11:20,12:10,Test Lab,4,1,1,0,128
Friday,cse_g1,6.0,5,13:40,14:30,Test Lab,2,1,1,1,128
Friday,cse_g1,6.0,6,14:30,15:20,Test Lab,2,1,1,1,128
Friday,cse_g2,4.0,7,15:30,16:20,Test Lab,2,1,1,1,128
Friday,cse_g2,4.0,8,16:20,17:10,Test Lab,2,1,0,1,128
Monday,,,1,08:30,09:20,Test Lab,0,0,0,0,129
Monday,,,2,09:20,10:10,Test Lab,0,0,1,0,129
Monday,cse_g1,6.0,3,10:30,11:20,Test Lab,2,0,1,1,129
Monday,cse_g1,6.0,4,11:20,12:10,Test Lab,2,1,1,1,129
Monday,cse_g2,2.0,5,13:40,14:30,Test Lab,2,1,1,0,129
Monday,cse_g2,2.0,6,14:30,15:20,Test Lab,2,1,0,1,129
Monday,,,7,15:30,16:20,Test Lab,0,1,0,0,129
Monday,,,8,16:20,17:10,Test Lab,0,0,0,0,129
Tuesday,cse_g1,4.0,1,08:30,09:20,Test Lab,4,0,1,1,129
Tuesday,cse_g1,4.0,2,09:20,10:10,Test Lab,4,1,1,1,129
Tuesday,cse_g1,4.0,3,10:30,11:20,Test Lab,4,1,1,1,129
Tuesday,cse_g1,4.0,4,11:20,12:10,Test Lab,4,1,1,1,129
Tuesday,cse_aiml,6.0,5,13:40,14:30,Test Lab,4,1,1,1,129
Tuesday,cse_aiml,6.0,6,14:30,15:20,Test Lab,4,1,1,1,129
Tuesday,cse_aiml,6.0,7,15:30,16:20,Test Lab,4,1,1,1,129
Tuesday,cse_aiml,6.0,8,16:20,17:10,Test Lab,4,1,0,1,129
Wednesday,,,1,08:30,09:20,Test Lab,0,0,1,0,129
Wednesday,cse_g2,6.0,2,09:20,10:10,Test Lab,2,0,1,1,129
Wednesday,cse_g2,6.0,3,10:30,11:20,Test Lab,2,1,0,1,129
Wednesday,,,4,11:20,12:10,Test Lab,0,1,1,0,129
Wednesday,cse_g1,2.0,5,13:40,14:30,Test Lab,2,0,1,1,129
Wednesday,cse_g1,2.0,6,14:30,15:20,Test Lab,2,1,1,1,129
Wednesday,cse_g1,8.0,7,15:30,16:20,Test Lab,2,1,1,1,129
Wednesday,cse_g1,8.0,8,16:20,17:10,Test Lab,2,1,0,1,129
Thursday,,,1,08:30,09:20,Test Lab,0,0,0,0,129
Thursday,,,2,09:20,10:10,Test Lab,0,0,1,0,129
Thursday,cse_g2,8.0,3,10:30,11:20,Test Lab,2,0,1,1,129
Thursday,cse_g2,8.0,4,11:20,12:10,Test Lab,2,1,1,1,129
Thursday,cse_g1,6.0,5,13:40,14:30,Test Lab,4,1,1,1,129
Thursday,cse_g1,6.0,6,14:30,15:20,Test Lab,4,1,1,1,129
Thursday,cse_g1,6.0,7,15:30,16:20,Test Lab,4,1,1,1,129
Thursday,cse_g1,6.0,8,16:20,17:10,Test Lab,4,1,0,1,129
Friday,cse_aiml,6.0,1,08:30,09:20,Test Lab,4,0,1,1,129
Friday,cse_aiml,6.0,2,09:20,10:10,Test Lab,4,1,1,1,129
Friday,cse_aiml,6.0,3,10:30,11:20,Test Lab,4,1,1,1,129
Friday,cse_aiml,6.0,4,11:20,12:10,Test Lab,4,1,1,1,129
Friday,cse_g1,6.0,5,13:40,14:30,Test Lab,2,1,1,1,129
Friday,cse_g1,6.0,6,14:30,15:20,Test Lab,2,1,1,1,129
Friday,cse_g2,4.0,7,15:30,16:20,Test Lab,2,1,1,1,129
Friday,cse_g2,4.0,8,16:20,17:10,Test Lab,2,1,0,1,129
Monday,,,1,08:30,09:20,Test Lab,0,0,0,0,130
Monday,,,2,09:20,10:10,Test Lab,0,0,1,0,130
Monday,cse_g1,6.0,3,10:30,11:20,Test Lab,2,0,1,1,130
Monday,cse_g1,6.0,4,11:20,12:10,Test Lab,2,1,1,1,130
Monday,cse_g2,2.0,5,13:40,14:30,Test Lab,2,1,1,1,130
Monday,cse_g2,2.0,6,14:30,15:20,Test Lab,2,1,0,1,130
Monday,,,7,15:30,16:20,Test Lab,0,1,0,0,130
Monday,,,8,16:20,17:10,Test Lab,0,0,0,0,130
Tuesday,cse_g1,4.0,1,08:30,09:20,Test Lab,4,0,1,1,130
Tuesday,cse_g1,4.0,2,09:20,10:10,Test Lab,4,1,1,1,130
Tuesday,cse_g1,4.0,3,10:30,11:20,Test Lab,4,1,1,1,130
Tuesday,cse_g1,4.0,4,11:20,12:10,Test Lab,4,1,1,1,130
Tuesday,cse_aiml,6.0,5,13:40,14:30,Test Lab,4,1,1,1,130
Tuesday,cse_aiml,6.0,6,14:30,15:20,Test Lab,4,1,1,1,130
Tuesday,cse_aiml,6.0,7,15:30,16:20,Test Lab,4,1,1,1,130
Tuesday,cse_aiml,6.0,8,16:20,17:10,Test Lab,4,1,0,1,130
Wednesday,,,1,08:30,09:20,Test Lab,0,0,1,0,130
Wednesday,cse_g2,6.0,2,09:20,10:10,Test Lab,2,0,1,1,130
Wednesday,cse_g2,6.0,3,10:30,11:20,Test Lab,2,1,0,0,130
Wednesday,,,4,11:20,12:10,Test Lab,0,1,1,0,130
Wednesday,cse_g1,2.0,5,13:40,14:30,Test Lab,2,0,1,1,130
Wednesday,cse_g1,2.0,6,14:30,15:20,Test Lab,2,1,1,1,130
Wednesday,cse_g1,8.0,7,15:30,16:20,Test Lab,2,1,1,1,130
Wednesday,cse_g1,8.0,8,16:20,17:10,Test Lab,2,1,0,1,130
Thursday,,,1,08:30,09:20,Test Lab,0,0,0,0,130
Thursday,,,2,09:20,10:10,Test Lab,0,0,1,0,130
Thursday,cse_g2,8.0,3,10:30,11:20,Test Lab,2,0,1,1,130
Thursday,cse_g2,8.0,4,11:20,12:10,Test Lab,2,1,1,1,130
Thursday,cse_g1,6.0,5,13:40,14:30,Test Lab,4,1,1,0,130
Thursday,cse_g1,6.0,6,14:30,15:20,Test Lab,4,1,1,1,130
Thursday,cse_g1,6.0,7,15:30,16:20,Test Lab,4,1,1,1,130
Thursday,cse_g1,6.0,8,16:20,17:10,Test Lab,4,1,0,1,130
Friday,cse_aiml,6.0,1,08:30,09:20,Test Lab,4,0,1,0,130
Friday,cse_aiml,6.0,2,09:20,10:10,Test Lab,4,1,1,1,130
Friday,cse_aiml,6.0,3,10:30,11:20,Test Lab,4,1,1,1,130
Friday,cse_aiml,6.0,4,11:20,12:10,Test Lab,4,1,1,1,130
Friday,cse_g1,6.0,5,13:40,14:30,Test Lab,2,1,1,1,130
Friday,cse_g1,6.0,6,14:30,15:20,Test Lab,2,1,1,1,130
Friday,cse_g2,4.0,7,15:30,16:20,Test Lab,2,1,1,1,130
Friday,cse_g2,4.0,8,16:20,17:10,Test Lab,2,1,0,1,130
Monday,,,1,08:30,09:20,Test Lab,0,0,0,0,131
Monday,,,2,09:20,10:10,Test Lab,0,0,1,0,131
Monday,cse_g1,6.0,3,10:30,11:20,Test Lab,2,0,1,1,131
Monday,cse_g1,6.0,4,11:20,12:10,Test Lab,2,1,1,0,131
Monday,cse_g2,2.0,5,13:40,14:30,Test Lab,2,1,1,1,131
Monday,cse_g2,2.0,6,14:30,15:20,Test Lab,2,1,0,1,131
Monday,,,7,15:30,16:20,Test Lab,0,1,0,0,131
Monday,,,8,16:20,17:10,Test Lab,0,0,0,0,131
Tuesday,cse_g1,4.0,1,08:30,09:20,Test Lab,4,0,1,1,131
Tuesday,cse_g1,4.0,2,09:20,10:10,Test Lab,4,1,1,1,131
Tuesday,cse_g1,4.0,3,10:30,11:20,Test Lab,4,1,1,1,131
Tuesday,cse_g1,4.0,4,11:20,12:10,Test Lab,4,1,1,1,131
Tuesday,cse_aiml,6.0,5,13:40,14:30,Test Lab,4,1,1,1,131
Tuesday,cse_aiml,6.0,6,14:30,15:20,Test Lab,4,1,1,1,131
Tuesday,cse_aiml,6.0,7,15:30,16:20,Test Lab,4,1,1,1,131
Tuesday,cse_aiml,6.0,8,16:20,17:10,Test Lab,4,1,0,1,131
Wednesday,,,1,08:30,09:20,Test Lab,0,0,1,0,131
Wednesday,cse_g2,6.0,2,09:20,10:10,Test Lab,2,0,1,1,131
Wednesday,cse_g2,6.0,3,10:30,11:20,Test Lab,2,1,0,1,131
Wednesday,,,4,11:20,12:10,Test Lab,0,1,1,1,131
Wednesday,cse_g1,2.0,5,13:40,14:30,Test Lab,2,0,1,1,131
Wednesday,cse_g1,2.0,6,14:30,15:20,Test Lab,2,1,1,1,131
Wednesday,cse_g1,8.0,7,15:30,16:20,Test Lab,2,1,1,1,131
Wednesday,cse_g1,8.0,8,16:20,17:10,Test Lab,2,1,0,1,131
Thursday,,,1,08:30,09:20,Test Lab,0,0,0,0,131
Thursday,,,2,09:20,10:10,Test Lab,0,0,1,0,131
Thursday,cse_g2,8.0,3,10:30,11:20,Test Lab,2,0,1,1,131
Thursday,cse_g2,8.0,4,11:20,12:10,Test Lab,2,1,1,1,131
Thursday,cse_g1,6.0,5,13:40,14:30,Test Lab,4,1,1,1,131
Thursday,cse_g1,6.0,6,14:30,15:20,Test Lab,4,1,1,1,131
Thursday,cse_g1,6.0,7,15:30,16:20,Test Lab,4,1,1,1,131
Thursday,cse_g1,6.0,8,16:20,17:10,Test Lab,4,1,0,1,131
Friday,cse_aiml,6.0,1,08:30,09:20,Test Lab,4,0,1,1,131
Friday,cse_aiml,6.0,2,09:20,10:10,Test Lab,4,1,1,1,131
Friday,cse_aiml,6.0,3,10:30,11:20,Test Lab,4,1,1,1,131
Friday,cse_aiml,6.0,4,11:20,12:10,Test Lab,4,1,1,1,131
Friday,cse_g1,6.0,5,13:40,14:30,Test Lab,2,1,1,1,131
Friday,cse_g1,6.0,6,14:30,15:20,Test Lab,2,1,1,1,131
Friday,cse_g2,4.0,7,15:30,16:20,Test Lab,2,1,1,1,131
Friday,cse_g2,4.0,8,16:20,17:10,Test Lab,2,1,0,1,131
Monday,,,1,08:30,09:20,Test Lab,0,0,0,0,132
Monday,,,2,09:20,10:10,Test Lab,0,0,1,0,132
Monday,cse_g1,6.0,3,10:30,11:20,Test Lab,2,0,1,1,132
Monday,cse_g1,6.0,4,11:20,12:10,Test Lab,2,1,1,1,132
Monday,cse_g2,2.0,5,13:40,14:30,Test Lab,2,1,1,1,132
Monday,cse_g2,2.0,6,14:30,15:20,Test Lab,2,1,0,1,132
Monday,,,7,15:30,16:20,Test Lab,0,1,0,0,132
Monday,,,8,16:20,17:10,Test Lab,0,0,0,0,132
Tuesday,cse_g1,4.0,1,08:30,09:20,Test Lab,4,0,1,1,132
Tuesday,cse_g1,4.0,2,09:20,10:10,Test Lab,4,1,1,1,132
Tuesday,cse_g1,4.0,3,10:30,11:20,Test Lab,4,1,1,1,132
Tuesday,cse_g1,4.0,4,11:20,12:10,Test Lab,4,1,1,1,132
Tuesday,cse_aiml,6.0,5,13:40,14:30,Test Lab,4,1,1,1,132
Tuesday,cse_aiml,6.0,6,14:30,15:20,Test Lab,4,1,1,1,132
Tuesday,cse_aiml,6.0,7,15:30,16:20,Test Lab,4,1,1,1,132
Tuesday,cse_aiml,6.0,8,16:20,17:10,Test Lab,4,1,0,1,132
Wednesday,,,1,08:30,09:20,Test Lab,0,0,1,0,132
Wednesday,cse_g2,6.0,2,09:20,10:10,Test Lab,2,0,1,1,132
Wednesday,cse_g2,6.0,3,10:30,11:20,Test Lab,2,1,0,1,132
Wednesday,,,4,11:20,12:10,Test Lab,0,1,1,0,132
Wednesday,cse_g1,2.0,5,13:40,14:30,Test Lab,2,0,1,1,132
Wednesday,cse_g1,2.0,6,14:30,15:20,Test Lab,2,1,1,1,132
Wednesday,cse_g1,8.0,7,15:30,16:20,Test Lab,2,1,1,1,132
Wednesday,cse_g1,8.0,8,16:20,17:10,Test Lab,2,1,0,1,132
Thursday,,,1,08:30,09:20,Test Lab,0,0,0,0,132
Thursday,,,2,09:20,10:10,Test Lab,0,0,1,0,132
Thursday,cse_g2,8.0,3,10:30,11:20,Test Lab,2,0,1,1,132
Thursday,cse_g2,8.0,4,11:20,12:10,Test Lab,2,1,1,1,132
Thursday,cse_g1,6.0,5,13:40,14:30,Test Lab,4,1,1,1,132
Thursday,cse_g1,6.0,6,14:30,15:20,Test Lab,4,1,1,1,132
Thursday,cse_g1,6.0,7,15:30,16:20,Test Lab,4,1,1,1,132
Thursday,cse_g1,6.0,8,16:20,17:10,Test Lab,4,1,0,1,132
Friday,cse_aiml,6.0,1,08:30,09:20,Test Lab,4,0,1,1,132
Friday,cse_aiml,6.0,2,09:20,10:10,Test Lab,4,1,1,1,132
Friday,cse_aiml,6.0,3,10:30,11:20,Test Lab,4,1,1,1,132
Friday,cse_aiml,6.0,4,11:20,12:10,Test Lab,4,1,1,1,132
Friday,cse_g1,6.0,5,13:40,14:30,Test Lab,2,1,1,1,132
Friday,cse_g1,6.0,6,14:30,15:20,Test Lab,2,1,1,0,132
Friday,cse_g2,4.0,7,15:30,16:20,Test Lab,2,1,1,1,132
Friday,cse_g2,4.0,8,16:20,17:10,Test Lab,2,1,0,1,132
Monday,,,1,08:30,09:20,Test Lab,0,0,0,0,133
Monday,,,2,09:20,10:10,Test Lab,0,0,1,0,133
Monday,cse_g1,6.0,3,10:30,11:20,Test Lab,2,0,1,1,133
Monday,cse_g1,6.0,4,11:20,12:10,Test Lab,2,1,1,1,133
Monday,cse_g2,2.0,5,13:40,14:30,Test Lab,2,1,1,1,133
Monday,cse_g2,2.0,6,14:30,15:20,Test Lab,2,1,0,1,133
Monday,,,7,15:30,16:20,Test Lab,0,1,0,0,133
Monday,,,8,16:20,17:10,Test Lab,0,0,0,0,133
Tuesday,cse_g1,4.0,1,08:30,09:20,Test Lab,4,0,1,0,133
Tuesday,cse_g1,4.0,2,09:20,10:10,Test Lab,4,1,1,1,133
Tuesday,cse_g1,4.0,3,10:30,11:20,Test Lab,4,1,1,1,133
Tuesday,cse_g1,4.0,4,11:20,12:10,Test Lab,4,1,1,1,133
Tuesday,cse_aiml,6.0,5,13:40,14:30,Test Lab,4,1,1,1,133
Tuesday,cse_aiml,6.0,6,14:30,15:20,Test Lab,4,1,1,1,133
Tuesday,cse_aiml,6.0,7,15:30,16:20,Test Lab,4,1,1,1,133
Tuesday,cse_aiml,6.0,8,16:20,17:10,Test Lab,4,1,0,1,133
Wednesday,,,1,08:30,09:20,Test Lab,0,0,1,0,133
Wednesday,cse_g2,6.0,2,09:20,10:10,Test Lab,2,0,1,1,133
Wednesday,cse_g2,6.0,3,10:30,11:20,Test Lab,2,1,0,1,133
Wednesday,,,4,11:20,12:10,Test Lab,0,1,1,0,133
Wednesday,cse_g1,2.0,5,13:40,14:30,Test Lab,2,0,1,1,133
Wednesday,cse_g1,2.0,6,14:30,15:20,Test Lab,2,1,1,0,133
Wednesday,cse_g1,8.0,7,15:30,16:20,Test Lab,2,1,1,1,133
Wednesday,cse_g1,8.0,8,16:20,17:10,Test Lab,2,1,0,1,133
Thursday,,,1,08:30,09:20,Test Lab,0,0,0,1,133
Thursday,,,2,09:20,10:10,Test Lab,0,0,1,0,133
Thursday,cse_g2,8.0,3,10:30,11:20,Test Lab,2,0,1,1,133
Thursday,cse_g2,8.0,4,11:20,12:10,Test Lab,2,1,1,1,133
Thursday,cse_g1,6.0,5,13:40,14:30,Test Lab,4,1,1,1,133
Thursday,cse_g1,6.0,6,14:30,15:20,Test Lab,4,1,1,1,133
Thursday,cse_g1,6.0,7,15:30,16:20,Test Lab,4,1,1,1,133
Thursday,cse_g1,6.0,8,16:20,17:10,Test Lab,4,1,0,1,133
Friday,cse_aiml,6.0,1,08:30,09:20,Test Lab,4,0,1,1,133
Friday,cse_aiml,6.0,2,09:20,10:10,Test Lab,4,1,1,1,133
Friday,cse_aiml,6.0,3,10:30,11:20,Test Lab,4,1,1,1,133
Friday,cse_aiml,6.0,4,11:20,12:10,Test Lab,4,1,1,1,133
Friday,cse_g1,6.0,5,13:40,14:30,Test Lab,2,1,1,1,133
Friday,cse_g1,6.0,6,14:30,15:20,Test Lab,2,1,1,1,133
Friday,cse_g2,4.0,7,15:30,16:20,Test Lab,2,1,1,1,133
Friday,cse_g2,4.0,8,16:20,17:10,Test Lab,2,1,0,1,133
Monday,,,1,08:30,09:20,Test Lab,0,0,0,0,134
Monday,,,2,09:20,10:10,Test Lab,0,0,1,0,134
Monday,cse_g1,6.0,3,10:30,11:20,Test Lab,2,0,1,0,134
Monday,cse_g1,6.0,4,11:20,12:10,Test Lab,2,1,1,1,134
Monday,cse_g2,2.0,5,13:40,14:30,Test Lab,2,1,1,1,134
Monday,cse_g2,2.0,6,14:30,15:20,Test Lab,2,1,0,1,134
Monday,,,7,15:30,16:20,Test Lab,0,1,0,0,134
Monday,,,8,16:20,17:10,Test Lab,0,0,0,0,134
Tuesday,cse_g1,4.0,1,08:30,09:20,Test Lab,4,0,1,1,134
Tuesday,cse_g1,4.0,2,09:20,10:10,Test Lab,4,1,1,1,134
Tuesday,cse_g1,4.0,3,10:30,11:20,Test Lab,4,1,1,1,134
Tuesday,cse_g1,4.0,4,11:20,12:10,Test Lab,4,1,1,1,134
Tuesday,cse_aiml,6.0,5,13:40,14:30,Test Lab,4,1,1,1,134
Tuesday,cse_aiml,6.0,6,14:30,15:20,Test Lab,4,1,1,1,134
Tuesday,cse_aiml,6.0,7,15:30,16:20,Test Lab,4,1,1,1,134
Tuesday,cse_aiml,6.0,8,16:20,17:10,Test Lab,4,1,0,1,134
Wednesday,,,1,08:30,09:20,Test Lab,0,0,1,0,134
Wednesday,cse_g2,6.0,2,09:20,10:10,Test Lab,2,0,1,1,134
Wednesday,cse_g2,6.0,3,10:30,11:20,Test Lab,2,1,0,0,134
Wednesday,,,4,11:20,12:10,Test Lab,0,1,1,0,134
Wednesday,cse_g1,2.0,5,13:40,14:30,Test Lab,2,0,1,1,134
Wednesday,cse_g1,2.0,6,14:30,15:20,Test Lab,2,1,1,1,134
Wednesday,cse_g1,8.0,7,15:30,16:20,Test Lab,2,1,1,1,134
Wednesday,cse_g1,8.0,8,16:20,17:10,Test Lab,2,1,0,1,134
Thursday,,,1,08:30,09:20,Test Lab,0,0,0,0,134
Thursday,,,2,09:20,10:10,Test Lab,0,0,1,0,134
Thursday,cse_g2,8.0,3,10:30,11:20,Test Lab,2,0,1,1,134
Thursday,cse_g2,8.0,4,11:20,12:10,Test Lab,2,1,1,1,134
Thursday,cse_g1,6.0,5,13:40,14:30,Test Lab,4,1,1,0,134
Thursday,cse_g1,6.0,6,14:30,15:20,Test Lab,4,1,1,1,134
Thursday,cse_g1,6.0,7,15:30,16:20,Test Lab,4,1,1,0,134
Thursday,cse_g1,6.0,8,16:20,17:10,Test Lab,4,1,0,1,134
Friday,cse_aiml,6.0,1,08:30,09:20,Test Lab,4,0,1,1,134
Friday,cse_aiml,6.0,2,09:20,10:10,Test Lab,4,1,1,1,134
Friday,cse_aiml,6.0,3,10:30,11:20,Test Lab,4,1,1,1,134
Friday,cse_aiml,6.0,4,11:20,12:10,Test Lab,4,1,1,1,134
Friday,cse_g1,6.0,5,13:40,14:30,Test Lab,2,1,1,0,134
Friday,cse_g1,6.0,6,14:30,15:20,Test Lab,2,1,1,1,134
Friday,cse_g2,4.0,7,15:30,16:20,Test Lab,2,1,1,0,134
Friday,cse_g2,4.0,8,16:20,17:10,Test Lab,2,1,0,1,134
Monday,,,1,08:30,09:20,Test Lab,0,0,0,0,135
Monday,,,2,09:20,10:10,Test Lab,0,0,1,1,135
Monday,cse_g1,6.0,3,10:30,11:20,Test Lab,2,0,1,1,135
Monday,cse_g1,6.0,4,11:20,12:10,Test Lab,2,1,1,1,135
Monday,cse_g2,2.0,5,13:40,14:30,Test Lab,2,1,1,1,135
Monday,cse_g2,2.0,6,14:30,15:20,Test Lab,2,1,0,1,135
Monday,,,7,15:30,16:20,Test Lab,0,1,0,0,135
Monday,,,8,16:20,17:10,Test Lab,0,0,0,0,135
Tuesday,cse_g1,4.0,1,08:30,09:20,Test Lab,4,0,1,1,135
Tuesday,cse_g1,4.0,2,09:20,10:10,Test Lab,4,1,1,1,135
Tuesday,cse_g1,4.0,3,10:30,11:20,Test Lab,4,1,1,0,135
Tuesday,cse_g1,4.0,4,11:20,12:10,Test Lab,4,1,1,1,135
Tuesday,cse_aiml,6.0,5,13:40,14:30,Test Lab,4,1,1,1,135
Tuesday,cse_aiml,6.0,6,14:30,15:20,Test Lab,4,1,1,1,135
Tuesday,cse_aiml,6.0,7,15:30,16:20,Test Lab,4,1,1,1,135
Tuesday,cse_aiml,6.0,8,16:20,17:10,Test Lab,4,1,0,1,135
Wednesday,,,1,08:30,09:20,Test Lab,0,0,1,0,135
Wednesday,cse_g2,6.0,2,09:20,10:10,Test Lab,2,0,1,1,135
Wednesday,cse_g2,6.0,3,10:30,11:20,Test Lab,2,1,0,1,135
Wednesday,,,4,11:20,12:10,Test Lab,0,1,1,0,135
Wednesday,cse_g1,2.0,5,13:40,14:30,Test Lab,2,0,1,1,135
Wednesday,cse_g1,2.0,6,14:30,15:20,Test Lab,2,1,1,0,135
Wednesday,cse_g1,8.0,7,15:30,16:20,Test Lab,2,1,1,1,135
Wednesday,cse_g1,8.0,8,16:20,17:10,Test Lab,2,1,0,1,135
Thursday,,,1,08:30,09:20,Test Lab,0,0,0,0,135
Thursday,,,2,09:20,10:10,Test Lab,0,0,1,0,135
Thursday,cse_g2,8.0,3,10:30,11:20,Test Lab,2,0,1,0,135
Thursday,cse_g2,8.0,4,11:20,12:10,Test Lab,2,1,1,1,135
Thursday,cse_g1,6.0,5,13:40,14:30,Test Lab,4,1,1,1,135
Thursday,cse_g1,6.0,6,14:30,15:20,Test Lab,4,1,1,1,135
Thursday,cse_g1,6.0,7,15:30,16:20,Test Lab,4,1,1,1,135
Thursday,cse_g1,6.0,8,16:20,17:10,Test Lab,4,1,0,1,135
Friday,cse_aiml,6.0,1,08:30,09:20,Test Lab,4,0,1,1,135
Friday,cse_aiml,6.0,2,09:20,10:10,Test Lab,4,1,1,1,135
Friday,cse_aiml,6.0,3,10:30,11:20,Test Lab,4,1,1,1,135
Friday,cse_aiml,6.0,4,11:20,12:10,Test Lab,4,1,1,1,135
Friday,cse_g1,6.0,5,13:40,14:30,Test Lab,2,1,1,1,135
Friday,cse_g1,6.0,6,14:30,15:20,Test Lab,2,1,1,1,135
Friday,cse_g2,4.0,7,15:30,16:20,Test Lab,2,1,1,1,135
Friday,cse_g2,4.0,8,16:20,17:10,Test Lab,2,1,0,1,135
Monday,,,1,08:30,09:20,Test Lab,0,0,0,0,136
Monday,,,2,09:20,10:10,Test Lab,0,0,1,0,136
Monday,cse_g1,6.0,3,10:30,11:20,Test Lab,2,0,1,0,136
Monday,cse_g1,6.0,4,11:20,12:10,Test Lab,2,1,1,1,136
Monday,cse_g2,2.0,5,13:40,14:30,Test Lab,2,1,1,1,136
Monday,cse_g2,2.0,6,14:30,15:20,Test Lab,2,1,0,1,136
Monday,,,7,15:30,16:20,Test Lab,0,1,0,0,136
Monday,,,8,16:20,17:10,Test Lab,0,0,0,0,136
Tuesday,cse_g1,4.0,1,08:30,09:20,Test Lab,4,0,1,1,136
Tuesday,cse_g1,4.0,2,09:20,10:10,Test Lab,4,1,1,1,136
Tuesday,cse_g1,4.0,3,10:30,11:20,Test Lab,4,1,1,1,136
Tuesday,cse_g1,4.0,4,11:20,12:10,Test Lab,4,1,1,1,136
Tuesday,cse_aiml,6.0,5,13:40,14:30,Test Lab,4,1,1,1,136
Tuesday,cse_aiml,6.0,6,14:30,15:20,Test Lab,4,1,1,1,136
Tuesday,cse_aiml,6.0,7,15:30,16:20,Test Lab,4,1,1,1,136
Tuesday,cse_aiml,6.0,8,16:20,17:10,Test Lab,4,1,0,1,136
Wednesday,,,1,08:30,09:20,Test Lab,0,0,1,0,136
Wednesday,cse_g2,6.0,2,09:20,10:10,Test Lab,2,0,1,0,136
Wednesday,cse_g2,6.0,3,10:30,11:20,Test Lab,2,1,0,1,136
Wednesday,,,4,11:20,12:10,Test Lab,0,1,1,0,136
Wednesday,cse_g1,2.0,5,13:40,14:30,Test Lab,2,0,1,1,136
Wednesday,cse_g1,2.0,6,14:30,15:20,Test Lab,2,1,1,1,136
Wednesday,cse_g1,8.0,7,15:30,16:20,Test Lab,2,1,1,1,136
Wednesday,cse_g1,8.0,8,16:20,17:10,Test Lab,2,1,0,1,136
Thursday,,,1,08:30,09:20,Test Lab,0,0,0,1,136
Thursday,,,2,09:20,10:10,Test Lab,0,0,1,0,136
Thursday,cse_g2,8.0,3,10:30,11:20,Test Lab,2,0,1,1,136
Thursday,cse_g2,8.0,4,11:20,12:10,Test Lab,2,1,1,1,136
Thursday,cse_g1,6.0,5,13:40,14:30,Test Lab,4,1,1,1,136
Thursday,cse_g1,6.0,6,14:30,15:20,Test Lab,4,1,1,1,136
Thursday,cse_g1,6.0,7,15:30,16:20,Test Lab,4,1,1,1,136
Thursday,cse_g1,6.0,8,16:20,17:10,Test Lab,4,1,0,1,136
Friday,cse_aiml,6.0,1,08:30,09:20,Test Lab,4,0,1,1,136
Friday,cse_aiml,6.0,2,09:20,10:10,Test Lab,4,1,1,1,136
Friday,cse_aiml,6.0,3,10:30,11:20,Test Lab,4,1,1,1,136
Friday,cse_aiml,6.0,4,11:20,12:10,Test Lab,4,1,1,1,136
Friday,cse_g1,6.0,5,13:40,14:30,Test Lab,2,1,1,1,136
Friday,cse_g1,6.0,6,14:30,15:20,Test Lab,2,1,1,1,136
Friday,cse_g2,4.0,7,15:30,16:20,Test Lab,2,1,1,1,136
Friday,cse_g2,4.0,8,16:20,17:10,Test Lab,2,1,0,1,136
Monday,,,1,08:30,09:20,Test Lab,0,0,0,0,137
Monday,,,2,09:20,10:10,Test Lab,0,0,1,0,137
Monday,cse_g1,6.0,3,10:30,11:20,Test Lab,2,0,1,1,137
Monday,cse_g1,6.0,4,11:20,12:10,Test Lab,2,1,1,1,137
Monday,cse_g2,2.0,5,13:40,14:30,Test Lab,2,1,1,1,137
Monday,cse_g2,2.0,6,14:30,15:20,Test Lab,2,1,0,1,137
Monday,,,7,15:30,16:20,Test Lab,0,1,0,0,137
Monday,,,8,16:20,17:10,Test Lab,0,0,0,0,137
Tuesday,cse_g1,4.0,1,08:30,09:20,Test Lab,4,0,1,1,137
Tuesday,cse_g1,4.0,2,09:20,10:10,Test Lab,4,1,1,1,137
Tuesday,cse_g1,4.0,3,10:30,11:20,Test Lab,4,1,1,1,137
Tuesday,cse_g1,4.0,4,11:20,12:10,Test Lab,4,1,1,1,137
Tuesday,cse_aiml,6.0,5,13:40,14:30,Test Lab,4,1,1,1,137
Tuesday,cse_aiml,6.0,6,14:30,15:20,Test Lab,4,1,1,1,137
Tuesday,cse_aiml,6.0,7,15:30,16:20,Test Lab,4,1,1,1,137
Tuesday,cse_aiml,6.0,8,16:20,17:10,Test Lab,4,1,0,1,137
Wednesday,,,1,08:30,09:20,Test Lab,0,0,1,0,137
Wednesday,cse_g2,6.0,2,09:20,10:10,Test Lab,2,0,1,1,137
Wednesday,cse_g2,6.0,3,10:30,11:20,Test Lab,2,1,0,1,137
Wednesday,,,4,11:20,12:10,Test Lab,0,1,1,0,137
Wednesday,cse_g1,2.0,5,13:40,14:30,Test Lab,2,0,1,1,137
Wednesday,cse_g1,2.0,6,14:30,15:20,Test Lab,2,1,1,1,137
Wednesday,cse_g1,8.0,7,15:30,16:20,Test Lab,2,1,1,1,137
Wednesday,cse_g1,8.0,8,16:20,17:10,Test Lab,2,1,0,1,137
Thursday,,,1,08:30,09:20,Test Lab,0,0,0,0,137
Thursday,,,2,09:20,10:10,Test Lab,0,0,1,0,137
Thursday,cse_g2,8.0,3,10:30,11:20,Test Lab,2,0,1,1,137
Thursday,cse_g2,8.0,4,11:20,12:10,Test Lab,2,1,1,1,137
Thursday,cse_g1,6.0,5,13:40,14:30,Test Lab,4,1,1,1,137
Thursday,cse_g1,6.0,6,14:30,15:20,Test Lab,4,1,1,1,137
Thursday,cse_g1,6.0,7,15:30,16:20,Test Lab,4,1,1,1,137
Thursday,cse_g1,6.0,8,16:20,17:10,Test Lab,4,1,0,1,137
Friday,cse_aiml,6.0,1,08:30,09:20,Test Lab,4,0,1,1,137
Friday,cse_aiml,6.0,2,09:20,10:10,Test Lab,4,1,1,1,137
Friday,cse_aiml,6.0,3,10:30,11:20,Test Lab,4,1,1,1,137
Friday,cse_aiml,6.0,4,11:20,12:10,Test Lab,4,1,1,1,137
Friday,cse_g1,6.0,5,13:40,14:30,Test Lab,2,1,1,1,137
Friday,cse_g1,6.0,6,14:30,15:20,Test Lab,2,1,1,1,137
Friday,cse_g2,4.0,7,15:30,16:20,Test Lab,2,1,1,1,137
Friday,cse_g2,4.0,8,16:20,17:10,Test Lab,2,1,0,1,137
Monday,,,1,08:30,09:20,Test Lab,0,0,0,0,138
Monday,,,2,09:20,10:10,Test Lab,0,0,1,1,138
Monday,cse_g1,6.0,3,10:30,11:20,Test Lab,2,0,1,0,138
Monday,cse_g1,6.0,4,11:20,12:10,Test Lab,2,1,1,1,138
Monday,cse_g2,2.0,5,13:40,14:30,Test Lab,2,1,1,1,138
Monday,cse_g2,2.0,6,14:30,15:20,Test Lab,2,1,0,1,138
Monday,,,7,15:30,16:20,Test Lab,0,1,0,0,138
Monday,,,8,16:20,17:10,Test Lab,0,0,0,0,138
Tuesday,cse_g1,4.0,1,08:30,09:20,Test Lab,4,0,1,1,138
Tuesday,cse_g1,4.0,2,09:20,10:10,Test Lab,4,1,1,1,138
Tuesday,cse_g1,4.0,3,10:30,11:20,Test Lab,4,1,1,1,138
Tuesday,cse_g1,4.0,4,11:20,12:10,Test Lab,4,1,1,1,138
Tuesday,cse_aiml,6.0,5,13:40,14:30,Test Lab,4,1,1,1,138
Tuesday,cse_aiml,6.0,6,14:30,15:20,Test Lab,4,1,1,1,138
Tuesday,cse_aiml,6.0,7,15:30,16:20,Test Lab,4,1,1,1,138
Tuesday,cse_aiml,6.0,8,16:20,17:10,Test Lab,4,1,0,1,138
Wednesday,,,1,08:30,09:20,Test Lab,0,0,1,0,138
Wednesday,cse_g2,6.0,2,09:20,10:10,Test Lab,2,0,1,1,138
Wednesday,cse_g2,6.0,3,10:30,11:20,Test Lab,2,1,0,1,138
Wednesday,,,4,11:20,12:10,Test Lab,0,1,1,0,138
Wednesday,cse_g1,2.0,5,13:40,14:30,Test Lab,2,0,1,1,138
Wednesday,cse_g1,2.0,6,14:30,15:20,Test Lab,2,1,1,1,138
Wednesday,cse_g1,8.0,7,15:30,16:20,Test Lab,2,1,1,1,138
Wednesday,cse_g1,8.0,8,16:20,17:10,Test Lab,2,1,0,1,138
Thursday,,,1,08:30,09:20,Test Lab,0,0,0,0,138
Thursday,,,2,09:20,10:10,Test Lab,0,0,1,0,138
Thursday,cse_g2,8.0,3,10:30,11:20,Test Lab,2,0,1,1,138
Thursday,cse_g2,8.0,4,11:20,12:10,Test Lab,2,1,1,1,138
Thursday,cse_g1,6.0,5,13:40,14:30,Test Lab,4,1,1,1,138
Thursday,cse_g1,6.0,6,14:30,15:20,Test Lab,4,1,1,1,138
Thursday,cse_g1,6.0,7,15:30,16:20,Test Lab,4,1,1,1,138
Thursday,cse_g1,6.0,8,16:20,17:10,Test Lab,4,1,0,1,138
Friday,cse_aiml,6.0,1,08:30,09:20,Test Lab,4,0,1,1,138
Friday,cse_aiml,6.0,2,09:20,10:10,Test Lab,4,1,1,1,138
Friday,cse_aiml,6.0,3,10:30,11:20,Test Lab,4,1,1,1,138
Friday,cse_aiml,6.0,4,11:20,12:10,Test Lab,4,1,1,1,138
Friday,cse_g1,6.0,5,13:40,14:30,Test Lab,2,1,1,1,138
Friday,cse_g1,6.0,6,14:30,15:20,Test Lab,2,1,1,1,138
Friday,cse_g2,4.0,7,15:30,16:20,Test Lab,2,1,1,1,138
Friday,cse_g2,4.0,8,16:20,17:10,Test Lab,2,1,0,1,138
Monday,,,1,08:30,09:20,Test Lab,0,0,0,0,139
Monday,,,2,09:20,10:10,Test Lab,0,0,1,0,139
Monday,cse_g1,6.0,3,10:30,11:20,Test Lab,2,0,1,1,139
Monday,cse_g1,6.0,4,11:20,12:10,Test Lab,2,1,1,1,139
Monday,cse_g2,2.0,5,13:40,14:30,Test Lab,2,1,1,1,139
Monday,cse_g2,2.0,6,14:30,15:20,Test Lab,2,1,0,1,139
Monday,,,7,15:30,16:20,Test Lab,0,1,0,0,139
Monday,,,8,16:20,17:10,Test Lab,0,0,0,1,139
Tuesday,cse_g1,4.0,1,08:30,09:20,Test Lab,4,0,1,1,139
Tuesday,cse_g1,4.0,2,09:20,10:10,Test Lab,4,1,1,1,139
Tuesday,cse_g1,4.0,3,10:30,11:20,Test Lab,4,1,1,1,139
Tuesday,cse_g1,4.0,4,11:20,12:10,Test Lab,4,1,1,1,139
Tuesday,cse_aiml,6.0,5,13:40,14:30,Test Lab,4,1,1,1,139
Tuesday,cse_aiml,6.0,6,14:30,15:20,Test Lab,4,1,1,1,139
Tuesday,cse_aiml,6.0,7,15:30,16:20,Test Lab,4,1,1,1,139
Tuesday,cse_aiml,6.0,8,16:20,17:10,Test Lab,4,1,0,1,139
Wednesday,,,1,08:30,09:20,Test Lab,0,0,1,0,139
Wednesday,cse_g2,6.0,2,09:20,10:10,Test Lab,2,0,1,0,139
Wednesday,cse_g2,6.0,3,10:30,11:20,Test Lab,2,1,0,1,139
Wednesday,,,4,11:20,12:10,Test Lab,0,1,1,0,139
Wednesday,cse_g1,2.0,5,13:40,14:30,Test Lab,2,0,1,1,139
Wednesday,cse_g1,2.0,6,14:30,15:20,Test Lab,2,1,1,1,139
Wednesday,cse_g1,8.0,7,15:30,16:20,Test Lab,2,1,1,1,139
Wednesday,cse_g1,8.0,8,16:20,17:10,Test Lab,2,1,0,1,139
Thursday,,,1,08:30,09:20,Test Lab,0,0,0,0,139
Thursday,,,2,09:20,10:10,Test Lab,0,0,1,0,139
Thursday,cse_g2,8.0,3,10:30,11:20,Test Lab,2,0,1,1,139
Thursday,cse_g2,8.0,4,11:20,12:10,Test Lab,2,1,1,1,139
Thursday,cse_g1,6.0,5,13:40,14:30,Test Lab,4,1,1,1,139
Thursday,cse_g1,6.0,6,14:30,15:20,Test Lab,4,1,1,1,139
Thursday,cse_g1,6.0,7,15:30,16:20,Test Lab,4,1,1,1,139
Thursday,cse_g1,6.0,8,16:20,17:10,Test Lab,4,1,0,0,139
Friday,cse_aiml,6.0,1,08:30,09:20,Test Lab,4,0,1,0,139
Friday,cse_aiml,6.0,2,09:20,10:10,Test Lab,4,1,1,1,139
Friday,cse_aiml,6.0,3,10:30,11:20,Test Lab,4,1,1,1,139
Friday,cse_aiml,6.0,4,11:20,12:10,Test Lab,4,1,1,1,139
Friday,cse_g1,6.0,5,13:40,14:30,Test Lab,2,1,1,1,139
Friday,cse_g1,6.0,6,14:30,15:20,Test Lab,2,1,1,1,139
Friday,cse_g2,4.0,7,15:30,16:20,Test Lab,2,1,1,1,139
Friday,cse_g2,4.0,8,16:20,17:10,Test Lab,2,1,0,1,139
Monday,,,1,08:30,09:20,Test Lab,0,0,0,0,140
Monday,,,2,09:20,10:10,Test Lab,0,0,1,0,140
Monday,cse_g1,6.0,3,10:30,11:20,Test Lab,2,0,1,1,140
Monday,cse_g1,6.0,4,11:20,12:10,Test Lab,2,1,1,1,140
Monday,cse_g2,2.0,5,13:40,14:30,Test Lab,2,1,1,1,140
Monday,cse_g2,2.0,6,14:30,15:20,Test Lab,2,1,0,1,140
Monday,,,7,15:30,16:20,Test Lab,0,1,0,0,140
Monday,,,8,16:20,17:10,Test Lab,0,0,0,1,140
Tuesday,cse_g1,4.0,1,08:30,09:20,Test Lab,4,0,1,0,140
Tuesday,cse_g1,4.0,2,09:20,10:10,Test Lab,4,1,1,1,140
Tuesday,cse_g1,4.0,3,10:30,11:20,Test Lab,4,1,1,1,140
Tuesday,cse_g1,4.0,4,11:20,12:10,Test Lab,4,1,1,1,140
Tuesday,cse_aiml,6.0,5,13:40,14:30,Test Lab,4,1,1,1,140
Tuesday,cse_aiml,6.0,6,14:30,15:20,Test Lab,4,1,1,1,140
Tuesday,cse_aiml,6.0,7,15:30,16:20,Test Lab,4,1,1,1,140
Tuesday,cse_aiml,6.0,8,16:20,17:10,Test Lab,4,1,0,1,140
Wednesday,,,1,08:30,09:20,Test Lab,0,0,1,0,140
Wednesday,cse_g2,6.0,2,09:20,10:10,Test Lab,2,0,1,1,140
Wednesday,cse_g2,6.0,3,10:30,11:20,Test Lab,2,1,0,1,140
Wednesday,,,4,11:20,12:10,Test Lab,0,1,1,0,140
Wednesday,cse_g1,2.0,5,13:40,14:30,Test Lab,2,0,1,1,140
Wednesday,cse_g1,2.0,6,14:30,15:20,Test Lab,2,1,1,1,140
Wednesday,cse_g1,8.0,7,15:30,16:20,Test Lab,2,1,1,1,140
Wednesday,cse_g1,8.0,8,16:20,17:10,Test Lab,2,1,0,1,140
Thursday,,,1,08:30,09:20,Test Lab,0,0,0,0,140
Thursday,,,2,09:20,10:10,Test Lab,0,0,1,0,140
Thursday,cse_g2,8.0,3,10:30,11:20,Test Lab,2,0,1,1,140
Thursday,cse_g2,8.0,4,11:20,12:10,Test Lab,2,1,1,1,140
Thursday,cse_g1,6.0,5,13:40,14:30,Test Lab,4,1,1,1,140
Thursday,cse_g1,6.0,6,14:30,15:20,Test Lab,4,1,1,1,140
Thursday,cse_g1,6.0,7,15:30,16:20,Test Lab,4,1,1,0,140
Thursday,cse_g1,6.0,8,16:20,17:10,Test Lab,4,1,0,1,140
Friday,cse_aiml,6.0,1,08:30,09:20,Test Lab,4,0,1,1,140
Friday,cse_aiml,6.0,2,09:20,10:10,Test Lab,4,1,1,1,140
Friday,cse_aiml,6.0,3,10:30,11:20,Test Lab,4,1,1,1,140
Friday,cse_aiml,6.0,4,11:20,12:10,Test Lab,4,1,1,1,140
Friday,cse_g1,6.0,5,13:40,14:30,Test Lab,2,1,1,1,140
Friday,cse_g1,6.0,6,14:30,15:20,Test Lab,2,1,1,1,140
Friday,cse_g2,4.0,7,15:30,16:20,Test Lab,2,1,1,1,140
Friday,cse_g2,4.0,8,16:20,17:10,Test Lab,2,1,0,1,140
Monday,,,1,08:30,09:20,Test Lab,0,0,0,0,141
Monday,,,2,09:20,10:10,Test Lab,0,0,1,0,141
Monday,cse_g1,6.0,3,10:30,11:20,Test Lab,2,0,1,1,141
Monday,cse_g1,6.0,4,11:20,12:10,Test Lab,2,1,1,1,141
Monday,cse_g2,2.0,5,13:40,14:30,Test Lab,2,1,1,1,141
Monday,cse_g2,2.0,6,14:30,15:20,Test Lab,2,1,0,1,141
Monday,,,7,15:30,16:20,Test Lab,0,1,0,0,141
Monday,,,8,16:20,17:10,Test Lab,0,0,0,1,141
Tuesday,cse_g1,4.0,1,08:30,09:20,Test Lab,4,0,1,1,141
Tuesday,cse_g1,4.0,2,09:20,10:10,Test Lab,4,1,1,1,141
Tuesday,cse_g1,4.0,3,10:30,11:20,Test Lab,4,1,1,1,141
Tuesday,cse_g1,4.0,4,11:20,12:10,Test Lab,4,1,1,1,141
Tuesday,cse_aiml,6.0,5,13:40,14:30,Test Lab,4,1,1,1,141
Tuesday,cse_aiml,6.0,6,14:30,15:20,Test Lab,4,1,1,1,141
Tuesday,cse_aiml,6.0,7,15:30,16:20,Test Lab,4,1,1,0,141
Tuesday,cse_aiml,6.0,8,16:20,17:10,Test Lab,4,1,0,1,141
Wednesday,,,1,08:30,09:20,Test Lab,0,0,1,0,141
Wednesday,cse_g2,6.0,2,09:20,10:10,Test Lab,2,0,1,1,141
Wednesday,cse_g2,6.0,3,10:30,11:20,Test Lab,2,1,0,1,141
Wednesday,,,4,11:20,12:10,Test Lab,0,1,1,0,141
Wednesday,cse_g1,2.0,5,13:40,14:30,Test Lab,2,0,1,1,141
Wednesday,cse_g1,2.0,6,14:30,15:20,Test Lab,2,1,1,0,141
Wednesday,cse_g1,8.0,7,15:30,16:20,Test Lab,2,1,1,1,141
Wednesday,cse_g1,8.0,8,16:20,17:10,Test Lab,2,1,0,1,141
Thursday,,,1,08:30,09:20,Test Lab,0,0,0,0,141
Thursday,,,2,09:20,10:10,Test Lab,0,0,1,0,141
Thursday,cse_g2,8.0,3,10:30,11:20,Test Lab,2,0,1,1,141
Thursday,cse_g2,8.0,4,11:20,12:10,Test Lab,2,1,1,1,141
Thursday,cse_g1,6.0,5,13:40,14:30,Test Lab,4,1,1,1,141
Thursday,cse_g1,6.0,6,14:30,15:20,Test Lab,4,1,1,0,141
Thursday,cse_g1,6.0,7,15:30,16:20,Test Lab,4,1,1,1,141
Thursday,cse_g1,6.0,8,16:20,17:10,Test Lab,4,1,0,1,141
Friday,cse_aiml,6.0,1,08:30,09:20,Test Lab,4,0,1,1,141
Friday,cse_aiml,6.0,2,09:20,10:10,Test Lab,4,1,1,1,141
Friday,cse_aiml,6.0,3,10:30,11:20,Test Lab,4,1,1,0,141
Friday,cse_aiml,6.0,4,11:20,12:10,Test Lab,4,1,1,1,141
Friday,cse_g1,6.0,5,13:40,14:30,Test Lab,2,1,1,1,141
Friday,cse_g1,6.0,6,14:30,15:20,Test Lab,2,1,1,1,141
Friday,cse_g2,4.0,7,15:30,16:20,Test Lab,2,1,1,1,141
Friday,cse_g2,4.0,8,16:20,17:10,Test Lab,2,1,0,1,141
Monday,,,1,08:30,09:20,Test Lab,0,0,0,0,142
Monday,,,2,09:20,10:10,Test Lab,0,0,1,1,142
Monday,cse_g1,6.0,3,10:30,11:20,Test Lab,2,0,1,1,142
Monday,cse_g1,6.0,4,11:20,12:10,Test Lab,2,1,1,1,142
Monday,cse_g2,2.0,5,13:40,14:30,Test Lab,2,1,1,0,142
Monday,cse_g2,2.0,6,14:30,15:20,Test Lab,2,1,0,1,142
Monday,,,7,15:30,16:20,Test Lab,0,1,0,0,142
Monday,,,8,16:20,17:10,Test Lab,0,0,0,0,142
Tuesday,cse_g1,4.0,1,08:30,09:20,Test Lab,4,0,1,1,142
Tuesday,cse_g1,4.0,2,09:20,10:10,Test Lab,4,1,1,1,142
Tuesday,cse_g1,4.0,3,10:30,11:20,Test Lab,4,1,1,1,142
Tuesday,cse_g1,4.0,4,11:20,12:10,Test Lab,4,1,1,1,142
Tuesday,cse_aiml,6.0,5,13:40,14:30,Test Lab,4,1,1,1,142
Tuesday,cse_aiml,6.0,6,14:30,15:20,Test Lab,4,1,1,1,142
Tuesday,cse_aiml,6.0,7,15:30,16:20,Test Lab,4,1,1,1,142
Tuesday,cse_aiml,6.0,8,16:20,17:10,Test Lab,4,1,0,1,142
Wednesday,,,1,08:30,09:20,Test Lab,0,0,1,0,142
Wednesday,cse_g2,6.0,2,09:20,10:10,Test Lab,2,0,1,1,142
Wednesday,cse_g2,6.0,3,10:30,11:20,Test Lab,2,1,0,1,142
Wednesday,,,4,11:20,12:10,Test Lab,0,1,1,0,142
Wednesday,cse_g1,2.0,5,13:40,14:30,Test Lab,2,0,1,1,142
Wednesday,cse_g1,2.0,6,14:30,15:20,Test Lab,2,1,1,1,142
Wednesday,cse_g1,8.0,7,15:30,16:20,Test Lab,2,1,1,1,142
Wednesday,cse_g1,8.0,8,16:20,17:10,Test Lab,2,1,0,1,142
Thursday,,,1,08:30,09:20,Test Lab,0,0,0,0,142
Thursday,,,2,09:20,10:10,Test Lab,0,0,1,0,142
Thursday,cse_g2,8.0,3,10:30,11:20,Test Lab,2,0,1,1,142
Thursday,cse_g2,8.0,4,11:20,12:10,Test Lab,2,1,1,1,142
Thursday,cse_g1,6.0,5,13:40,14:30,Test Lab,4,1,1,1,142
Thursday,cse_g1,6.0,6,14:30,15:20,Test Lab,4,1,1,1,142
Thursday,cse_g1,6.0,7,15:30,16:20,Test Lab,4,1,1,1,142
Thursday,cse_g1,6.0,8,16:20,17:10,Test Lab,4,1,0,1,142
Friday,cse_aiml,6.0,1,08:30,09:20,Test Lab,4,0,1,1,142
Friday,cse_aiml,6.0,2,09:20,10:10,Test Lab,4,1,1,1,142
Friday,cse_aiml,6.0,3,10:30,11:20,Test Lab,4,1,1,1,142
Friday,cse_aiml,6.0,4,11:20,12:10,Test Lab,4,1,1,1,142
Friday,cse_g1,6.0,5,13:40,14:30,Test Lab,2,1,1,1,142
Friday,cse_g1,6.0,6,14:30,15:20,Test Lab,2,1,1,0,142
Friday,cse_g2,4.0,7,15:30,16:20,Test Lab,2,1,1,1,142
Friday,cse_g2,4.0,8,16:20,17:10,Test Lab,2,1,0,1,142
Monday,,,1,08:30,09:20,Test Lab,0,0,0,1,143
Monday,,,2,09:20,10:10,Test Lab,0,0,1,0,143
Monday,cse_g1,6.0,3,10:30,11:20,Test Lab,2,0,1,1,143
Monday,cse_g1,6.0,4,11:20,12:10,Test Lab,2,1,1,1,143
Monday,cse_g2,2.0,5,13:40,14:30,Test Lab,2,1,1,1,143
Monday,cse_g2,2.0,6,14:30,15:20,Test Lab,2,1,0,1,143
Monday,,,7,15:30,16:20,Test Lab,0,1,0,0,143
Monday,,,8,16:20,17:10,Test Lab,0,0,0,0,143
Tuesday,cse_g1,4.0,1,08:30,09:20,Test Lab,4,0,1,1,143
Tuesday,cse_g1,4.0,2,09:20,10:10,Test Lab,4,1,1,1,143
Tuesday,cse_g1,4.0,3,10:30,11:20,Test Lab,4,1,1,1,143
Tuesday,cse_g1,4.0,4,11:20,12:10,Test Lab,4,1,1,1,143
Tuesday,cse_aiml,6.0,5,13:40,14:30,Test Lab,4,1,1,1,143
Tuesday,cse_aiml,6.0,6,14:30,15:20,Test Lab,4,1,1,1,143
Tuesday,cse_aiml,6.0,7,15:30,16:20,Test Lab,4,1,1,1,143
Tuesday,cse_aiml,6.0,8,16:20,17:10,Test Lab,4,1,0,1,143
Wednesday,,,1,08:30,09:20,Test Lab,0,0,1,0,143
Wednesday,cse_g2,6.0,2,09:20,10:10,Test Lab,2,0,1,1,143
Wednesday,cse_g2,6.0,3,10:30,11:20,Test Lab,2,1,0,1,143
Wednesday,,,4,11:20,12:10,Test Lab,0,1,1,0,143
Wednesday,cse_g1,2.0,5,13:40,14:30,Test Lab,2,0,1,1,143
Wednesday,cse_g1,2.0,6,14:30,15:20,Test Lab,2,1,1,1,143
Wednesday,cse_g1,8.0,7,15:30,16:20,Test Lab,2,1,1,1,143
Wednesday,cse_g1,8.0,8,16:20,17:10,Test Lab,2,1,0,1,143
Thursday,,,1,08:30,09:20,Test Lab,0,0,0,0,143
Thursday,,,2,09:20,10:10,Test Lab,0,0,1,0,143
Thursday,cse_g2,8.0,3,10:30,11:20,Test Lab,2,0,1,1,143
Thursday,cse_g2,8.0,4,11:20,12:10,Test Lab,2,1,1,1,143
Thursday,cse_g1,6.0,5,13:40,14:30,Test Lab,4,1,1,1,143
Thursday,cse_g1,6.0,6,14:30,15:20,Test Lab,4,1,1,1,143
Thursday,cse_g1,6.0,7,15:30,16:20,Test Lab,4,1,1,1,143
Thursday,cse_g1,6.0,8,16:20,17:10,Test Lab,4,1,0,1,143
Friday,cse_aiml,6.0,1,08:30,09:20,Test Lab,4,0,1,1,143
Friday,cse_aiml,6.0,2,09:20,10:10,Test Lab,4,1,1,1,143
Friday,cse_aiml,6.0,3,10:30,11:20,Test Lab,4,1,1,1,143
Friday,cse_aiml,6.0,4,11:20,12:10,Test Lab,4,1,1,1,143
Friday,cse_g1,6.0,5,13:40,14:30,Test Lab,2,1,1,1,143
Friday,cse_g1,6.0,6,14:30,15:20,Test Lab,2,1,1,1,143
Friday,cse_g2,4.0,7,15:30,16:20,Test Lab,2,1,1,1,143
Friday,cse_g2,4.0,8,16:20,17:10,Test Lab,2,1,0,0,143
Monday,,,1,08:30,09:20,Test Lab,0,0,0,0,144
Monday,,,2,09:20,10:10,Test Lab,0,0,1,0,144
Monday,cse_g1,6.0,3,10:30,11:20,Test Lab,2,0,1,1,144
Monday,cse_g1,6.0,4,11:20,12:10,Test Lab,2,1,1,1,144
Monday,cse_g2,2.0,5,13:40,14:30,Test Lab,2,1,1,1,144
Monday,cse_g2,2.0,6,14:30,15:20,Test Lab,2,1,0,1,144
Monday,,,7,15:30,16:20,Test Lab,0,1,0,0,144
Monday,,,8,16:20,17:10,Test Lab,0,0,0,0,144
Tuesday,cse_g1,4.0,1,08:30,09:20,Test Lab,4,0,1,1,144
Tuesday,cse_g1,4.0,2,09:20,10:10,Test Lab,4,1,1,1,144
Tuesday,cse_g1,4.0,3,10:30,11:20,Test Lab,4,1,1,0,144
Tuesday,cse_g1,4.0,4,11:20,12:10,Test Lab,4,1,1,1,144
Tuesday,cse_aiml,6.0,5,13:40,14:30,Test Lab,4,1,1,1,144
Tuesday,cse_aiml,6.0,6,14:30,15:20,Test Lab,4,1,1,1,144
Tuesday,cse_aiml,6.0,7,15:30,16:20,Test Lab,4,1,1,1,144
Tuesday,cse_aiml,6.0,8,16:20,17:10,Test Lab,4,1,0,1,144
Wednesday,,,1,08:30,09:20,Test Lab,0,0,1,0,144
Wednesday,cse_g2,6.0,2,09:20,10:10,Test Lab,2,0,1,1,144
Wednesday,cse_g2,6.0,3,10:30,11:20,Test Lab,2,1,0,1,144
Wednesday,,,4,11:20,12:10,Test Lab,0,1,1,1,144
Wednesday,cse_g1,2.0,5,13:40,14:30,Test Lab,2,0,1,1,144
Wednesday,cse_g1,2.0,6,14:30,15:20,Test Lab,2,1,1,1,144
Wednesday,cse_g1,8.0,7,15:30,16:20,Test Lab,2,1,1,1,144
Wednesday,cse_g1,8.0,8,16:20,17:10,Test Lab,2,1,0,0,144
Thursday,,,1,08:30,09:20,Test Lab,0,0,0,0,144
Thursday,,,2,09:20,10:10,Test Lab,0,0,1,0,144
Thursday,cse_g2,8.0,3,10:30,11:20,Test Lab,2,0,1,1,144
Thursday,cse_g2,8.0,4,11:20,12:10,Test Lab,2,1,1,1,144
Thursday,cse_g1,6.0,5,13:40,14:30,Test Lab,4,1,1,1,144
Thursday,cse_g1,6.0,6,14:30,15:20,Test Lab,4,1,1,1,144
Thursday,cse_g1,6.0,7,15:30,16:20,Test Lab,4,1,1,1,144
Thursday,cse_g1,6.0,8,16:20,17:10,Test Lab,4,1,0,1,144
Friday,cse_aiml,6.0,1,08:30,09:20,Test Lab,4,0,1,1,144
Friday,cse_aiml,6.0,2,09:20,10:10,Test Lab,4,1,1,1,144
Friday,cse_aiml,6.0,3,10:30,11:20,Test Lab,4,1,1,1,144
Friday,cse_aiml,6.0,4,11:20,12:10,Test Lab,4,1,1,1,144
Friday,cse_g1,6.0,5,13:40,14:30,Test Lab,2,1,1,1,144
Friday,cse_g1,6.0,6,14:30,15:20,Test Lab,2,1,1,1,144
Friday,cse_g2,4.0,7,15:30,16:20,Test Lab,2,1,1,1,144
Friday,cse_g2,4.0,8,16:20,17:10,Test Lab,2,1,0,1,144
Monday,,,1,08:30,09:20,Test Lab,0,0,0,0,145
Monday,,,2,09:20,10:10,Test Lab,0,0,1,0,145
Monday,cse_g1,6.0,3,10:30,11:20,Test Lab,2,0,1,0,145
Monday,cse_g1,6.0,4,11:20,12:10,Test Lab,2,1,1,1,145
Monday,cse_g2,2.0,5,13:40,14:30,Test Lab,2,1,1,1,145
Monday,cse_g2,2.0,6,14:30,15:20,Test Lab,2,1,0,1,145
Monday,,,7,15:30,16:20,Test Lab,0,1,0,0,145
Monday,,,8,16:20,17:10,Test Lab,0,0,0,0,145
Tuesday,cse_g1,4.0,1,08:30,09:20,Test Lab,4,0,1,1,145
Tuesday,cse_g1,4.0,2,09:20,10:10,Test Lab,4,1,1,1,145
Tuesday,cse_g1,4.0,3,10:30,11:20,Test Lab,4,1,1,1,145
Tuesday,cse_g1,4.0,4,11:20,12:10,Test Lab,4,1,1,1,145
Tuesday,cse_aiml,6.0,5,13:40,14:30,Test Lab,4,1,1,1,145
Tuesday,cse_aiml,6.0,6,14:30,15:20,Test Lab,4,1,1,1,145
Tuesday,cse_aiml,6.0,7,15:30,16:20,Test Lab,4,1,1,1,145
Tuesday,cse_aiml,6.0,8,16:20,17:10,Test Lab,4,1,0,1,145
Wednesday,,,1,08:30,09:20,Test Lab,0,0,1,0,145
Wednesday,cse_g2,6.0,2,09:20,10:10,Test Lab,2,0,1,1,145
Wednesday,cse_g2,6.0,3,10:30,11:20,Test Lab,2,1,0,1,145
Wednesday,,,4,11:20,12:10,Test Lab,0,1,1,0,145
Wednesday,cse_g1,2.0,5,13:40,14:30,Test Lab,2,0,1,1,145
Wednesday,cse_g1,2.0,6,14:30,15:20,Test Lab,2,1,1,1,145
Wednesday,cse_g1,8.0,7,15:30,16:20,Test Lab,2,1,1,1,145
Wednesday,cse_g1,8.0,8,16:20,17:10,Test Lab,2,1,0,1,145
Thursday,,,1,08:30,09:20,Test Lab,0,0,0,1,145
Thursday,,,2,09:20,10:10,Test Lab,0,0,1,0,145
Thursday,cse_g2,8.0,3,10:30,11:20,Test Lab,2,0,1,1,145
Thursday,cse_g2,8.0,4,11:20,12:10,Test Lab,2,1,1,1,145
Thursday,cse_g1,6.0,5,13:40,14:30,Test Lab,4,1,1,1,145
Thursday,cse_g1,6.0,6,14:30,15:20,Test Lab,4,1,1,1,145
Thursday,cse_g1,6.0,7,15:30,16:20,Test Lab,4,1,1,1,145
Thursday,cse_g1,6.0,8,16:20,17:10,Test Lab,4,1,0,1,145
Friday,cse_aiml,6.0,1,08:30,09:20,Test Lab,4,0,1,1,145
Friday,cse_aiml,6.0,2,09:20,10:10,Test Lab,4,1,1,1,145
Friday,cse_aiml,6.0,3,10:30,11:20,Test Lab,4,1,1,0,145
Friday,cse_aiml,6.0,4,11:20,12:10,Test Lab,4,1,1,1,145
Friday,cse_g1,6.0,5,13:40,14:30,Test Lab,2,1,1,1,145
Friday,cse_g1,6.0,6,14:30,15:20,Test Lab,2,1,1,1,145
Friday,cse_g2,4.0,7,15:30,16:20,Test Lab,2,1,1,1,145
Friday,cse_g2,4.0,8,16:20,17:10,Test Lab,2,1,0,1,145
Monday,,,1,08:30,09:20,Test Lab,0,0,0,0,146
Monday,,,2,09:20,10:10,Test Lab,0,0,1,0,146
Monday,cse_g1,6.0,3,10:30,11:20,Test Lab,2,0,1,1,146
Monday,cse_g1,6.0,4,11:20,12:10,Test Lab,2,1,1,1,146
Monday,cse_g2,2.0,5,13:40,14:30,Test Lab,2,1,1,1,146
Monday,cse_g2,2.0,6,14:30,15:20,Test Lab,2,1,0,1,146
Monday,,,7,15:30,16:20,Test Lab,0,1,0,0,146
Monday,,,8,16:20,17:10,Test Lab,0,0,0,0,146
Tuesday,cse_g1,4.0,1,08:30,09:20,Test Lab,4,0,1,1,146
Tuesday,cse_g1,4.0,2,09:20,10:10,Test Lab,4,1,1,1,146
Tuesday,cse_g1,4.0,3,10:30,11:20,Test Lab,4,1,1,1,146
Tuesday,cse_g1,4.0,4,11:20,12:10,Test Lab,4,1,1,1,146
Tuesday,cse_aiml,6.0,5,13:40,14:30,Test Lab,4,1,1,1,146
Tuesday,cse_aiml,6.0,6,14:30,15:20,Test Lab,4,1,1,0,146
Tuesday,cse_aiml,6.0,7,15:30,16:20,Test Lab,4,1,1,1,146
Tuesday,cse_aiml,6.0,8,16:20,17:10,Test Lab,4,1,0,1,146
Wednesday,,,1,08:30,09:20,Test Lab,0,0,1,0,146
Wednesday,cse_g2,6.0,2,09:20,10:10,Test Lab,2,0,1,1,146
Wednesday,cse_g2,6.0,3,10:30,11:20,Test Lab,2,1,0,1,146
Wednesday,,,4,11:20,12:10,Test Lab,0,1,1,1,146
Wednesday,cse_g1,2.0,5,13:40,14:30,Test Lab,2,0,1,1,146
Wednesday,cse_g1,2.0,6,14:30,15:20,Test Lab,2,1,1,1,146
Wednesday,cse_g1,8.0,7,15:30,16:20,Test Lab,2,1,1,1,146
Wednesday,cse_g1,8.0,8,16:20,17:10,Test Lab,2,1,0,1,146
Thursday,,,1,08:30,09:20,Test Lab,0,0,0,0,146
Thursday,,,2,09:20,10:10,Test Lab,0,0,1,0,146
Thursday,cse_g2,8.0,3,10:30,11:20,Test Lab,2,0,1,1,146
Thursday,cse_g2,8.0,4,11:20,12:10,Test Lab,2,1,1,1,146
Thursday,cse_g1,6.0,5,13:40,14:30,Test Lab,4,1,1,1,146
Thursday,cse_g1,6.0,6,14:30,15:20,Test Lab,4,1,1,1,146
Thursday,cse_g1,6.0,7,15:30,16:20,Test Lab,4,1,1,1,146
Thursday,cse_g1,6.0,8,16:20,17:10,Test Lab,4,1,0,0,146
Friday,cse_aiml,6.0,1,08:30,09:20,Test Lab,4,0,1,1,146
Friday,cse_aiml,6.0,2,09:20,10:10,Test Lab,4,1,1,1,146
Friday,cse_aiml,6.0,3,10:30,11:20,Test Lab,4,1,1,1,146
Friday,cse_aiml,6.0,4,11:20,12:10,Test Lab,4,1,1,1,146
Friday,cse_g1,6.0,5,13:40,14:30,Test Lab,2,1,1,1,146
Friday,cse_g1,6.0,6,14:30,15:20,Test Lab,2,1,1,1,146
Friday,cse_g2,4.0,7,15:30,16:20,Test Lab,2,1,1,0,146
Friday,cse_g2,4.0,8,16:20,17:10,Test Lab,2,1,0,0,146
Monday,,,1,08:30,09:20,Test Lab,0,0,0,0,147
Monday,,,2,09:20,10:10,Test Lab,0,0,1,0,147
Monday,cse_g1,6.0,3,10:30,11:20,Test Lab,2,0,1,1,147
Monday,cse_g1,6.0,4,11:20,12:10,Test Lab,2,1,1,1,147
Monday,cse_g2,2.0,5,13:40,14:30,Test Lab,2,1,1,1,147
Monday,cse_g2,2.0,6,14:30,15:20,Test Lab,2,1,0,1,147
Monday,,,7,15:30,16:20,Test Lab,0,1,0,1,147
Monday,,,8,16:20,17:10,Test Lab,0,0,0,0,147
Tuesday,cse_g1,4.0,1,08:30,09:20,Test Lab,4,0,1,1,147
Tuesday,cse_g1,4.0,2,09:20,10:10,Test Lab,4,1,1,1,147
Tuesday,cse_g1,4.0,3,10:30,11:20,Test Lab,4,1,1,1,147
Tuesday,cse_g1,4.0,4,11:20,12:10,Test Lab,4,1,1,1,147
Tuesday,cse_aiml,6.0,5,13:40,14:30,Test Lab,4,1,1,1,147
Tuesday,cse_aiml,6.0,6,14:30,15:20,Test Lab,4,1,1,1,147
Tuesday,cse_aiml,6.0,7,15:30,16:20,Test Lab,4,1,1,1,147
Tuesday,cse_aiml,6.0,8,16:20,17:10,Test Lab,4,1,0,1,147
Wednesday,,,1,08:30,09:20,Test Lab,0,0,1,0,147
Wednesday,cse_g2,6.0,2,09:20,10:10,Test Lab,2,0,1,1,147
Wednesday,cse_g2,6.0,3,10:30,11:20,Test Lab,2,1,0,1,147
Wednesday,,,4,11:20,12:10,Test Lab,0,1,1,0,147
Wednesday,cse_g1,2.0,5,13:40,14:30,Test Lab,2,0,1,1,147
Wednesday,cse_g1,2.0,6,14:30,15:20,Test Lab,2,1,1,1,147
Wednesday,cse_g1,8.0,7,15:30,16:20,Test Lab,2,1,1,0,147
Wednesday,cse_g1,8.0,8,16:20,17:10,Test Lab,2,1,0,0,147
Thursday,,,1,08:30,09:20,Test Lab,0,0,0,0,147
Thursday,,,2,09:20,10:10,Test Lab,0,0,1,0,147
Thursday,cse_g2,8.0,3,10:30,11:20,Test Lab,2,0,1,1,147
Thursday,cse_g2,8.0,4,11:20,12:10,Test Lab,2,1,1,1,147
Thursday,cse_g1,6.0,5,13:40,14:30,Test Lab,4,1,1,1,147
Thursday,cse_g1,6.0,6,14:30,15:20,Test Lab,4,1,1,1,147
Thursday,cse_g1,6.0,7,15:30,16:20,Test Lab,4,1,1,1,147
Thursday,cse_g1,6.0,8,16:20,17:10,Test Lab,4,1,0,1,147
Friday,cse_aiml,6.0,1,08:30,09:20,Test Lab,4,0,1,1,147
Friday,cse_aiml,6.0,2,09:20,10:10,Test Lab,4,1,1,1,147
Friday,cse_aiml,6.0,3,10:30,11:20,Test Lab,4,1,1,1,147
Friday,cse_aiml,6.0,4,11:20,12:10,Test Lab,4,1,1,1,147
Friday,cse_g1,6.0,5,13:40,14:30,Test Lab,2,1,1,1,147
Friday,cse_g1,6.0,6,14:30,15:20,Test Lab,2,1,1,1,147
Friday,cse_g2,4.0,7,15:30,16:20,Test Lab,2,1,1,1,147
Friday,cse_g2,4.0,8,16:20,17:10,Test Lab,2,1,0,1,147
Monday,,,1,08:30,09:20,Test Lab,0,0,0,0,148
Monday,,,2,09:20,10:10,Test Lab,0,0,1,0,148
Monday,cse_g1,6.0,3,10:30,11:20,Test Lab,2,0,1,1,148
Monday,cse_g1,6.0,4,11:20,12:10,Test Lab,2,1,1,1,148
Monday,cse_g2,2.0,5,13:40,14:30,Test Lab,2,1,1,1,148
Monday,cse_g2,2.0,6,14:30,15:20,Test Lab,2,1,0,1,148
Monday,,,7,15:30,16:20,Test Lab,0,1,0,0,148
Monday,,,8,16:20,17:10,Test Lab,0,0,0,0,148
Tuesday,cse_g1,4.0,1,08:30,09:20,Test Lab,4,0,1,1,148
Tuesday,cse_g1,4.0,2,09:20,10:10,Test Lab,4,1,1,1,148
Tuesday,cse_g1,4.0,3,10:30,11:20,Test Lab,4,1,1,1,148
Tuesday,cse_g1,4.0,4,11:20,12:10,Test Lab,4,1,1,1,148
Tuesday,cse_aiml,6.0,5,13:40,14:30,Test Lab,4,1,1,1,148
Tuesday,cse_aiml,6.0,6,14:30,15:20,Test Lab,4,1,1,1,148
Tuesday,cse_aiml,6.0,7,15:30,16:20,Test Lab,4,1,1,0,148
Tuesday,cse_aiml,6.0,8,16:20,17:10,Test Lab,4,1,0,1,148
Wednesday,,,1,08:30,09:20,Test Lab,0,0,1,0,148
Wednesday,cse_g2,6.0,2,09:20,10:10,Test Lab,2,0,1,1,148
Wednesday,cse_g2,6.0,3,10:30,11:20,Test Lab,2,1,0,1,148
Wednesday,,,4,11:20,12:10,Test Lab,0,1,1,0,148
Wednesday,cse_g1,2.0,5,13:40,14:30,Test Lab,2,0,1,0,148
Wednesday,cse_g1,2.0,6,14:30,15:20,Test Lab,2,1,1,1,148
Wednesday,cse_g1,8.0,7,15:30,16:20,Test Lab,2,1,1,1,148
Wednesday,cse_g1,8.0,8,16:20,17:10,Test Lab,2,1,0,1,148
Thursday,,,1,08:30,09:20,Test Lab,0,0,0,0,148
Thursday,,,2,09:20,10:10,Test Lab,0,0,1,0,148
Thursday,cse_g2,8.0,3,10:30,11:20,Test Lab,2,0,1,1,148
Thursday,cse_g2,8.0,4,11:20,12:10,Test Lab,2,1,1,1,148
Thursday,cse_g1,6.0,5,13:40,14:30,Test Lab,4,1,1,1,148
Thursday,cse_g1,6.0,6,14:30,15:20,Test Lab,4,1,1,1,148
Thursday,cse_g1,6.0,7,15:30,16:20,Test Lab,4,1,1,0,148
Thursday,cse_g1,6.0,8,16:20,17:10,Test Lab,4,1,0,1,148
Friday,cse_aiml,6.0,1,08:30,09:20,Test Lab,4,0,1,1,148
Friday,cse_aiml,6.0,2,09:20,10:10,Test Lab,4,1,1,1,148
Friday,cse_aiml,6.0,3,10:30,11:20,Test Lab,4,1,1,1,148
Friday,cse_aiml,6.0,4,11:20,12:10,Test Lab,4,1,1,1,148
Friday,cse_g1,6.0,5,13:40,14:30,Test Lab,2,1,1,1,148
Friday,cse_g1,6.0,6,14:30,15:20,Test Lab,2,1,1,1,148
Friday,cse_g2,4.0,7,15:30,16:20,Test Lab,2,1,1,1,148
Friday,cse_g2,4.0,8,16:20,17:10,Test Lab,2,1,0,1,148
Monday,,,1,08:30,09:20,Test Lab,0,0,0,0,149
Monday,,,2,09:20,10:10,Test Lab,0,0,1,0,149
Monday,cse_g1,6.0,3,10:30,11:20,Test Lab,2,0,1,1,149
Monday,cse_g1,6.0,4,11:20,12:10,Test Lab,2,1,1,1,149
Monday,cse_g2,2.0,5,13:40,14:30,Test Lab,2,1,1,1,149
Monday,cse_g2,2.0,6,14:30,15:20,Test Lab,2,1,0,1,149
Monday,,,7,15:30,16:20,Test Lab,0,1,0,0,149
Monday,,,8,16:20,17:10,Test Lab,0,0,0,0,149
Tuesday,cse_g1,4.0,1,08:30,09:20,Test Lab,4,0,1,1,149
Tuesday,cse_g1,4.0,2,09:20,10:10,Test Lab,4,1,1,1,149
Tuesday,cse_g1,4.0,3,10:30,11:20,Test Lab,4,1,1,1,149
Tuesday,cse_g1,4.0,4,11:20,12:10,Test Lab,4,1,1,1,149
Tuesday,cse_aiml,6.0,5,13:40,14:30,Test Lab,4,1,1,1,149
Tuesday,cse_aiml,6.0,6,14:30,15:20,Test Lab,4,1,1,1,149
Tuesday,cse_aiml,6.0,7,15:30,16:20,Test Lab,4,1,1,1,149
Tuesday,cse_aiml,6.0,8,16:20,17:10,Test Lab,4,1,0,1,149
Wednesday,,,1,08:30,09:20,Test Lab,0,0,1,0,149
Wednesday,cse_g2,6.0,2,09:20,10:10,Test Lab,2,0,1,1,149
Wednesday,cse_g2,6.0,3,10:30,11:20,Test Lab,2,1,0,1,149
Wednesday,,,4,11:20,12:10,Test Lab,0,1,1,0,149
Wednesday,cse_g1,2.0,5,13:40,14:30,Test Lab,2,0,1,1,149
Wednesday,cse_g1,2.0,6,14:30,15:20,Test Lab,2,1,1,1,149
Wednesday,cse_g1,8.0,7,15:30,16:20,Test Lab,2,1,1,1,149
Wednesday,cse_g1,8.0,8,16:20,17:10,Test Lab,2,1,0,1,149
Thursday,,,1,08:30,09:20,Test Lab,0,0,0,0,149
Thursday,,,2,09:20,10:10,Test Lab,0,0,1,1,149
Thursday,cse_g2,8.0,3,10:30,11:20,Test Lab,2,0,1,1,149
Thursday,cse_g2,8.0,4,11:20,12:10,Test Lab,2,1,1,0,149
Thursday,cse_g1,6.0,5,13:40,14:30,Test Lab,4,1,1,1,149
Thursday,cse_g1,6.0,6,14:30,15:20,Test Lab,4,1,1,1,149
Thursday,cse_g1,6.0,7,15:30,16:20,Test Lab,4,1,1,1,149
Thursday,cse_g1,6.0,8,16:20,17:10,Test Lab,4,1,0,1,149
Friday,cse_aiml,6.0,1,08:30,09:20,Test Lab,4,0,1,1,149
Friday,cse_aiml,6.0,2,09:20,10:10,Test Lab,4,1,1,1,149
Friday,cse_aiml,6.0,3,10:30,11:20,Test Lab,4,1,1,1,149
Friday,cse_aiml,6.0,4,11:20,12:10,Test Lab,4,1,1,1,149
Friday,cse_g1,6.0,5,13:40,14:30,Test Lab,2,1,1,1,149
Friday,cse_g1,6.0,6,14:30,15:20,Test Lab,2,1,1,1,149
Friday,cse_g2,4.0,7,15:30,16:20,Test Lab,2,1,1,1,149
Friday,cse_g2,4.0,8,16:20,17:10,Test Lab,2,1,0,1,149
Monday,,,1,08:30,09:20,Test Lab,0,0,0,0,150
Monday,,,2,09:20,10:10,Test Lab,0,0,1,1,150
Monday,cse_g1,6.0,3,10:30,11:20,Test Lab,2,0,1,1,150
Monday,cse_g1,6.0,4,11:20,12:10,Test Lab,2,1,1,1,150
Monday,cse_g2,2.0,5,13:40,14:30,Test Lab,2,1,1,1,150
Monday,cse_g2,2.0,6,14:30,15:20,Test Lab,2,1,0,1,150
Monday,,,7,15:30,16:20,Test Lab,0,1,0,0,150
Monday,,,8,16:20,17:10,Test Lab,0,0,0,1,150
Tuesday,cse_g1,4.0,1,08:30,09:20,Test Lab,4,0,1,0,150
Tuesday,cse_g1,4.0,2,09:20,10:10,Test Lab,4,1,1,1,150
Tuesday,cse_g1,4.0,3,10:30,11:20,Test Lab,4,1,1,1,150
Tuesday,cse_g1,4.0,4,11:20,12:10,Test Lab,4,1,1,0,150
Tuesday,cse_aiml,6.0,5,13:40,14:30,Test Lab,4,1,1,1,150
Tuesday,cse_aiml,6.0,6,14:30,15:20,Test Lab,4,1,1,1,150
Tuesday,cse_aiml,6.0,7,15:30,16:20,Test Lab,4,1,1,1,150
Tuesday,cse_aiml,6.0,8,16:20,17:10,Test Lab,4,1,0,1,150
Wednesday,,,1,08:30,09:20,Test Lab,0,0,1,1,150
Wednesday,cse_g2,6.0,2,09:20,10:10,Test Lab,2,0,1,1,150
Wednesday,cse_g2,6.0,3,10:30,11:20,Test Lab,2,1,0,1,150
Wednesday,,,4,11:20,12:10,Test Lab,0,1,1,0,150
Wednesday,cse_g1,2.0,5,13:40,14:30,Test Lab,2,0,1,1,150
Wednesday,cse_g1,2.0,6,14:30,15:20,Test Lab,2,1,1,1,150
Wednesday,cse_g1,8.0,7,15:30,16:20,Test Lab,2,1,1,1,150
Wednesday,cse_g1,8.0,8,16:20,17:10,Test Lab,2,1,0,1,150
Thursday,,,1,08:30,09:20,Test Lab,0,0,0,0,150
Thursday,,,2,09:20,10:10,Test Lab,0,0,1,0,150
Thursday,cse_g2,8.0,3,10:30,11:20,Test Lab,2,0,1,0,150
Thursday,cse_g2,8.0,4,11:20,12:10,Test Lab,2,1,1,0,150
Thursday,cse_g1,6.0,5,13:40,14:30,Test Lab,4,1,1,1,150
Thursday,cse_g1,6.0,6,14:30,15:20,Test Lab,4,1,1,1,150
Thursday,cse_g1,6.0,7,15:30,16:20,Test Lab,4,1,1,1,150
Thursday,cse_g1,6.0,8,16:20,17:10,Test Lab,4,1,0,1,150
Friday,cse_aiml,6.0,1,08:30,09:20,Test Lab,4,0,1,1,150
Friday,cse_aiml,6.0,2,09:20,10:10,Test Lab,4,1,1,1,150
Friday,cse_aiml,6.0,3,10:30,11:20,Test Lab,4,1,1,1,150
Friday,cse_aiml,6.0,4,11:20,12:10,Test Lab,4,1,1,1,150
Friday,cse_g1,6.0,5,13:40,14:30,Test Lab,2,1,1,1,150
Friday,cse_g1,6.0,6,14:30,15:20,Test Lab,2,1,1,1,150
Friday,cse_g2,4.0,7,15:30,16:20,Test Lab,2,1,1,0,150
Friday,cse_g2,4.0,8,16:20,17:10,Test Lab,2,1,0,1,150
Monday,,,1,08:30,09:20,Test Lab,0,0,0,0,151
Monday,,,2,09:20,10:10,Test Lab,0,0,1,0,151
Monday,cse_g1,6.0,3,10:30,11:20,Test Lab,2,0,1,1,151
Monday,cse_g1,6.0,4,11:20,12:10,Test Lab,2,1,1,1,151
Monday,cse_g2,2.0,5,13:40,14:30,Test Lab,2,1,1,1,151
Monday,cse_g2,2.0,6,14:30,15:20,Test Lab,2,1,0,1,151
Monday,,,7,15:30,16:20,Test Lab,0,1,0,0,151
Monday,,,8,16:20,17:10,Test Lab,0,0,0,0,151
Tuesday,cse_g1,4.0,1,08:30,09:20,Test Lab,4,0,1,1,151
Tuesday,cse_g1,4.0,2,09:20,10:10,Test Lab,4,1,1,1,151
Tuesday,cse_g1,4.0,3,10:30,11:20,Test Lab,4,1,1,1,151
Tuesday,cse_g1,4.0,4,11:20,12:10,Test Lab,4,1,1,1,151
Tuesday,cse_aiml,6.0,5,13:40,14:30,Test Lab,4,1,1,1,151
Tuesday,cse_aiml,6.0,6,14:30,15:20,Test Lab,4,1,1,1,151
Tuesday,cse_aiml,6.0,7,15:30,16:20,Test Lab,4,1,1,0,151
Tuesday,cse_aiml,6.0,8,16:20,17:10,Test Lab,4,1,0,1,151
Wednesday,,,1,08:30,09:20,Test Lab,0,0,1,0,151
Wednesday,cse_g2,6.0,2,09:20,10:10,Test Lab,2,0,1,0,151
Wednesday,cse_g2,6.0,3,10:30,11:20,Test Lab,2,1,0,1,151
Wednesday,,,4,11:20,12:10,Test Lab,0,1,1,1,151
Wednesday,cse_g1,2.0,5,13:40,14:30,Test Lab,2,0,1,1,151
Wednesday,cse_g1,2.0,6,14:30,15:20,Test Lab,2,1,1,1,151
Wednesday,cse_g1,8.0,7,15:30,16:20,Test Lab,2,1,1,1,151
Wednesday,cse_g1,8.0,8,16:20,17:10,Test Lab,2,1,0,1,151
Thursday,,,1,08:30,09:20,Test Lab,0,0,0,0,151
Thursday,,,2,09:20,10:10,Test Lab,0,0,1,0,151
Thursday,cse_g2,8.0,3,10:30,11:20,Test Lab,2,0,1,1,151
Thursday,cse_g2,8.0,4,11:20,12:10,Test Lab,2,1,1,1,151
Thursday,cse_g1,6.0,5,13:40,14:30,Test Lab,4,1,1,1,151
Thursday,cse_g1,6.0,6,14:30,15:20,Test Lab,4,1,1,1,151
Thursday,cse_g1,6.0,7,15:30,16:20,Test Lab,4,1,1,1,151
Thursday,cse_g1,6.0,8,16:20,17:10,Test Lab,4,1,0,1,151
Friday,cse_aiml,6.0,1,08:30,09:20,Test Lab,4,0,1,1,151
Friday,cse_aiml,6.0,2,09:20,10:10,Test Lab,4,1,1,1,151
Friday,cse_aiml,6.0,3,10:30,11:20,Test Lab,4,1,1,1,151
Friday,cse_aiml,6.0,4,11:20,12:10,Test Lab,4,1,1,1,151
Friday,cse_g1,6.0,5,13:40,14:30,Test Lab,2,1,1,1,151
Friday,cse_g1,6.0,6,14:30,15:20,Test Lab,2,1,1,1,151
Friday,cse_g2,4.0,7,15:30,16:20,Test Lab,2,1,1,1,151
Friday,cse_g2,4.0,8,16:20,17:10,Test Lab,2,1,0,1,151
Monday,,,1,08:30,09:20,Test Lab,0,0,0,0,152
Monday,,,2,09:20,10:10,Test Lab,0,0,1,0,152
Monday,cse_g1,6.0,3,10:30,11:20,Test Lab,2,0,1,1,152
Monday,cse_g1,6.0,4,11:20,12:10,Test Lab,2,1,1,1,152
Monday,cse_g2,2.0,5,13:40,14:30,Test Lab,2,1,1,1,152
Monday,cse_g2,2.0,6,14:30,15:20,Test Lab,2,1,0,0,152
Monday,,,7,15:30,16:20,Test Lab,0,1,0,0,152
Monday,,,8,16:20,17:10,Test Lab,0,0,0,1,152
Tuesday,cse_g1,4.0,1,08:30,09:20,Test Lab,4,0,1,1,152
Tuesday,cse_g1,4.0,2,09:20,10:10,Test Lab,4,1,1,1,152
Tuesday,cse_g1,4.0,3,10:30,11:20,Test Lab,4,1,1,1,152
Tuesday,cse_g1,4.0,4,11:20,12:10,Test Lab,4,1,1,1,152
Tuesday,cse_aiml,6.0,5,13:40,14:30,Test Lab,4,1,1,1,152
Tuesday,cse_aiml,6.0,6,14:30,15:20,Test Lab,4,1,1,1,152
Tuesday,cse_aiml,6.0,7,15:30,16:20,Test Lab,4,1,1,1,152
Tuesday,cse_aiml,6.0,8,16:20,17:10,Test Lab,4,1,0,1,152
Wednesday,,,1,08:30,09:20,Test Lab,0,0,1,0,152
Wednesday,cse_g2,6.0,2,09:20,10:10,Test Lab,2,0,1,1,152
Wednesday,cse_g2,6.0,3,10:30,11:20,Test Lab,2,1,0,0,152
Wednesday,,,4,11:20,12:10,Test Lab,0,1,1,1,152
Wednesday,cse_g1,2.0,5,13:40,14:30,Test Lab,2,0,1,1,152
Wednesday,cse_g1,2.0,6,14:30,15:20,Test Lab,2,1,1,1,152
Wednesday,cse_g1,8.0,7,15:30,16:20,Test Lab,2,1,1,1,152
Wednesday,cse_g1,8.0,8,16:20,17:10,Test Lab,2,1,0,1,152
Thursday,,,1,08:30,09:20,Test Lab,0,0,0,0,152
Thursday,,,2,09:20,10:10,Test Lab,0,0,1,1,152
Thursday,cse_g2,8.0,3,10:30,11:20,Test Lab,2,0,1,1,152
Thursday,cse_g2,8.0,4,11:20,12:10,Test Lab,2,1,1,1,152
Thursday,cse_g1,6.0,5,13:40,14:30,Test Lab,4,1,1,1,152
Thursday,cse_g1,6.0,6,14:30,15:20,Test Lab,4,1,1,1,152
Thursday,cse_g1,6.0,7,15:30,16:20,Test Lab,4,1,1,1,152
Thursday,cse_g1,6.0,8,16:20,17:10,Test Lab,4,1,0,1,152
Friday,cse_aiml,6.0,1,08:30,09:20,Test Lab,4,0,1,1,152
Friday,cse_aiml,6.0,2,09:20,10:10,Test Lab,4,1,1,1,152
Friday,cse_aiml,6.0,3,10:30,11:20,Test Lab,4,1,1,1,152
Friday,cse_aiml,6.0,4,11:20,12:10,Test Lab,4,1,1,1,152
Friday,cse_g1,6.0,5,13:40,14:30,Test Lab,2,1,1,1,152
Friday,cse_g1,6.0,6,14:30,15:20,Test Lab,2,1,1,1,152
Friday,cse_g2,4.0,7,15:30,16:20,Test Lab,2,1,1,1,152
Friday,cse_g2,4.0,8,16:20,17:10,Test Lab,2,1,0,1,152
Monday,,,1,08:30,09:20,Test Lab,0,0,0,0,153
Monday,,,2,09:20,10:10,Test Lab,0,0,1,0,153
Monday,cse_g1,6.0,3,10:30,11:20,Test Lab,2,0,1,1,153
Monday,cse_g1,6.0,4,11:20,12:10,Test Lab,2,1,1,1,153
Monday,cse_g2,2.0,5,13:40,14:30,Test Lab,2,1,1,0,153
Monday,cse_g2,2.0,6,14:30,15:20,Test Lab,2,1,0,1,153
Monday,,,7,15:30,16:20,Test Lab,0,1,0,0,153
Monday,,,8,16:20,17:10,Test Lab,0,0,0,0,153
Tuesday,cse_g1,4.0,1,08:30,09:20,Test Lab,4,0,1,1,153
Tuesday,cse_g1,4.0,2,09:20,10:10,Test Lab,4,1,1,1,153
Tuesday,cse_g1,4.0,3,10:30,11:20,Test Lab,4,1,1,1,153
Tuesday,cse_g1,4.0,4,11:20,12:10,Test Lab,4,1,1,1,153
Tuesday,cse_aiml,6.0,5,13:40,14:30,Test Lab,4,1,1,1,153
Tuesday,cse_aiml,6.0,6,14:30,15:20,Test Lab,4,1,1,1,153
Tuesday,cse_aiml,6.0,7,15:30,16:20,Test Lab,4,1,1,1,153
Tuesday,cse_aiml,6.0,8,16:20,17:10,Test Lab,4,1,0,1,153
Wednesday,,,1,08:30,09:20,Test Lab,0,0,1,0,153
Wednesday,cse_g2,6.0,2,09:20,10:10,Test Lab,2,0,1,1,153
Wednesday,cse_g2,6.0,3,10:30,11:20,Test Lab,2,1,0,1,153
Wednesday,,,4,11:20,12:10,Test Lab,0,1,1,0,153
Wednesday,cse_g1,2.0,5,13:40,14:30,Test Lab,2,0,1,1,153
Wednesday,cse_g1,2.0,6,14:30,15:20,Test Lab,2,1,1,1,153
Wednesday,cse_g1,8.0,7,15:30,16:20,Test Lab,2,1,1,1,153
Wednesday,cse_g1,8.0,8,16:20,17:10,Test Lab,2,1,0,1,153
Thursday,,,1,08:30,09:20,Test Lab,0,0,0,0,153
Thursday,,,2,09:20,10:10,Test Lab,0,0,1,1,153
Thursday,cse_g2,8.0,3,10:30,11:20,Test Lab,2,0,1,1,153
Thursday,cse_g2,8.0,4,11:20,12:10,Test Lab,2,1,1,1,153
Thursday,cse_g1,6.0,5,13:40,14:30,Test Lab,4,1,1,1,153
Thursday,cse_g1,6.0,6,14:30,15:20,Test Lab,4,1,1,1,153
Thursday,cse_g1,6.0,7,15:30,16:20,Test Lab,4,1,1,0,153
Thursday,cse_g1,6.0,8,16:20,17:10,Test Lab,4,1,0,1,153
Friday,cse_aiml,6.0,1,08:30,09:20,Test Lab,4,0,1,1,153
Friday,cse_aiml,6.0,2,09:20,10:10,Test Lab,4,1,1,1,153
Friday,cse_aiml,6.0,3,10:30,11:20,Test Lab,4,1,1,0,153
Friday,cse_aiml,6.0,4,11:20,12:10,Test Lab,4,1,1,1,153
Friday,cse_g1,6.0,5,13:40,14:30,Test Lab,2,1,1,1,153
Friday,cse_g1,6.0,6,14:30,15:20,Test Lab,2,1,1,1,153
Friday,cse_g2,4.0,7,15:30,16:20,Test Lab,2,1,1,1,153
Friday,cse_g2,4.0,8,16:20,17:10,Test Lab,2,1,0,1,153
Monday,,,1,08:30,09:20,Test Lab,0,0,0,0,154
Monday,,,2,09:20,10:10,Test Lab,0,0,1,0,154
Monday,cse_g1,6.0,3,10:30,11:20,Test Lab,2,0,1,1,154
Monday,cse_g1,6.0,4,11:20,12:10,Test Lab,2,1,1,1,154
Monday,cse_g2,2.0,5,13:40,14:30,Test Lab,2,1,1,1,154
Monday,cse_g2,2.0,6,14:30,15:20,Test Lab,2,1,0,1,154
Monday,,,7,15:30,16:20,Test Lab,0,1,0,0,154
Monday,,,8,16:20,17:10,Test Lab,0,0,0,0,154
Tuesday,cse_g1,4.0,1,08:30,09:20,Test Lab,4,0,1,1,154
Tuesday,cse_g1,4.0,2,09:20,10:10,Test Lab,4,1,1,1,154
Tuesday,cse_g1,4.0,3,10:30,11:20,Test Lab,4,1,1,1,154
Tuesday,cse_g1,4.0,4,11:20,12:10,Test Lab,4,1,1,1,154
Tuesday,cse_aiml,6.0,5,13:40,14:30,Test Lab,4,1,1,0,154
Tuesday,cse_aiml,6.0,6,14:30,15:20,Test Lab,4,1,1,1,154
Tuesday,cse_aiml,6.0,7,15:30,16:20,Test Lab,4,1,1,1,154
Tuesday,cse_aiml,6.0,8,16:20,17:10,Test Lab,4,1,0,1,154
Wednesday,,,1,08:30,09:20,Test Lab,0,0,1,0,154
Wednesday,cse_g2,6.0,2,09:20,10:10,Test Lab,2,0,1,1,154
Wednesday,cse_g2,6.0,3,10:30,11:20,Test Lab,2,1,0,0,154
Wednesday,,,4,11:20,12:10,Test Lab,0,1,1,0,154
Wednesday,cse_g1,2.0,5,13:40,14:30,Test Lab,2,0,1,1,154
Wednesday,cse_g1,2.0,6,14:30,15:20,Test Lab,2,1,1,1,154
Wednesday,cse_g1,8.0,7,15:30,16:20,Test Lab,2,1,1,1,154
Wednesday,cse_g1,8.0,8,16:20,17:10,Test Lab,2,1,0,1,154
Thursday,,,1,08:30,09:20,Test Lab,0,0,0,1,154
Thursday,,,2,09:20,10:10,Test Lab,0,0,1,0,154
Thursday,cse_g2,8.0,3,10:30,11:20,Test Lab,2,0,1,1,154
Thursday,cse_g2,8.0,4,11:20,12:10,Test Lab,2,1,1,1,154
Thursday,cse_g1,6.0,5,13:40,14:30,Test Lab,4,1,1,1,154
Thursday,cse_g1,6.0,6,14:30,15:20,Test Lab,4,1,1,0,154
Thursday,cse_g1,6.0,7,15:30,16:20,Test Lab,4,1,1,1,154
Thursday,cse_g1,6.0,8,16:20,17:10,Test Lab,4,1,0,1,154
Friday,cse_aiml,6.0,1,08:30,09:20,Test Lab,4,0,1,1,154
Friday,cse_aiml,6.0,2,09:20,10:10,Test Lab,4,1,1,1,154
Friday,cse_aiml,6.0,3,10:30,11:20,Test Lab,4,1,1,1,154
Friday,cse_aiml,6.0,4,11:20,12:10,Test Lab,4,1,1,1,154
Friday,cse_g1,6.0,5,13:40,14:30,Test Lab,2,1,1,1,154
Friday,cse_g1,6.0,6,14:30,15:20,Test Lab,2,1,1,1,154
Friday,cse_g2,4.0,7,15:30,16:20,Test Lab,2,1,1,0,154
Friday,cse_g2,4.0,8,16:20,17:10,Test Lab,2,1,0,0,154
Monday,,,1,08:30,09:20,Test Lab,0,0,0,0,155
Monday,,,2,09:20,10:10,Test Lab,0,0,1,0,155
Monday,cse_g1,6.0,3,10:30,11:20,Test Lab,2,0,1,1,155
Monday,cse_g1,6.0,4,11:20,12:10,Test Lab,2,1,1,0,155
Monday,cse_g2,2.0,5,13:40,14:30,Test Lab,2,1,1,1,155
Monday,cse_g2,2.0,6,14:30,15:20,Test Lab,2,1,0,1,155
Monday,,,7,15:30,16:20,Test Lab,0,1,0,0,155
Monday,,,8,16:20,17:10,Test Lab,0,0,0,1,155
Tuesday,cse_g1,4.0,1,08:30,09:20,Test Lab,4,0,1,1,155
Tuesday,cse_g1,4.0,2,09:20,10:10,Test Lab,4,1,1,1,155
Tuesday,cse_g1,4.0,3,10:30,11:20,Test Lab,4,1,1,1,155
Tuesday,cse_g1,4.0,4,11:20,12:10,Test Lab,4,1,1,1,155
Tuesday,cse_aiml,6.0,5,13:40,14:30,Test Lab,4,1,1,1,155
Tuesday,cse_aiml,6.0,6,14:30,15:20,Test Lab,4,1,1,1,155
Tuesday,cse_aiml,6.0,7,15:30,16:20,Test Lab,4,1,1,1,155
Tuesday,cse_aiml,6.0,8,16:20,17:10,Test Lab,4,1,0,1,155
Wednesday,,,1,08:30,09:20,Test Lab,0,0,1,0,155
Wednesday,cse_g2,6.0,2,09:20,10:10,Test Lab,2,0,1,1,155
Wednesday,cse_g2,6.0,3,10:30,11:20,Test Lab,2,1,0,1,155
Wednesday,,,4,11:20,12:10,Test Lab,0,1,1,0,155
Wednesday,cse_g1,2.0,5,13:40,14:30,Test Lab,2,0,1,1,155
Wednesday,cse_g1,2.0,6,14:30,15:20,Test Lab,2,1,1,1,155
Wednesday,cse_g1,8.0,7,15:30,16:20,Test Lab,2,1,1,1,155
Wednesday,cse_g1,8.0,8,16:20,17:10,Test Lab,2,1,0,1,155
Thursday,,,1,08:30,09:20,Test Lab,0,0,0,0,155
Thursday,,,2,09:20,10:10,Test Lab,0,0,1,0,155
Thursday,cse_g2,8.0,3,10:30,11:20,Test Lab,2,0,1,1,155
Thursday,cse_g2,8.0,4,11:20,12:10,Test Lab,2,1,1,1,155
Thursday,cse_g1,6.0,5,13:40,14:30,Test Lab,4,1,1,1,155
Thursday,cse_g1,6.0,6,14:30,15:20,Test Lab,4,1,1,1,155
Thursday,cse_g1,6.0,7,15:30,16:20,Test Lab,4,1,1,1,155
Thursday,cse_g1,6.0,8,16:20,17:10,Test Lab,4,1,0,1,155
Friday,cse_aiml,6.0,1,08:30,09:20,Test Lab,4,0,1,0,155
Friday,cse_aiml,6.0,2,09:20,10:10,Test Lab,4,1,1,1,155
Friday,cse_aiml,6.0,3,10:30,11:20,Test Lab,4,1,1,1,155
Friday,cse_aiml,6.0,4,11:20,12:10,Test Lab,4,1,1,1,155
Friday,cse_g1,6.0,5,13:40,14:30,Test Lab,2,1,1,1,155
Friday,cse_g1,6.0,6,14:30,15:20,Test Lab,2,1,1,1,155
Friday,cse_g2,4.0,7,15:30,16:20,Test Lab,2,1,1,1,155
Friday,cse_g2,4.0,8,16:20,17:10,Test Lab,2,1,0,1,155
Monday,,,1,08:30,09:20,Test Lab,0,0,0,1,156
Monday,,,2,09:20,10:10,Test Lab,0,0,1,0,156
Monday,cse_g1,6.0,3,10:30,11:20,Test Lab,2,0,1,1,156
Monday,cse_g1,6.0,4,11:20,12:10,Test Lab,2,1,1,1,156
Monday,cse_g2,2.0,5,13:40,14:30,Test Lab,2,1,1,1,156
Monday,cse_g2,2.0,6,14:30,15:20,Test Lab,2,1,0,1,156
Monday,,,7,15:30,16:20,Test Lab,0,1,0,0,156
Monday,,,8,16:20,17:10,Test Lab,0,0,0,0,156
Tuesday,cse_g1,4.0,1,08:30,09:20,Test Lab,4,0,1,1,156
Tuesday,cse_g1,4.0,2,09:20,10:10,Test Lab,4,1,1,1,156
Tuesday,cse_g1,4.0,3,10:30,11:20,Test Lab,4,1,1,1,156
Tuesday,cse_g1,4.0,4,11:20,12:10,Test Lab,4,1,1,1,156
Tuesday,cse_aiml,6.0,5,13:40,14:30,Test Lab,4,1,1,1,156
Tuesday,cse_aiml,6.0,6,14:30,15:20,Test Lab,4,1,1,1,156
Tuesday,cse_aiml,6.0,7,15:30,16:20,Test Lab,4,1,1,1,156
Tuesday,cse_aiml,6.0,8,16:20,17:10,Test Lab,4,1,0,1,156
Wednesday,,,1,08:30,09:20,Test Lab,0,0,1,0,156
Wednesday,cse_g2,6.0,2,09:20,10:10,Test Lab,2,0,1,1,156
Wednesday,cse_g2,6.0,3,10:30,11:20,Test Lab,2,1,0,0,156
Wednesday,,,4,11:20,12:10,Test Lab,0,1,1,0,156
Wednesday,cse_g1,2.0,5,13:40,14:30,Test Lab,2,0,1,1,156
Wednesday,cse_g1,2.0,6,14:30,15:20,Test Lab,2,1,1,0,156
Wednesday,cse_g1,8.0,7,15:30,16:20,Test Lab,2,1,1,1,156
Wednesday,cse_g1,8.0,8,16:20,17:10,Test Lab,2,1,0,1,156
Thursday,,,1,08:30,09:20,Test Lab,0,0,0,0,156
Thursday,,,2,09:20,10:10,Test Lab,0,0,1,0,156
Thursday,cse_g2,8.0,3,10:30,11:20,Test Lab,2,0,1,1,156
Thursday,cse_g2,8.0,4,11:20,12:10,Test Lab,2,1,1,1,156
Thursday,cse_g1,6.0,5,13:40,14:30,Test Lab,4,1,1,1,156
Thursday,cse_g1,6.0,6,14:30,15:20,Test Lab,4,1,1,1,156
Thursday,cse_g1,6.0,7,15:30,16:20,Test Lab,4,1,1,1,156
Thursday,cse_g1,6.0,8,16:20,17:10,Test Lab,4,1,0,1,156
Friday,cse_aiml,6.0,1,08:30,09:20,Test Lab,4,0,1,1,156
Friday,cse_aiml,6.0,2,09:20,10:10,Test Lab,4,1,1,1,156
Friday,cse_aiml,6.0,3,10:30,11:20,Test Lab,4,1,1,1,156
Friday,cse_aiml,6.0,4,11:20,12:10,Test Lab,4,1,1,1,156
Friday,cse_g1,6.0,5,13:40,14:30,Test Lab,2,1,1,1,156
Friday,cse_g1,6.0,6,14:30,15:20,Test Lab,2,1,1,0,156
Friday,cse_g2,4.0,7,15:30,16:20,Test Lab,2,1,1,1,156
Friday,cse_g2,4.0,8,16:20,17:10,Test Lab,2,1,0,1,156
Monday,,,1,08:30,09:20,Test Lab,0,0,0,0,157
Monday,,,2,09:20,10:10,Test Lab,0,0,1,0,157
Monday,cse_g1,6.0,3,10:30,11:20,Test Lab,2,0,1,1,157
Monday,cse_g1,6.0,4,11:20,12:10,Test Lab,2,1,1,1,157
Monday,cse_g2,2.0,5,13:40,14:30,Test Lab,2,1,1,1,157
Monday,cse_g2,2.0,6,14:30,15:20,Test Lab,2,1,0,1,157
Monday,,,7,15:30,16:20,Test Lab,0,1,0,0,157
Monday,,,8,16:20,17:10,Test Lab,0,0,0,0,157
Tuesday,cse_g1,4.0,1,08:30,09:20,Test Lab,4,0,1,1,157
Tuesday,cse_g1,4.0,2,09:20,10:10,Test Lab,4,1,1,1,157
Tuesday,cse_g1,4.0,3,10:30,11:20,Test Lab,4,1,1,0,157
Tuesday,cse_g1,4.0,4,11:20,12:10,Test Lab,4,1,1,1,157
Tuesday,cse_aiml,6.0,5,13:40,14:30,Test Lab,4,1,1,0,157
Tuesday,cse_aiml,6.0,6,14:30,15:20,Test Lab,4,1,1,1,157
Tuesday,cse_aiml,6.0,7,15:30,16:20,Test Lab,4,1,1,1,157
Tuesday,cse_aiml,6.0,8,16:20,17:10,Test Lab,4,1,0,1,157
Wednesday,,,1,08:30,09:20,Test Lab,0,0,1,0,157
Wednesday,cse_g2,6.0,2,09:20,10:10,Test Lab,2,0,1,1,157
Wednesday,cse_g2,6.0,3,10:30,11:20,Test Lab,2,1,0,1,157
Wednesday,,,4,11:20,12:10,Test Lab,0,1,1,0,157
Wednesday,cse_g1,2.0,5,13:40,14:30,Test Lab,2,0,1,1,157
Wednesday,cse_g1,2.0,6,14:30,15:20,Test Lab,2,1,1,1,157
Wednesday,cse_g1,8.0,7,15:30,16:20,Test Lab,2,1,1,1,157
Wednesday,cse_g1,8.0,8,16:20,17:10,Test Lab,2,1,0,1,157
Thursday,,,1,08:30,09:20,Test Lab,0,0,0,1,157
Thursday,,,2,09:20,10:10,Test Lab,0,0,1,0,157
Thursday,cse_g2,8.0,3,10:30,11:20,Test Lab,2,0,1,1,157
Thursday,cse_g2,8.0,4,11:20,12:10,Test Lab,2,1,1,1,157
Thursday,cse_g1,6.0,5,13:40,14:30,Test Lab,4,1,1,1,157
Thursday,cse_g1,6.0,6,14:30,15:20,Test Lab,4,1,1,1,157
Thursday,cse_g1,6.0,7,15:30,16:20,Test Lab,4,1,1,1,157
Thursday,cse_g1,6.0,8,16:20,17:10,Test Lab,4,1,0,1,157
Friday,cse_aiml,6.0,1,08:30,09:20,Test Lab,4,0,1,1,157
Friday,cse_aiml,6.0,2,09:20,10:10,Test Lab,4,1,1,1,157
Friday,cse_aiml,6.0,3,10:30,11:20,Test Lab,4,1,1,1,157
Friday,cse_aiml,6.0,4,11:20,12:10,Test Lab,4,1,1,1,157
Friday,cse_g1,6.0,5,13:40,14:30,Test Lab,2,1,1,1,157
Friday,cse_g1,6.0,6,14:30,15:20,Test Lab,2,1,1,1,157
Friday,cse_g2,4.0,7,15:30,16:20,Test Lab,2,1,1,1,157
Friday,cse_g2,4.0,8,16:20,17:10,Test Lab,2,1,0,1,157
Monday,,,1,08:30,09:20,Test Lab,0,0,0,0,158
Monday,,,2,09:20,10:10,Test Lab,0,0,1,0,158
Monday,cse_g1,6.0,3,10:30,11:20,Test Lab,2,0,1,1,158
Monday,cse_g1,6.0,4,11:20,12:10,Test Lab,2,1,1,1,158
Monday,cse_g2,2.0,5,13:40,14:30,Test Lab,2,1,1,1,158
Monday,cse_g2,2.0,6,14:30,15:20,Test Lab,2,1,0,1,158
Monday,,,7,15:30,16:20,Test Lab,0,1,0,0,158
Monday,,,8,16:20,17:10,Test Lab,0,0,0,0,158
Tuesday,cse_g1,4.0,1,08:30,09:20,Test Lab,4,0,1,1,158
Tuesday,cse_g1,4.0,2,09:20,10:10,Test Lab,4,1,1,1,158
Tuesday,cse_g1,4.0,3,10:30,11:20,Test Lab,4,1,1,1,158
Tuesday,cse_g1,4.0,4,11:20,12:10,Test Lab,4,1,1,1,158
Tuesday,cse_aiml,6.0,5,13:40,14:30,Test Lab,4,1,1,1,158
Tuesday,cse_aiml,6.0,6,14:30,15:20,Test Lab,4,1,1,1,158
Tuesday,cse_aiml,6.0,7,15:30,16:20,Test Lab,4,1,1,1,158
Tuesday,cse_aiml,6.0,8,16:20,17:10,Test Lab,4,1,0,1,158
Wednesday,,,1,08:30,09:20,Test Lab,0,0,1,0,158
Wednesday,cse_g2,6.0,2,09:20,10:10,Test Lab,2,0,1,1,158
Wednesday,cse_g2,6.0,3,10:30,11:20,Test Lab,2,1,0,1,158
Wednesday,,,4,11:20,12:10,Test Lab,0,1,1,0,158
Wednesday,cse_g1,2.0,5,13:40,14:30,Test Lab,2,0,1,1,158
Wednesday,cse_g1,2.0,6,14:30,15:20,Test Lab,2,1,1,1,158
Wednesday,cse_g1,8.0,7,15:30,16:20,Test Lab,2,1,1,1,158
Wednesday,cse_g1,8.0,8,16:20,17:10,Test Lab,2,1,0,1,158
Thursday,,,1,08:30,09:20,Test Lab,0,0,0,0,158
Thursday,,,2,09:20,10:10,Test Lab,0,0,1,0,158
Thursday,cse_g2,8.0,3,10:30,11:20,Test Lab,2,0,1,1,158
Thursday,cse_g2,8.0,4,11:20,12:10,Test Lab,2,1,1,1,158
Thursday,cse_g1,6.0,5,13:40,14:30,Test Lab,4,1,1,0,158
Thursday,cse_g1,6.0,6,14:30,15:20,Test Lab,4,1,1,1,158
Thursday,cse_g1,6.0,7,15:30,16:20,Test Lab,4,1,1,1,158
Thursday,cse_g1,6.0,8,16:20,17:10,Test Lab,4,1,0,1,158
Friday,cse_aiml,6.0,1,08:30,09:20,Test Lab,4,0,1,1,158
Friday,cse_aiml,6.0,2,09:20,10:10,Test Lab,4,1,1,1,158
Friday,cse_aiml,6.0,3,10:30,11:20,Test Lab,4,1,1,1,158
Friday,cse_aiml,6.0,4,11:20,12:10,Test Lab,4,1,1,0,158
Friday,cse_g1,6.0,5,13:40,14:30,Test Lab,2,1,1,1,158
Friday,cse_g1,6.0,6,14:30,15:20,Test Lab,2,1,1,1,158
Friday,cse_g2,4.0,7,15:30,16:20,Test Lab,2,1,1,1,158
Friday,cse_g2,4.0,8,16:20,17:10,Test Lab,2,1,0,1,158
Monday,,,1,08:30,09:20,Test Lab,0,0,0,0,159
Monday,,,2,09:20,10:10,Test Lab,0,0,1,0,159
Monday,cse_g1,6.0,3,10:30,11:20,Test Lab,2,0,1,1,159
Monday,cse_g1,6.0,4,11:20,12:10,Test Lab,2,1,1,0,159
Monday,cse_g2,2.0,5,13:40,14:30,Test Lab,2,1,1,1,159
Monday,cse_g2,2.0,6,14:30,15:20,Test Lab,2,1,0,1,159
Monday,,,7,15:30,16:20,Test Lab,0,1,0,0,159
Monday,,,8,16:20,17:10,Test Lab,0,0,0,0,159
Tuesday,cse_g1,4.0,1,08:30,09:20,Test Lab,4,0,1,0,159
Tuesday,cse_g1,4.0,2,09:20,10:10,Test Lab,4,1,1,1,159
Tuesday,cse_g1,4.0,3,10:30,11:20,Test Lab,4,1,1,1,159
Tuesday,cse_g1,4.0,4,11:20,12:10,Test Lab,4,1,1,1,159
Tuesday,cse_aiml,6.0,5,13:40,14:30,Test Lab,4,1,1,1,159
Tuesday,cse_aiml,6.0,6,14:30,15:20,Test Lab,4,1,1,1,159
Tuesday,cse_aiml,6.0,7,15:30,16:20,Test Lab,4,1,1,1,159
Tuesday,cse_aiml,6.0,8,16:20,17:10,Test Lab,4,1,0,1,159
Wednesday,,,1,08:30,09:20,Test Lab,0,0,1,0,159
Wednesday,cse_g2,6.0,2,09:20,10:10,Test Lab,2,0,1,1,159
Wednesday,cse_g2,6.0,3,10:30,11:20,Test Lab,2,1,0,1,159
Wednesday,,,4,11:20,12:10,Test Lab,0,1,1,0,159
Wednesday,cse_g1,2.0,5,13:40,14:30,Test Lab,2,0,1,1,159
Wednesday,cse_g1,2.0,6,14:30,15:20,Test Lab,2,1,1,1,159
Wednesday,cse_g1,8.0,7,15:30,16:20,Test Lab,2,1,1,0,159
Wednesday,cse_g1,8.0,8,16:20,17:10,Test Lab,2,1,0,1,159
Thursday,,,1,08:30,09:20,Test Lab,0,0,0,0,159
Thursday,,,2,09:20,10:10,Test Lab,0,0,1,0,159
Thursday,cse_g2,8.0,3,10:30,11:20,Test Lab,2,0,1,1,159
Thursday,cse_g2,8.0,4,11:20,12:10,Test Lab,2,1,1,0,159
Thursday,cse_g1,6.0,5,13:40,14:30,Test Lab,4,1,1,1,159
Thursday,cse_g1,6.0,6,14:30,15:20,Test Lab,4,1,1,0,159
Thursday,cse_g1,6.0,7,15:30,16:20,Test Lab,4,1,1,1,159
Thursday,cse_g1,6.0,8,16:20,17:10,Test Lab,4,1,0,1,159
Friday,cse_aiml,6.0,1,08:30,09:20,Test Lab,4,0,1,1,159
Friday,cse_aiml,6.0,2,09:20,10:10,Test Lab,4,1,1,1,159
Friday,cse_aiml,6.0,3,10:30,11:20,Test Lab,4,1,1,1,159
Friday,cse_aiml,6.0,4,11:20,12:10,Test Lab,4,1,1,1,159
Friday,cse_g1,6.0,5,13:40,14:30,Test Lab,2,1,1,1,159
Friday,cse_g1,6.0,6,14:30,15:20,Test Lab,2,1,1,1,159
Friday,cse_g2,4.0,7,15:30,16:20,Test Lab,2,1,1,1,159
Friday,cse_g2,4.0,8,16:20,17:10,Test Lab,2,1,0,1,159
Monday,,,1,08:30,09:20,Test Lab,0,0,0,0,160
Monday,,,2,09:20,10:10,Test Lab,0,0,1,0,160
Monday,cse_g1,6.0,3,10:30,11:20,Test Lab,2,0,1,0,160
Monday,cse_g1,6.0,4,11:20,12:10,Test Lab,2,1,1,1,160
Monday,cse_g2,2.0,5,13:40,14:30,Test Lab,2,1,1,1,160
Monday,cse_g2,2.0,6,14:30,15:20,Test Lab,2,1,0,1,160
Monday,,,7,15:30,16:20,Test Lab,0,1,0,0,160
Monday,,,8,16:20,17:10,Test Lab,0,0,0,1,160
Tuesday,cse_g1,4.0,1,08:30,09:20,Test Lab,4,0,1,1,160
Tuesday,cse_g1,4.0,2,09:20,10:10,Test Lab,4,1,1,1,160
Tuesday,cse_g1,4.0,3,10:30,11:20,Test Lab,4,1,1,1,160
Tuesday,cse_g1,4.0,4,11:20,12:10,Test Lab,4,1,1,1,160
Tuesday,cse_aiml,6.0,5,13:40,14:30,Test Lab,4,1,1,1,160
Tuesday,cse_aiml,6.0,6,14:30,15:20,Test Lab,4,1,1,1,160
Tuesday,cse_aiml,6.0,7,15:30,16:20,Test Lab,4,1,1,1,160
Tuesday,cse_aiml,6.0,8,16:20,17:10,Test Lab,4,1,0,1,160
Wednesday,,,1,08:30,09:20,Test Lab,0,0,1,0,160
Wednesday,cse_g2,6.0,2,09:20,10:10,Test Lab,2,0,1,1,160
Wednesday,cse_g2,6.0,3,10:30,11:20,Test Lab,2,1,0,1,160
Wednesday,,,4,11:20,12:10,Test Lab,0,1,1,0,160
Wednesday,cse_g1,2.0,5,13:40,14:30,Test Lab,2,0,1,1,160
Wednesday,cse_g1,2.0,6,14:30,15:20,Test Lab,2,1,1,1,160
Wednesday,cse_g1,8.0,7,15:30,16:20,Test Lab,2,1,1,1,160
Wednesday,cse_g1,8.0,8,16:20,17:10,Test Lab,2,1,0,1,160
Thursday,,,1,08:30,09:20,Test Lab,0,0,0,0,160
Thursday,,,2,09:20,10:10,Test Lab,0,0,1,0,160
Thursday,cse_g2,8.0,3,10:30,11:20,Test Lab,2,0,1,1,160
Thursday,cse_g2,8.0,4,11:20,12:10,Test Lab,2,1,1,1,160
Thursday,cse_g1,6.0,5,13:40,14:30,Test Lab,4,1,1,1,160
Thursday,cse_g1,6.0,6,14:30,15:20,Test Lab,4,1,1,1,160
Thursday,cse_g1,6.0,7,15:30,16:20,Test Lab,4,1,1,1,160
Thursday,cse_g1,6.0,8,16:20,17:10,Test Lab,4,1,0,1,160
Friday,cse_aiml,6.0,1,08:30,09:20,Test Lab,4,0,1,0,160
Friday,cse_aiml,6.0,2,09:20,10:10,Test Lab,4,1,1,1,160
Friday,cse_aiml,6.0,3,10:30,11:20,Test Lab,4,1,1,1,160
Friday,cse_aiml,6.0,4,11:20,12:10,Test Lab,4,1,1,1,160
Friday,cse_g1,6.0,5,13:40,14:30,Test Lab,2,1,1,1,160
Friday,cse_g1,6.0,6,14:30,15:20,Test Lab,2,1,1,1,160
Friday,cse_g2,4.0,7,15:30,16:20,Test Lab,2,1,1,1,160
Friday,cse_g2,4.0,8,16:20,17:10,Test Lab,2,1,0,0,160
Monday,,,1,08:30,09:20,Test Lab,0,0,0,0,161
Monday,,,2,09:20,10:10,Test Lab,0,0,1,0,161
Monday,cse_g1,6.0,3,10:30,11:20,Test Lab,2,0,1,1,161
Monday,cse_g1,6.0,4,11:20,12:10,Test Lab,2,1,1,1,161
Monday,cse_g2,2.0,5,13:40,14:30,Test Lab,2,1,1,1,161
Monday,cse_g2,2.0,6,14:30,15:20,Test Lab,2,1,0,1,161
Monday,,,7,15:30,16:20,Test Lab,0,1,0,0,161
Monday,,,8,16:20,17:10,Test Lab,0,0,0,0,161
Tuesday,cse_g1,4.0,1,08:30,09:20,Test Lab,4,0,1,0,161
Tuesday,cse_g1,4.0,2,09:20,10:10,Test Lab,4,1,1,1,161
Tuesday,cse_g1,4.0,3,10:30,11:20,Test Lab,4,1,1,1,161
Tuesday,cse_g1,4.0,4,11:20,12:10,Test Lab,4,1,1,1,161
Tuesday,cse_aiml,6.0,5,13:40,14:30,Test Lab,4,1,1,1,161
Tuesday,cse_aiml,6.0,6,14:30,15:20,Test Lab,4,1,1,1,161
Tuesday,cse_aiml,6.0,7,15:30,16:20,Test Lab,4,1,1,1,161
Tuesday,cse_aiml,6.0,8,16:20,17:10,Test Lab,4,1,0,1,161
Wednesday,,,1,08:30,09:20,Test Lab,0,0,1,0,161
Wednesday,cse_g2,6.0,2,09:20,10:10,Test Lab,2,0,1,1,161
Wednesday,cse_g2,6.0,3,10:30,11:20,Test Lab,2,1,0,0,161
Wednesday,,,4,11:20,12:10,Test Lab,0,1,1,0,161
Wednesday,cse_g1,2.0,5,13:40,14:30,Test Lab,2,0,1,1,161
Wednesday,cse_g1,2.0,6,14:30,15:20,Test Lab,2,1,1,1,161
Wednesday,cse_g1,8.0,7,15:30,16:20,Test Lab,2,1,1,1,161
Wednesday,cse_g1,8.0,8,16:20,17:10,Test Lab,2,1,0,1,161
Thursday,,,1,08:30,09:20,Test Lab,0,0,0,1,161
Thursday,,,2,09:20,10:10,Test Lab,0,0,1,0,161
Thursday,cse_g2,8.0,3,10:30,11:20,Test Lab,2,0,1,1,161
Thursday,cse_g2,8.0,4,11:20,12:10,Test Lab,2,1,1,1,161
Thursday,cse_g1,6.0,5,13:40,14:30,Test Lab,4,1,1,1,161
Thursday,cse_g1,6.0,6,14:30,15:20,Test Lab,4,1,1,1,161
Thursday,cse_g1,6.0,7,15:30,16:20,Test Lab,4,1,1,1,161
Thursday,cse_g1,6.0,8,16:20,17:10,Test Lab,4,1,0,1,161
Friday,cse_aiml,6.0,1,08:30,09:20,Test Lab,4,0,1,1,161
Friday,cse_aiml,6.0,2,09:20,10:10,Test Lab,4,1,1,1,161
Friday,cse_aiml,6.0,3,10:30,11:20,Test Lab,4,1,1,1,161
Friday,cse_aiml,6.0,4,11:20,12:10,Test Lab,4,1,1,1,161
Friday,cse_g1,6.0,5,13:40,14:30,Test Lab,2,1,1,0,161
Friday,cse_g1,6.0,6,14:30,15:20,Test Lab,2,1,1,0,161
Friday,cse_g2,4.0,7,15:30,16:20,Test Lab,2,1,1,1,161
Friday,cse_g2,4.0,8,16:20,17:10,Test Lab,2,1,0,1,161
Monday,,,1,08:30,09:20,Test Lab,0,0,0,0,162
Monday,,,2,09:20,10:10,Test Lab,0,0,1,0,162
Monday,cse_g1,6.0,3,10:30,11:20,Test Lab,2,0,1,1,162
Monday,cse_g1,6.0,4,11:20,12:10,Test Lab,2,1,1,1,162
Monday,cse_g2,2.0,5,13:40,14:30,Test Lab,2,1,1,1,162
Monday,cse_g2,2.0,6,14:30,15:20,Test Lab,2,1,0,1,162
Monday,,,7,15:30,16:20,Test Lab,0,1,0,0,162
Monday,,,8,16:20,17:10,Test Lab,0,0,0,0,162
Tuesday,cse_g1,4.0,1,08:30,09:20,Test Lab,4,0,1,1,162
Tuesday,cse_g1,4.0,2,09:20,10:10,Test Lab,4,1,1,1,162
Tuesday,cse_g1,4.0,3,10:30,11:20,Test Lab,4,1,1,1,162
Tuesday,cse_g1,4.0,4,11:20,12:10,Test Lab,4,1,1,1,162
Tuesday,cse_aiml,6.0,5,13:40,14:30,Test Lab,4,1,1,1,162
Tuesday,cse_aiml,6.0,6,14:30,15:20,Test Lab,4,1,1,1,162
Tuesday,cse_aiml,6.0,7,15:30,16:20,Test Lab,4,1,1,1,162
Tuesday,cse_aiml,6.0,8,16:20,17:10,Test Lab,4,1,0,1,162
Wednesday,,,1,08:30,09:20,Test Lab,0,0,1,0,162
Wednesday,cse_g2,6.0,2,09:20,10:10,Test Lab,2,0,1,1,162
Wednesday,cse_g2,6.0,3,10:30,11:20,Test Lab,2,1,0,0,162
Wednesday,,,4,11:20,12:10,Test Lab,0,1,1,0,162
Wednesday,cse_g1,2.0,5,13:40,14:30,Test Lab,2,0,1,1,162
Wednesday,cse_g1,2.0,6,14:30,15:20,Test Lab,2,1,1,1,162
Wednesday,cse_g1,8.0,7,15:30,16:20,Test Lab,2,1,1,1,162
Wednesday,cse_g1,8.0,8,16:20,17:10,Test Lab,2,1,0,0,162
Thursday,,,1,08:30,09:20,Test Lab,0,0,0,0,162
Thursday,,,2,09:20,10:10,Test Lab,0,0,1,0,162
Thursday,cse_g2,8.0,3,10:30,11:20,Test Lab,2,0,1,1,162
Thursday,cse_g2,8.0,4,11:20,12:10,Test Lab,2,1,1,1,162
Thursday,cse_g1,6.0,5,13:40,14:30,Test Lab,4,1,1,1,162
Thursday,cse_g1,6.0,6,14:30,15:20,Test Lab,4,1,1,1,162
Thursday,cse_g1,6.0,7,15:30,16:20,Test Lab,4,1,1,1,162
Thursday,cse_g1,6.0,8,16:20,17:10,Test Lab,4,1,0,1,162
Friday,cse_aiml,6.0,1,08:30,09:20,Test Lab,4,0,1,1,162
Friday,cse_aiml,6.0,2,09:20,10:10,Test Lab,4,1,1,1,162
Friday,cse_aiml,6.0,3,10:30,11:20,Test Lab,4,1,1,1,162
Friday,cse_aiml,6.0,4,11:20,12:10,Test Lab,4,1,1,1,162
Friday,cse_g1,6.0,5,13:40,14:30,Test Lab,2,1,1,1,162
Friday,cse_g1,6.0,6,14:30,15:20,Test Lab,2,1,1,1,162
Friday,cse_g2,4.0,7,15:30,16:20,Test Lab,2,1,1,1,162
Friday,cse_g2,4.0,8,16:20,17:10,Test Lab,2,1,0,1,162
Monday,,,1,08:30,09:20,Test Lab,0,0,0,0,163
Monday,,,2,09:20,10:10,Test Lab,0,0,1,0,163
Monday,cse_g1,6.0,3,10:30,11:20,Test Lab,2,0,1,1,163
Monday,cse_g1,6.0,4,11:20,12:10,Test Lab,2,1,1,1,163
Monday,cse_g2,2.0,5,13:40,14:30,Test Lab,2,1,1,1,163
Monday,cse_g2,2.0,6,14:30,15:20,Test Lab,2,1,0,1,163
Monday,,,7,15:30,16:20,Test Lab,0,1,0,0,163
Monday,,,8,16:20,17:10,Test Lab,0,0,0,0,163
Tuesday,cse_g1,4.0,1,08:30,09:20,Test Lab,4,0,1,1,163
Tuesday,cse_g1,4.0,2,09:20,10:10,Test Lab,4,1,1,1,163
Tuesday,cse_g1,4.0,3,10:30,11:20,Test Lab,4,1,1,1,163
Tuesday,cse_g1,4.0,4,11:20,12:10,Test Lab,4,1,1,1,163
Tuesday,cse_aiml,6.0,5,13:40,14:30,Test Lab,4,1,1,1,163
Tuesday,cse_aiml,6.0,6,14:30,15:20,Test Lab,4,1,1,1,163
Tuesday,cse_aiml,6.0,7,15:30,16:20,Test Lab,4,1,1,1,163
Tuesday,cse_aiml,6.0,8,16:20,17:10,Test Lab,4,1,0,1,163
Wednesday,,,1,08:30,09:20,Test Lab,0,0,1,0,163
Wednesday,cse_g2,6.0,2,09:20,10:10,Test Lab,2,0,1,1,163
Wednesday,cse_g2,6.0,3,10:30,11:20,Test Lab,2,1,0,1,163
Wednesday,,,4,11:20,12:10,Test Lab,0,1,1,0,163
Wednesday,cse_g1,2.0,5,13:40,14:30,Test Lab,2,0,1,1,163
Wednesday,cse_g1,2.0,6,14:30,15:20,Test Lab,2,1,1,1,163
Wednesday,cse_g1,8.0,7,15:30,16:20,Test Lab,2,1,1,1,163
Wednesday,cse_g1,8.0,8,16:20,17:10,Test Lab,2,1,0,1,163
Thursday,,,1,08:30,09:20,Test Lab,0,0,0,0,163
Thursday,,,2,09:20,10:10,Test Lab,0,0,1,0,163
Thursday,cse_g2,8.0,3,10:30,11:20,Test Lab,2,0,1,1,163
Thursday,cse_g2,8.0,4,11:20,12:10,Test Lab,2,1,1,1,163
Thursday,cse_g1,6.0,5,13:40,14:30,Test Lab,4,1,1,1,163
Thursday,cse_g1,6.0,6,14:30,15:20,Test Lab,4,1,1,0,163
Thursday,cse_g1,6.0,7,15:30,16:20,Test Lab,4,1,1,1,163
Thursday,cse_g1,6.0,8,16:20,17:10,Test Lab,4,1,0,1,163
Friday,cse_aiml,6.0,1,08:30,09:20,Test Lab,4,0,1,1,163
Friday,cse_aiml,6.0,2,09:20,10:10,Test Lab,4,1,1,1,163
Friday,cse_aiml,6.0,3,10:30,11:20,Test Lab,4,1,1,1,163
Friday,cse_aiml,6.0,4,11:20,12:10,Test Lab,4,1,1,1,163
Friday,cse_g1,6.0,5,13:40,14:30,Test Lab,2,1,1,1,163
Friday,cse_g1,6.0,6,14:30,15:20,Test Lab,2,1,1,1,163
Friday,cse_g2,4.0,7,15:30,16:20,Test Lab,2,1,1,1,163
Friday,cse_g2,4.0,8,16:20,17:10,Test Lab,2,1,0,1,163
Monday,,,1,08:30,09:20,Test Lab,0,0,0,0,164
Monday,,,2,09:20,10:10,Test Lab,0,0,1,0,164
Monday,cse_g1,6.0,3,10:30,11:20,Test Lab,2,0,1,1,164
Monday,cse_g1,6.0,4,11:20,12:10,Test Lab,2,1,1,1,164
Monday,cse_g2,2.0,5,13:40,14:30,Test Lab,2,1,1,1,164
Monday,cse_g2,2.0,6,14:30,15:20,Test Lab,2,1,0,0,164
Monday,,,7,15:30,16:20,Test Lab,0,1,0,0,164
Monday,,,8,16:20,17:10,Test Lab,0,0,0,0,164
Tuesday,cse_g1,4.0,1,08:30,09:20,Test Lab,4,0,1,1,164
Tuesday,cse_g1,4.0,2,09:20,10:10,Test Lab,4,1,1,0,164
Tuesday,cse_g1,4.0,3,10:30,11:20,Test Lab,4,1,1,1,164
Tuesday,cse_g1,4.0,4,11:20,12:10,Test Lab,4,1,1,1,164
Tuesday,cse_aiml,6.0,5,13:40,14:30,Test Lab,4,1,1,1,164
Tuesday,cse_aiml,6.0,6,14:30,15:20,Test Lab,4,1,1,1,164
Tuesday,cse_aiml,6.0,7,15:30,16:20,Test Lab,4,1,1,1,164
Tuesday,cse_aiml,6.0,8,16:20,17:10,Test Lab,4,1,0,1,164
Wednesday,,,1,08:30,09:20,Test Lab,0,0,1,0,164
Wednesday,cse_g2,6.0,2,09:20,10:10,Test Lab,2,0,1,1,164
Wednesday,cse_g2,6.0,3,10:30,11:20,Test Lab,2,1,0,1,164
Wednesday,,,4,11:20,12:10,Test Lab,0,1,1,0,164
Wednesday,cse_g1,2.0,5,13:40,14:30,Test Lab,2,0,1,1,164
Wednesday,cse_g1,2.0,6,14:30,15:20,Test Lab,2,1,1,0,164
Wednesday,cse_g1,8.0,7,15:30,16:20,Test Lab,2,1,1,1,164
Wednesday,cse_g1,8.0,8,16:20,17:10,Test Lab,2,1,0,1,164
Thursday,,,1,08:30,09:20,Test Lab,0,0,0,1,164
Thursday,,,2,09:20,10:10,Test Lab,0,0,1,1,164
Thursday,cse_g2,8.0,3,10:30,11:20,Test Lab,2,0,1,1,164
Thursday,cse_g2,8.0,4,11:20,12:10,Test Lab,2,1,1,1,164
Thursday,cse_g1,6.0,5,13:40,14:30,Test Lab,4,1,1,1,164
Thursday,cse_g1,6.0,6,14:30,15:20,Test Lab,4,1,1,1,164
Thursday,cse_g1,6.0,7,15:30,16:20,Test Lab,4,1,1,1,164
Thursday,cse_g1,6.0,8,16:20,17:10,Test Lab,4,1,0,1,164
Friday,cse_aiml,6.0,1,08:30,09:20,Test Lab,4,0,1,1,164
Friday,cse_aiml,6.0,2,09:20,10:10,Test Lab,4,1,1,1,164
Friday,cse_aiml,6.0,3,10:30,11:20,Test Lab,4,1,1,1,164
Friday,cse_aiml,6.0,4,11:20,12:10,Test Lab,4,1,1,0,164
Friday,cse_g1,6.0,5,13:40,14:30,Test Lab,2,1,1,1,164
Friday,cse_g1,6.0,6,14:30,15:20,Test Lab,2,1,1,1,164
Friday,cse_g2,4.0,7,15:30,16:20,Test Lab,2,1,1,1,164
Friday,cse_g2,4.0,8,16:20,17:10,Test Lab,2,1,0,1,164
Monday,,,1,08:30,09:20,Test Lab,0,0,0,1,165
Monday,,,2,09:20,10:10,Test Lab,0,0,1,0,165
Monday,cse_g1,6.0,3,10:30,11:20,Test Lab,2,0,1,1,165
Monday,cse_g1,6.0,4,11:20,12:10,Test Lab,2,1,1,1,165
Monday,cse_g2,2.0,5,13:40,14:30,Test Lab,2,1,1,1,165
Monday,cse_g2,2.0,6,14:30,15:20,Test Lab,2,1,0,1,165
Monday,,,7,15:30,16:20,Test Lab,0,1,0,0,165
Monday,,,8,16:20,17:10,Test Lab,0,0,0,0,165
Tuesday,cse_g1,4.0,1,08:30,09:20,Test Lab,4,0,1,1,165
Tuesday,cse_g1,4.0,2,09:20,10:10,Test Lab,4,1,1,1,165
Tuesday,cse_g1,4.0,3,10:30,11:20,Test Lab,4,1,1,1,165
Tuesday,cse_g1,4.0,4,11:20,12:10,Test Lab,4,1,1,1,165
Tuesday,cse_aiml,6.0,5,13:40,14:30,Test Lab,4,1,1,1,165
Tuesday,cse_aiml,6.0,6,14:30,15:20,Test Lab,4,1,1,1,165
Tuesday,cse_aiml,6.0,7,15:30,16:20,Test Lab,4,1,1,1,165
Tuesday,cse_aiml,6.0,8,16:20,17:10,Test Lab,4,1,0,1,165
Wednesday,,,1,08:30,09:20,Test Lab,0,0,1,0,165
Wednesday,cse_g2,6.0,2,09:20,10:10,Test Lab,2,0,1,1,165
Wednesday,cse_g2,6.0,3,10:30,11:20,Test Lab,2,1,0,1,165
Wednesday,,,4,11:20,12:10,Test Lab,0,1,1,0,165
Wednesday,cse_g1,2.0,5,13:40,14:30,Test Lab,2,0,1,1,165
Wednesday,cse_g1,2.0,6,14:30,15:20,Test Lab,2,1,1,1,165
Wednesday,cse_g1,8.0,7,15:30,16:20,Test Lab,2,1,1,1,165
Wednesday,cse_g1,8.0,8,16:20,17:10,Test Lab,2,1,0,1,165
Thursday,,,1,08:30,09:20,Test Lab,0,0,0,0,165
Thursday,,,2,09:20,10:10,Test Lab,0,0,1,0,165
Thursday,cse_g2,8.0,3,10:30,11:20,Test Lab,2,0,1,1,165
Thursday,cse_g2,8.0,4,11:20,12:10,Test Lab,2,1,1,1,165
Thursday,cse_g1,6.0,5,13:40,14:30,Test Lab,4,1,1,1,165
Thursday,cse_g1,6.0,6,14:30,15:20,Test Lab,4,1,1,1,165
Thursday,cse_g1,6.0,7,15:30,16:20,Test Lab,4,1,1,1,165
Thursday,cse_g1,6.0,8,16:20,17:10,Test Lab,4,1,0,1,165
Friday,cse_aiml,6.0,1,08:30,09:20,Test Lab,4,0,1,0,165
Friday,cse_aiml,6.0,2,09:20,10:10,Test Lab,4,1,1,1,165
Friday,cse_aiml,6.0,3,10:30,11:20,Test Lab,4,1,1,1,165
Friday,cse_aiml,6.0,4,11:20,12:10,Test Lab,4,1,1,1,165
Friday,cse_g1,6.0,5,13:40,14:30,Test Lab,2,1,1,1,165
Friday,cse_g1,6.0,6,14:30,15:20,Test Lab,2,1,1,1,165
Friday,cse_g2,4.0,7,15:30,16:20,Test Lab,2,1,1,1,165
Friday,cse_g2,4.0,8,16:20,17:10,Test Lab,2,1,0,1,165
Monday,,,1,08:30,09:20,Test Lab,0,0,0,1,166
Monday,,,2,09:20,10:10,Test Lab,0,0,1,0,166
Monday,cse_g1,6.0,3,10:30,11:20,Test Lab,2,0,1,0,166
Monday,cse_g1,6.0,4,11:20,12:10,Test Lab,2,1,1,1,166
Monday,cse_g2,2.0,5,13:40,14:30,Test Lab,2,1,1,1,166
Monday,cse_g2,2.0,6,14:30,15:20,Test Lab,2,1,0,1,166
Monday,,,7,15:30,16:20,Test Lab,0,1,0,0,166
Monday,,,8,16:20,17:10,Test Lab,0,0,0,0,166
Tuesday,cse_g1,4.0,1,08:30,09:20,Test Lab,4,0,1,1,166
Tuesday,cse_g1,4.0,2,09:20,10:10,Test Lab,4,1,1,1,166
Tuesday,cse_g1,4.0,3,10:30,11:20,Test Lab,4,1,1,1,166
Tuesday,cse_g1,4.0,4,11:20,12:10,Test Lab,4,1,1,1,166
Tuesday,cse_aiml,6.0,5,13:40,14:30,Test Lab,4,1,1,1,166
Tuesday,cse_aiml,6.0,6,14:30,15:20,Test Lab,4,1,1,1,166
Tuesday,cse_aiml,6.0,7,15:30,16:20,Test Lab,4,1,1,1,166
Tuesday,cse_aiml,6.0,8,16:20,17:10,Test Lab,4,1,0,1,166
Wednesday,,,1,08:30,09:20,Test Lab,0,0,1,0,166
Wednesday,cse_g2,6.0,2,09:20,10:10,Test Lab,2,0,1,1,166
Wednesday,cse_g2,6.0,3,10:30,11:20,Test Lab,2,1,0,1,166
Wednesday,,,4,11:20,12:10,Test Lab,0,1,1,0,166
Wednesday,cse_g1,2.0,5,13:40,14:30,Test Lab,2,0,1,1,166
Wednesday,cse_g1,2.0,6,14:30,15:20,Test Lab,2,1,1,1,166
Wednesday,cse_g1,8.0,7,15:30,16:20,Test Lab,2,1,1,1,166
Wednesday,cse_g1,8.0,8,16:20,17:10,Test Lab,2,1,0,1,166
Thursday,,,1,08:30,09:20,Test Lab,0,0,0,0,166
Thursday,,,2,09:20,10:10,Test Lab,0,0,1,0,166
Thursday,cse_g2,8.0,3,10:30,11:20,Test Lab,2,0,1,1,166
Thursday,cse_g2,8.0,4,11:20,12:10,Test Lab,2,1,1,1,166
Thursday,cse_g1,6.0,5,13:40,14:30,Test Lab,4,1,1,1,166
Thursday,cse_g1,6.0,6,14:30,15:20,Test Lab,4,1,1,1,166
Thursday,cse_g1,6.0,7,15:30,16:20,Test Lab,4,1,1,1,166
Thursday,cse_g1,6.0,8,16:20,17:10,Test Lab,4,1,0,1,166
Friday,cse_aiml,6.0,1,08:30,09:20,Test Lab,4,0,1,1,166
Friday,cse_aiml,6.0,2,09:20,10:10,Test Lab,4,1,1,1,166
Friday,cse_aiml,6.0,3,10:30,11:20,Test Lab,4,1,1,1,166
Friday,cse_aiml,6.0,4,11:20,12:10,Test Lab,4,1,1,1,166
Friday,cse_g1,6.0,5,13:40,14:30,Test Lab,2,1,1,1,166
Friday,cse_g1,6.0,6,14:30,15:20,Test Lab,2,1,1,1,166
Friday,cse_g2,4.0,7,15:30,16:20,Test Lab,2,1,1,1,166
Friday,cse_g2,4.0,8,16:20,17:10,Test Lab,2,1,0,1,166
Monday,,,1,08:30,09:20,Test Lab,0,0,0,0,167
Monday,,,2,09:20,10:10,Test Lab,0,0,1,0,167
Monday,cse_g1,6.0,3,10:30,11:20,Test Lab,2,0,1,1,167
Monday,cse_g1,6.0,4,11:20,12:10,Test Lab,2,1,1,1,167
Monday,cse_g2,2.0,5,13:40,14:30,Test Lab,2,1,1,1,167
Monday,cse_g2,2.0,6,14:30,15:20,Test Lab,2,1,0,1,167
Monday,,,7,15:30,16:20,Test Lab,0,1,0,0,167
Monday,,,8,16:20,17:10,Test Lab,0,0,0,0,167
Tuesday,cse_g1,4.0,1,08:30,09:20,Test Lab,4,0,1,1,167
Tuesday,cse_g1,4.0,2,09:20,10:10,Test Lab,4,1,1,1,167
Tuesday,cse_g1,4.0,3,10:30,11:20,Test Lab,4,1,1,1,167
Tuesday,cse_g1,4.0,4,11:20,12:10,Test Lab,4,1,1,1,167
Tuesday,cse_aiml,6.0,5,13:40,14:30,Test Lab,4,1,1,1,167
Tuesday,cse_aiml,6.0,6,14:30,15:20,Test Lab,4,1,1,1,167
Tuesday,cse_aiml,6.0,7,15:30,16:20,Test Lab,4,1,1,1,167
Tuesday,cse_aiml,6.0,8,16:20,17:10,Test Lab,4,1,0,1,167
Wednesday,,,1,08:30,09:20,Test Lab,0,0,1,1,167
Wednesday,cse_g2,6.0,2,09:20,10:10,Test Lab,2,0,1,1,167
Wednesday,cse_g2,6.0,3,10:30,11:20,Test Lab,2,1,0,1,167
Wednesday,,,4,11:20,12:10,Test Lab,0,1,1,0,167
Wednesday,cse_g1,2.0,5,13:40,14:30,Test Lab,2,0,1,1,167
Wednesday,cse_g1,2.0,6,14:30,15:20,Test Lab,2,1,1,1,167
Wednesday,cse_g1,8.0,7,15:30,16:20,Test Lab,2,1,1,1,167
Wednesday,cse_g1,8.0,8,16:20,17:10,Test Lab,2,1,0,0,167
Thursday,,,1,08:30,09:20,Test Lab,0,0,0,0,167
Thursday,,,2,09:20,10:10,Test Lab,0,0,1,0,167
Thursday,cse_g2,8.0,3,10:30,11:20,Test Lab,2,0,1,1,167
Thursday,cse_g2,8.0,4,11:20,12:10,Test Lab,2,1,1,1,167
Thursday,cse_g1,6.0,5,13:40,14:30,Test Lab,4,1,1,1,167
Thursday,cse_g1,6.0,6,14:30,15:20,Test Lab,4,1,1,1,167
Thursday,cse_g1,6.0,7,15:30,16:20,Test Lab,4,1,1,1,167
Thursday,cse_g1,6.0,8,16:20,17:10,Test Lab,4,1,0,1,167
Friday,cse_aiml,6.0,1,08:30,09:20,Test Lab,4,0,1,0,167
Friday,cse_aiml,6.0,2,09:20,10:10,Test Lab,4,1,1,1,167
Friday,cse_aiml,6.0,3,10:30,11:20,Test Lab,4,1,1,1,167
Friday,cse_aiml,6.0,4,11:20,12:10,Test Lab,4,1,1,1,167
Friday,cse_g1,6.0,5,13:40,14:30,Test Lab,2,1,1,1,167
Friday,cse_g1,6.0,6,14:30,15:20,Test Lab,2,1,1,1,167
Friday,cse_g2,4.0,7,15:30,16:20,Test Lab,2,1,1,1,167
Friday,cse_g2,4.0,8,16:20,17:10,Test Lab,2,1,0,1,167
Monday,,,1,08:30,09:20,Test Lab,0,0,0,0,168
Monday,,,2,09:20,10:10,Test Lab,0,0,1,0,168
Monday,cse_g1,6.0,3,10:30,11:20,Test Lab,2,0,1,0,168
Monday,cse_g1,6.0,4,11:20,12:10,Test Lab,2,1,1,1,168
Monday,cse_g2,2.0,5,13:40,14:30,Test Lab,2,1,1,1,168
Monday,cse_g2,2.0,6,14:30,15:20,Test Lab,2,1,0,1,168
Monday,,,7,15:30,16:20,Test Lab,0,1,0,0,168
Monday,,,8,16:20,17:10,Test Lab,0,0,0,0,168
Tuesday,cse_g1,4.0,1,08:30,09:20,Test Lab,4,0,1,0,168
Tuesday,cse_g1,4.0,2,09:20,10:10,Test Lab,4,1,1,1,168
Tuesday,cse_g1,4.0,3,10:30,11:20,Test Lab,4,1,1,0,168
Tuesday,cse_g1,4.0,4,11:20,12:10,Test Lab,4,1,1,0,168
Tuesday,cse_aiml,6.0,5,13:40,14:30,Test Lab,4,1,1,1,168
Tuesday,cse_aiml,6.0,6,14:30,15:20,Test Lab,4,1,1,0,168
Tuesday,cse_aiml,6.0,7,15:30,16:20,Test Lab,4,1,1,1,168
Tuesday,cse_aiml,6.0,8,16:20,17:10,Test Lab,4,1,0,1,168
Wednesday,,,1,08:30,09:20,Test Lab,0,0,1,0,168
Wednesday,cse_g2,6.0,2,09:20,10:10,Test Lab,2,0,1,1,168
Wednesday,cse_g2,6.0,3,10:30,11:20,Test Lab,2,1,0,1,168
Wednesday,,,4,11:20,12:10,Test Lab,0,1,1,0,168
Wednesday,cse_g1,2.0,5,13:40,14:30,Test Lab,2,0,1,1,168
Wednesday,cse_g1,2.0,6,14:30,15:20,Test Lab,2,1,1,1,168
Wednesday,cse_g1,8.0,7,15:30,16:20,Test Lab,2,1,1,1,168
Wednesday,cse_g1,8.0,8,16:20,17:10,Test Lab,2,1,0,1,168
Thursday,,,1,08:30,09:20,Test Lab,0,0,0,0,168
Thursday,,,2,09:20,10:10,Test Lab,0,0,1,0,168
Thursday,cse_g2,8.0,3,10:30,11:20,Test Lab,2,0,1,1,168
Thursday,cse_g2,8.0,4,11:20,12:10,Test Lab,2,1,1,1,168
Thursday,cse_g1,6.0,5,13:40,14:30,Test Lab,4,1,1,1,168
Thursday,cse_g1,6.0,6,14:30,15:20,Test Lab,4,1,1,1,168
Thursday,cse_g1,6.0,7,15:30,16:20,Test Lab,4,1,1,1,168
Thursday,cse_g1,6.0,8,16:20,17:10,Test Lab,4,1,0,1,168
Friday,cse_aiml,6.0,1,08:30,09:20,Test Lab,4,0,1,1,168
Friday,cse_aiml,6.0,2,09:20,10:10,Test Lab,4,1,1,1,168
Friday,cse_aiml,6.0,3,10:30,11:20,Test Lab,4,1,1,0,168
Friday,cse_aiml,6.0,4,11:20,12:10,Test Lab,4,1,1,1,168
Friday,cse_g1,6.0,5,13:40,14:30,Test Lab,2,1,1,1,168
Friday,cse_g1,6.0,6,14:30,15:20,Test Lab,2,1,1,1,168
Friday,cse_g2,4.0,7,15:30,16:20,Test Lab,2,1,1,1,168
Friday,cse_g2,4.0,8,16:20,17:10,Test Lab,2,1,0,1,168
Monday,,,1,08:30,09:20,Test Lab,0,0,0,0,169
Monday,,,2,09:20,10:10,Test Lab,0,0,1,0,169
Monday,cse_g1,6.0,3,10:30,11:20,Test Lab,2,0,1,1,169
Monday,cse_g1,6.0,4,11:20,12:10,Test Lab,2,1,1,1,169
Monday,cse_g2,2.0,5,13:40,14:30,Test Lab,2,1,1,1,169
Monday,cse_g2,2.0,6,14:30,15:20,Test Lab,2,1,0,1,169
Monday,,,7,15:30,16:20,Test Lab,0,1,0,0,169
Monday,,,8,16:20,17:10,Test Lab,0,0,0,0,169
Tuesday,cse_g1,4.0,1,08:30,09:20,Test Lab,4,0,1,1,169
Tuesday,cse_g1,4.0,2,09:20,10:10,Test Lab,4,1,1,1,169
Tuesday,cse_g1,4.0,3,10:30,11:20,Test Lab,4,1,1,1,169
Tuesday,cse_g1,4.0,4,11:20,12:10,Test Lab,4,1,1,1,169
Tuesday,cse_aiml,6.0,5,13:40,14:30,Test Lab,4,1,1,1,169
Tuesday,cse_aiml,6.0,6,14:30,15:20,Test Lab,4,1,1,1,169
Tuesday,cse_aiml,6.0,7,15:30,16:20,Test Lab,4,1,1,1,169
Tuesday,cse_aiml,6.0,8,16:20,17:10,Test Lab,4,1,0,1,169
Wednesday,,,1,08:30,09:20,Test Lab,0,0,1,0,169
Wednesday,cse_g2,6.0,2,09:20,10:10,Test Lab,2,0,1,1,169
Wednesday,cse_g2,6.0,3,10:30,11:20,Test Lab,2,1,0,0,169
Wednesday,,,4,11:20,12:10,Test Lab,0,1,1,0,169
Wednesday,cse_g1,2.0,5,13:40,14:30,Test Lab,2,0,1,1,169
Wednesday,cse_g1,2.0,6,14:30,15:20,Test Lab,2,1,1,1,169
Wednesday,cse_g1,8.0,7,15:30,16:20,Test Lab,2,1,1,1,169
Wednesday,cse_g1,8.0,8,16:20,17:10,Test Lab,2,1,0,0,169
Thursday,,,1,08:30,09:20,Test Lab,0,0,0,0,169
Thursday,,,2,09:20,10:10,Test Lab,0,0,1,0,169
Thursday,cse_g2,8.0,3,10:30,11:20,Test Lab,2,0,1,0,169
Thursday,cse_g2,8.0,4,11:20,12:10,Test Lab,2,1,1,1,169
Thursday,cse_g1,6.0,5,13:40,14:30,Test Lab,4,1,1,1,169
Thursday,cse_g1,6.0,6,14:30,15:20,Test Lab,4,1,1,1,169
Thursday,cse_g1,6.0,7,15:30,16:20,Test Lab,4,1,1,1,169
Thursday,cse_g1,6.0,8,16:20,17:10,Test Lab,4,1,0,1,169
Friday,cse_aiml,6.0,1,08:30,09:20,Test Lab,4,0,1,1,169
Friday,cse_aiml,6.0,2,09:20,10:10,Test Lab,4,1,1,1,169
Friday,cse_aiml,6.0,3,10:30,11:20,Test Lab,4,1,1,1,169
Friday,cse_aiml,6.0,4,11:20,12:10,Test Lab,4,1,1,1,169
Friday,cse_g1,6.0,5,13:40,14:30,Test Lab,2,1,1,1,169
Friday,cse_g1,6.0,6,14:30,15:20,Test Lab,2,1,1,1,169
Friday,cse_g2,4.0,7,15:30,16:20,Test Lab,2,1,1,1,169
Friday,cse_g2,4.0,8,16:20,17:10,Test Lab,2,1,0,1,169
Monday,,,1,08:30,09:20,Test Lab,0,0,0,0,170
Monday,,,2,09:20,10:10,Test Lab,0,0,1,0,170
Monday,cse_g1,6.0,3,10:30,11:20,Test Lab,2,0,1,0,170
Monday,cse_g1,6.0,4,11:20,12:10,Test Lab,2,1,1,1,170
Monday,cse_g2,2.0,5,13:40,14:30,Test Lab,2,1,1,1,170
Monday,cse_g2,2.0,6,14:30,15:20,Test Lab,2,1,0,1,170
Monday,,,7,15:30,16:20,Test Lab,0,1,0,1,170
Monday,,,8,16:20,17:10,Test Lab,0,0,0,0,170
Tuesday,cse_g1,4.0,1,08:30,09:20,Test Lab,4,0,1,1,170
Tuesday,cse_g1,4.0,2,09:20,10:10,Test Lab,4,1,1,1,170
Tuesday,cse_g1,4.0,3,10:30,11:20,Test Lab,4,1,1,1,170
Tuesday,cse_g1,4.0,4,11:20,12:10,Test Lab,4,1,1,1,170
Tuesday,cse_aiml,6.0,5,13:40,14:30,Test Lab,4,1,1,0,170
Tuesday,cse_aiml,6.0,6,14:30,15:20,Test Lab,4,1,1,1,170
Tuesday,cse_aiml,6.0,7,15:30,16:20,Test Lab,4,1,1,1,170
Tuesday,cse_aiml,6.0,8,16:20,17:10,Test Lab,4,1,0,1,170
Wednesday,,,1,08:30,09:20,Test Lab,0,0,1,0,170
Wednesday,cse_g2,6.0,2,09:20,10:10,Test Lab,2,0,1,0,170
Wednesday,cse_g2,6.0,3,10:30,11:20,Test Lab,2,1,0,1,170
Wednesday,,,4,11:20,12:10,Test Lab,0,1,1,0,170
Wednesday,cse_g1,2.0,5,13:40,14:30,Test Lab,2,0,1,1,170
Wednesday,cse_g1,2.0,6,14:30,15:20,Test Lab,2,1,1,1,170
Wednesday,cse_g1,8.0,7,15:30,16:20,Test Lab,2,1,1,1,170
Wednesday,cse_g1,8.0,8,16:20,17:10,Test Lab,2,1,0,1,170
Thursday,,,1,08:30,09:20,Test Lab,0,0,0,0,170
Thursday,,,2,09:20,10:10,Test Lab,0,0,1,0,170
Thursday,cse_g2,8.0,3,10:30,11:20,Test Lab,2,0,1,1,170
Thursday,cse_g2,8.0,4,11:20,12:10,Test Lab,2,1,1,1,170
Thursday,cse_g1,6.0,5,13:40,14:30,Test Lab,4,1,1,1,170
Thursday,cse_g1,6.0,6,14:30,15:20,Test Lab,4,1,1,1,170
Thursday,cse_g1,6.0,7,15:30,16:20,Test Lab,4,1,1,1,170
Thursday,cse_g1,6.0,8,16:20,17:10,Test Lab,4,1,0,1,170
Friday,cse_aiml,6.0,1,08:30,09:20,Test Lab,4,0,1,0,170
Friday,cse_aiml,6.0,2,09:20,10:10,Test Lab,4,1,1,1,170
Friday,cse_aiml,6.0,3,10:30,11:20,Test Lab,4,1,1,0,170
Friday,cse_aiml,6.0,4,11:20,12:10,Test Lab,4,1,1,1,170
Friday,cse_g1,6.0,5,13:40,14:30,Test Lab,2,1,1,1,170
Friday,cse_g1,6.0,6,14:30,15:20,Test Lab,2,1,1,1,170
Friday,cse_g2,4.0,7,15:30,16:20,Test Lab,2,1,1,1,170
Friday,cse_g2,4.0,8,16:20,17:10,Test Lab,2,1,0,1,170
Monday,,,1,08:30,09:20,Test Lab,0,0,0,1,171
Monday,,,2,09:20,10:10,Test Lab,0,0,1,0,171
Monday,cse_g1,6.0,3,10:30,11:20,Test Lab,2,0,1,1,171
Monday,cse_g1,6.0,4,11:20,12:10,Test Lab,2,1,1,1,171
Monday,cse_g2,2.0,5,13:40,14:30,Test Lab,2,1,1,1,171
Monday,cse_g2,2.0,6,14:30,15:20,Test Lab,2,1,0,0,171
Monday,,,7,15:30,16:20,Test Lab,0,1,0,0,171
Monday,,,8,16:20,17:10,Test Lab,0,0,0,0,171
Tuesday,cse_g1,4.0,1,08:30,09:20,Test Lab,4,0,1,1,171
Tuesday,cse_g1,4.0,2,09:20,10:10,Test Lab,4,1,1,1,171
Tuesday,cse_g1,4.0,3,10:30,11:20,Test Lab,4,1,1,1,171
Tuesday,cse_g1,4.0,4,11:20,12:10,Test Lab,4,1,1,1,171
Tuesday,cse_aiml,6.0,5,13:40,14:30,Test Lab,4,1,1,1,171
Tuesday,cse_aiml,6.0,6,14:30,15:20,Test Lab,4,1,1,1,171
Tuesday,cse_aiml,6.0,7,15:30,16:20,Test Lab,4,1,1,1,171
Tuesday,cse_aiml,6.0,8,16:20,17:10,Test Lab,4,1,0,0,171
Wednesday,,,1,08:30,09:20,Test Lab,0,0,1,0,171
Wednesday,cse_g2,6.0,2,09:20,10:10,Test Lab,2,0,1,1,171
Wednesday,cse_g2,6.0,3,10:30,11:20,Test Lab,2,1,0,0,171
Wednesday,,,4,11:20,12:10,Test Lab,0,1,1,0,171
Wednesday,cse_g1,2.0,5,13:40,14:30,Test Lab,2,0,1,1,171
Wednesday,cse_g1,2.0,6,14:30,15:20,Test Lab,2,1,1,1,171
Wednesday,cse_g1,8.0,7,15:30,16:20,Test Lab,2,1,1,1,171
Wednesday,cse_g1,8.0,8,16:20,17:10,Test Lab,2,1,0,1,171
Thursday,,,1,08:30,09:20,Test Lab,0,0,0,0,171
Thursday,,,2,09:20,10:10,Test Lab,0,0,1,0,171
Thursday,cse_g2,8.0,3,10:30,11:20,Test Lab,2,0,1,1,171
Thursday,cse_g2,8.0,4,11:20,12:10,Test Lab,2,1,1,1,171
Thursday,cse_g1,6.0,5,13:40,14:30,Test Lab,4,1,1,0,171
Thursday,cse_g1,6.0,6,14:30,15:20,Test Lab,4,1,1,1,171
Thursday,cse_g1,6.0,7,15:30,16:20,Test Lab,4,1,1,1,171
Thursday,cse_g1,6.0,8,16:20,17:10,Test Lab,4,1,0,1,171
Friday,cse_aiml,6.0,1,08:30,09:20,Test Lab,4,0,1,1,171
Friday,cse_aiml,6.0,2,09:20,10:10,Test Lab,4,1,1,1,171
Friday,cse_aiml,6.0,3,10:30,11:20,Test Lab,4,1,1,1,171
Friday,cse_aiml,6.0,4,11:20,12:10,Test Lab,4,1,1,0,171
Friday,cse_g1,6.0,5,13:40,14:30,Test Lab,2,1,1,1,171
Friday,cse_g1,6.0,6,14:30,15:20,Test Lab,2,1,1,1,171
Friday,cse_g2,4.0,7,15:30,16:20,Test Lab,2,1,1,1,171
Friday,cse_g2,4.0,8,16:20,17:10,Test Lab,2,1,0,1,171
Monday,,,1,08:30,09:20,Test Lab,0,0,0,0,172
Monday,,,2,09:20,10:10,Test Lab,0,0,1,0,172
Monday,cse_g1,6.0,3,10:30,11:20,Test Lab,2,0,1,1,172
Monday,cse_g1,6.0,4,11:20,12:10,Test Lab,2,1,1,1,172
Monday,cse_g2,2.0,5,13:40,14:30,Test Lab,2,1,1,1,172
Monday,cse_g2,2.0,6,14:30,15:20,Test Lab,2,1,0,1,172
Monday,,,7,15:30,16:20,Test Lab,0,1,0,0,172
Monday,,,8,16:20,17:10,Test Lab,0,0,0,0,172
Tuesday,cse_g1,4.0,1,08:30,09:20,Test Lab,4,0,1,1,172
Tuesday,cse_g1,4.0,2,09:20,10:10,Test Lab,4,1,1,1,172
Tuesday,cse_g1,4.0,3,10:30,11:20,Test Lab,4,1,1,1,172
Tuesday,cse_g1,4.0,4,11:20,12:10,Test Lab,4,1,1,1,172
Tuesday,cse_aiml,6.0,5,13:40,14:30,Test Lab,4,1,1,1,172
Tuesday,cse_aiml,6.0,6,14:30,15:20,Test Lab,4,1,1,1,172
Tuesday,cse_aiml,6.0,7,15:30,16:20,Test Lab,4,1,1,1,172
Tuesday,cse_aiml,6.0,8,16:20,17:10,Test Lab,4,1,0,1,172
Wednesday,,,1,08:30,09:20,Test Lab,0,0,1,0,172
Wednesday,cse_g2,6.0,2,09:20,10:10,Test Lab,2,0,1,1,172
Wednesday,cse_g2,6.0,3,10:30,11:20,Test Lab,2,1,0,1,172
Wednesday,,,4,11:20,12:10,Test Lab,0,1,1,0,172
Wednesday,cse_g1,2.0,5,13:40,14:30,Test Lab,2,0,1,1,172
Wednesday,cse_g1,2.0,6,14:30,15:20,Test Lab,2,1,1,1,172
Wednesday,cse_g1,8.0,7,15:30,16:20,Test Lab,2,1,1,1,172
Wednesday,cse_g1,8.0,8,16:20,17:10,Test Lab,2,1,0,1,172
Thursday,,,1,08:30,09:20,Test Lab,0,0,0,0,172
Thursday,,,2,09:20,10:10,Test Lab,0,0,1,0,172
Thursday,cse_g2,8.0,3,10:30,11:20,Test Lab,2,0,1,1,172
Thursday,cse_g2,8.0,4,11:20,12:10,Test Lab,2,1,1,1,172
Thursday,cse_g1,6.0,5,13:40,14:30,Test Lab,4,1,1,1,172
Thursday,cse_g1,6.0,6,14:30,15:20,Test Lab,4,1,1,1,172
Thursday,cse_g1,6.0,7,15:30,16:20,Test Lab,4,1,1,1,172
Thursday,cse_g1,6.0,8,16:20,17:10,Test Lab,4,1,0,0,172
Friday,cse_aiml,6.0,1,08:30,09:20,Test Lab,4,0,1,1,172
Friday,cse_aiml,6.0,2,09:20,10:10,Test Lab,4,1,1,1,172
Friday,cse_aiml,6.0,3,10:30,11:20,Test Lab,4,1,1,1,172
Friday,cse_aiml,6.0,4,11:20,12:10,Test Lab,4,1,1,1,172
Friday,cse_g1,6.0,5,13:40,14:30,Test Lab,2,1,1,1,172
Friday,cse_g1,6.0,6,14:30,15:20,Test Lab,2,1,1,1,172
Friday,cse_g2,4.0,7,15:30,16:20,Test Lab,2,1,1,1,172
Friday,cse_g2,4.0,8,16:20,17:10,Test Lab,2,1,0,1,172
Monday,,,1,08:30,09:20,Test Lab,0,0,0,0,173
Monday,,,2,09:20,10:10,Test Lab,0,0,1,0,173
Monday,cse_g1,6.0,3,10:30,11:20,Test Lab,2,0,1,0,173
Monday,cse_g1,6.0,4,11:20,12:10,Test Lab,2,1,1,1,173
Monday,cse_g2,2.0,5,13:40,14:30,Test Lab,2,1,1,1,173
Monday,cse_g2,2.0,6,14:30,15:20,Test Lab,2,1,0,1,173
Monday,,,7,15:30,16:20,Test Lab,0,1,0,0,173
Monday,,,8,16:20,17:10,Test Lab,0,0,0,0,173
Tuesday,cse_g1,4.0,1,08:30,09:20,Test Lab,4,0,1,0,173
Tuesday,cse_g1,4.0,2,09:20,10:10,Test Lab,4,1,1,1,173
Tuesday,cse_g1,4.0,3,10:30,11:20,Test Lab,4,1,1,1,173
Tuesday,cse_g1,4.0,4,11:20,12:10,Test Lab,4,1,1,1,173
Tuesday,cse_aiml,6.0,5,13:40,14:30,Test Lab,4,1,1,1,173
Tuesday,cse_aiml,6.0,6,14:30,15:20,Test Lab,4,1,1,1,173
Tuesday,cse_aiml,6.0,7,15:30,16:20,Test Lab,4,1,1,0,173
Tuesday,cse_aiml,6.0,8,16:20,17:10,Test Lab,4,1,0,1,173
Wednesday,,,1,08:30,09:20,Test Lab,0,0,1,0,173
Wednesday,cse_g2,6.0,2,09:20,10:10,Test Lab,2,0,1,1,173
Wednesday,cse_g2,6.0,3,10:30,11:20,Test Lab,2,1,0,1,173
Wednesday,,,4,11:20,12:10,Test Lab,0,1,1,0,173
Wednesday,cse_g1,2.0,5,13:40,14:30,Test Lab,2,0,1,1,173
Wednesday,cse_g1,2.0,6,14:30,15:20,Test Lab,2,1,1,1,173
Wednesday,cse_g1,8.0,7,15:30,16:20,Test Lab,2,1,1,1,173
Wednesday,cse_g1,8.0,8,16:20,17:10,Test Lab,2,1,0,1,173
Thursday,,,1,08:30,09:20,Test Lab,0,0,0,0,173
Thursday,,,2,09:20,10:10,Test Lab,0,0,1,0,173
Thursday,cse_g2,8.0,3,10:30,11:20,Test Lab,2,0,1,1,173
Thursday,cse_g2,8.0,4,11:20,12:10,Test Lab,2,1,1,1,173
Thursday,cse_g1,6.0,5,13:40,14:30,Test Lab,4,1,1,1,173
Thursday,cse_g1,6.0,6,14:30,15:20,Test Lab,4,1,1,1,173
Thursday,cse_g1,6.0,7,15:30,16:20,Test Lab,4,1,1,0,173
Thursday,cse_g1,6.0,8,16:20,17:10,Test Lab,4,1,0,1,173
Friday,cse_aiml,6.0,1,08:30,09:20,Test Lab,4,0,1,1,173
Friday,cse_aiml,6.0,2,09:20,10:10,Test Lab,4,1,1,1,173
Friday,cse_aiml,6.0,3,10:30,11:20,Test Lab,4,1,1,1,173
Friday,cse_aiml,6.0,4,11:20,12:10,Test Lab,4,1,1,1,173
Friday,cse_g1,6.0,5,13:40,14:30,Test Lab,2,1,1,1,173
Friday,cse_g1,6.0,6,14:30,15:20,Test Lab,2,1,1,1,173
Friday,cse_g2,4.0,7,15:30,16:20,Test Lab,2,1,1,1,173
Friday,cse_g2,4.0,8,16:20,17:10,Test Lab,2,1,0,1,173
Monday,,,1,08:30,09:20,Test Lab,0,0,0,0,174
Monday,,,2,09:20,10:10,Test Lab,0,0,1,0,174
Monday,cse_g1,6.0,3,10:30,11:20,Test Lab,2,0,1,0,174
Monday,cse_g1,6.0,4,11:20,12:10,Test Lab,2,1,1,1,174
Monday,cse_g2,2.0,5,13:40,14:30,Test Lab,2,1,1,1,174
Monday,cse_g2,2.0,6,14:30,15:20,Test Lab,2,1,0,1,174
Monday,,,7,15:30,16:20,Test Lab,0,1,0,0,174
Monday,,,8,16:20,17:10,Test Lab,0,0,0,0,174
Tuesday,cse_g1,4.0,1,08:30,09:20,Test Lab,4,0,1,1,174
Tuesday,cse_g1,4.0,2,09:20,10:10,Test Lab,4,1,1,1,174
Tuesday,cse_g1,4.0,3,10:30,11:20,Test Lab,4,1,1,1,174
Tuesday,cse_g1,4.0,4,11:20,12:10,Test Lab,4,1,1,1,174
Tuesday,cse_aiml,6.0,5,13:40,14:30,Test Lab,4,1,1,1,174
Tuesday,cse_aiml,6.0,6,14:30,15:20,Test Lab,4,1,1,1,174
Tuesday,cse_aiml,6.0,7,15:30,16:20,Test Lab,4,1,1,1,174
Tuesday,cse_aiml,6.0,8,16:20,17:10,Test Lab,4,1,0,1,174
Wednesday,,,1,08:30,09:20,Test Lab,0,0,1,0,174
Wednesday,cse_g2,6.0,2,09:20,10:10,Test Lab,2,0,1,1,174
Wednesday,cse_g2,6.0,3,10:30,11:20,Test Lab,2,1,0,1,174
Wednesday,,,4,11:20,12:10,Test Lab,0,1,1,0,174
Wednesday,cse_g1,2.0,5,13:40,14:30,Test Lab,2,0,1,1,174
Wednesday,cse_g1,2.0,6,14:30,15:20,Test Lab,2,1,1,1,174
Wednesday,cse_g1,8.0,7,15:30,16:20,Test Lab,2,1,1,1,174
Wednesday,cse_g1,8.0,8,16:20,17:10,Test Lab,2,1,0,1,174
Thursday,,,1,08:30,09:20,Test Lab,0,0,0,0,174
Thursday,,,2,09:20,10:10,Test Lab,0,0,1,1,174
Thursday,cse_g2,8.0,3,10:30,11:20,Test Lab,2,0,1,1,174
Thursday,cse_g2,8.0,4,11:20,12:10,Test Lab,2,1,1,1,174
Thursday,cse_g1,6.0,5,13:40,14:30,Test Lab,4,1,1,1,174
Thursday,cse_g1,6.0,6,14:30,15:20,Test Lab,4,1,1,1,174
Thursday,cse_g1,6.0,7,15:30,16:20,Test Lab,4,1,1,1,174
Thursday,cse_g1,6.0,8,16:20,17:10,Test Lab,4,1,0,1,174
Friday,cse_aiml,6.0,1,08:30,09:20,Test Lab,4,0,1,1,174
Friday,cse_aiml,6.0,2,09:20,10:10,Test Lab,4,1,1,1,174
Friday,cse_aiml,6.0,3,10:30,11:20,Test Lab,4,1,1,0,174
Friday,cse_aiml,6.0,4,11:20,12:10,Test Lab,4,1,1,1,174
Friday,cse_g1,6.0,5,13:40,14:30,Test Lab,2,1,1,1,174
Friday,cse_g1,6.0,6,14:30,15:20,Test Lab,2,1,1,1,174
Friday,cse_g2,4.0,7,15:30,16:20,Test Lab,2,1,1,1,174
Friday,cse_g2,4.0,8,16:20,17:10,Test Lab,2,1,0,0,174
Monday,,,1,08:30,09:20,Test Lab,0,0,0,0,175
Monday,,,2,09:20,10:10,Test Lab,0,0,1,0,175
Monday,cse_g1,6.0,3,10:30,11:20,Test Lab,2,0,1,1,175
Monday,cse_g1,6.0,4,11:20,12:10,Test Lab,2,1,1,1,175
Monday,cse_g2,2.0,5,13:40,14:30,Test Lab,2,1,1,1,175
Monday,cse_g2,2.0,6,14:30,15:20,Test Lab,2,1,0,1,175
Monday,,,7,15:30,16:20,Test Lab,0,1,0,0,175
Monday,,,8,16:20,17:10,Test Lab,0,0,0,0,175
Tuesday,cse_g1,4.0,1,08:30,09:20,Test Lab,4,0,1,1,175
Tuesday,cse_g1,4.0,2,09:20,10:10,Test Lab,4,1,1,1,175
Tuesday,cse_g1,4.0,3,10:30,11:20,Test Lab,4,1,1,1,175
Tuesday,cse_g1,4.0,4,11:20,12:10,Test Lab,4,1,1,1,175
Tuesday,cse_aiml,6.0,5,13:40,14:30,Test Lab,4,1,1,1,175
Tuesday,cse_aiml,6.0,6,14:30,15:20,Test Lab,4,1,1,1,175
Tuesday,cse_aiml,6.0,7,15:30,16:20,Test Lab,4,1,1,1,175
Tuesday,cse_aiml,6.0,8,16:20,17:10,Test Lab,4,1,0,0,175
Wednesday,,,1,08:30,09:20,Test Lab,0,0,1,0,175
Wednesday,cse_g2,6.0,2,09:20,10:10,Test Lab,2,0,1,1,175
Wednesday,cse_g2,6.0,3,10:30,11:20,Test Lab,2,1,0,1,175
Wednesday,,,4,11:20,12:10,Test Lab,0,1,1,0,175
Wednesday,cse_g1,2.0,5,13:40,14:30,Test Lab,2,0,1,1,175
Wednesday,cse_g1,2.0,6,14:30,15:20,Test Lab,2,1,1,1,175
Wednesday,cse_g1,8.0,7,15:30,16:20,Test Lab,2,1,1,1,175
Wednesday,cse_g1,8.0,8,16:20,17:10,Test Lab,2,1,0,1,175
Thursday,,,1,08:30,09:20,Test Lab,0,0,0,0,175
Thursday,,,2,09:20,10:10,Test Lab,0,0,1,0,175
Thursday,cse_g2,8.0,3,10:30,11:20,Test Lab,2,0,1,1,175
Thursday,cse_g2,8.0,4,11:20,12:10,Test Lab,2,1,1,1,175
Thursday,cse_g1,6.0,5,13:40,14:30,Test Lab,4,1,1,0,175
Thursday,cse_g1,6.0,6,14:30,15:20,Test Lab,4,1,1,1,175
Thursday,cse_g1,6.0,7,15:30,16:20,Test Lab,4,1,1,1,175
Thursday,cse_g1,6.0,8,16:20,17:10,Test Lab,4,1,0,1,175
Friday,cse_aiml,6.0,1,08:30,09:20,Test Lab,4,0,1,1,175
Friday,cse_aiml,6.0,2,09:20,10:10,Test Lab,4,1,1,1,175
Friday,cse_aiml,6.0,3,10:30,11:20,Test Lab,4,1,1,1,175
Friday,cse_aiml,6.0,4,11:20,12:10,Test Lab,4,1,1,1,175
Friday,cse_g1,6.0,5,13:40,14:30,Test Lab,2,1,1,1,175
Friday,cse_g1,6.0,6,14:30,15:20,Test Lab,2,1,1,1,175
Friday,cse_g2,4.0,7,15:30,16:20,Test Lab,2,1,1,1,175
Friday,cse_g2,4.0,8,16:20,17:10,Test Lab,2,1,0,1,175
Monday,,,1,08:30,09:20,Test Lab,0,0,0,1,176
Monday,,,2,09:20,10:10,Test Lab,0,0,1,0,176
Monday,cse_g1,6.0,3,10:30,11:20,Test Lab,2,0,1,1,176
Monday,cse_g1,6.0,4,11:20,12:10,Test Lab,2,1,1,0,176
Monday,cse_g2,2.0,5,13:40,14:30,Test Lab,2,1,1,1,176
Monday,cse_g2,2.0,6,14:30,15:20,Test Lab,2,1,0,1,176
Monday,,,7,15:30,16:20,Test Lab,0,1,0,0,176
Monday,,,8,16:20,17:10,Test Lab,0,0,0,0,176
Tuesday,cse_g1,4.0,1,08:30,09:20,Test Lab,4,0,1,1,176
Tuesday,cse_g1,4.0,2,09:20,10:10,Test Lab,4,1,1,1,176
Tuesday,cse_g1,4.0,3,10:30,11:20,Test Lab,4,1,1,0,176
Tuesday,cse_g1,4.0,4,11:20,12:10,Test Lab,4,1,1,0,176
Tuesday,cse_aiml,6.0,5,13:40,14:30,Test Lab,4,1,1,1,176
Tuesday,cse_aiml,6.0,6,14:30,15:20,Test Lab,4,1,1,1,176
Tuesday,cse_aiml,6.0,7,15:30,16:20,Test Lab,4,1,1,1,176
Tuesday,cse_aiml,6.0,8,16:20,17:10,Test Lab,4,1,0,1,176
Wednesday,,,1,08:30,09:20,Test Lab,0,0,1,0,176
Wednesday,cse_g2,6.0,2,09:20,10:10,Test Lab,2,0,1,1,176
Wednesday,cse_g2,6.0,3,10:30,11:20,Test Lab,2,1,0,1,176
Wednesday,,,4,11:20,12:10,Test Lab,0,1,1,0,176
Wednesday,cse_g1,2.0,5,13:40,14:30,Test Lab,2,0,1,1,176
Wednesday,cse_g1,2.0,6,14:30,15:20,Test Lab,2,1,1,0,176
Wednesday,cse_g1,8.0,7,15:30,16:20,Test Lab,2,1,1,1,176
Wednesday,cse_g1,8.0,8,16:20,17:10,Test Lab,2,1,0,1,176
Thursday,,,1,08:30,09:20,Test Lab,0,0,0,0,176
Thursday,,,2,09:20,10:10,Test Lab,0,0,1,0,176
Thursday,cse_g2,8.0,3,10:30,11:20,Test Lab,2,0,1,1,176
Thursday,cse_g2,8.0,4,11:20,12:10,Test Lab,2,1,1,1,176
Thursday,cse_g1,6.0,5,13:40,14:30,Test Lab,4,1,1,1,176
Thursday,cse_g1,6.0,6,14:30,15:20,Test Lab,4,1,1,1,176
Thursday,cse_g1,6.0,7,15:30,16:20,Test Lab,4,1,1,1,176
Thursday,cse_g1,6.0,8,16:20,17:10,Test Lab,4,1,0,1,176
Friday,cse_aiml,6.0,1,08:30,09:20,Test Lab,4,0,1,1,176
Friday,cse_aiml,6.0,2,09:20,10:10,Test Lab,4,1,1,0,176
Friday,cse_aiml,6.0,3,10:30,11:20,Test Lab,4,1,1,1,176
Friday,cse_aiml,6.0,4,11:20,12:10,Test Lab,4,1,1,1,176
Friday,cse_g1,6.0,5,13:40,14:30,Test Lab,2,1,1,1,176
Friday,cse_g1,6.0,6,14:30,15:20,Test Lab,2,1,1,1,176
Friday,cse_g2,4.0,7,15:30,16:20,Test Lab,2,1,1,1,176
Friday,cse_g2,4.0,8,16:20,17:10,Test Lab,2,1,0,1,176
Monday,,,1,08:30,09:20,Test Lab,0,0,0,1,177
Monday,,,2,09:20,10:10,Test Lab,0,0,1,0,177
Monday,cse_g1,6.0,3,10:30,11:20,Test Lab,2,0,1,1,177
Monday,cse_g1,6.0,4,11:20,12:10,Test Lab,2,1,1,1,177
Monday,cse_g2,2.0,5,13:40,14:30,Test Lab,2,1,1,1,177
Monday,cse_g2,2.0,6,14:30,15:20,Test Lab,2,1,0,1,177
Monday,,,7,15:30,16:20,Test Lab,0,1,0,0,177
Monday,,,8,16:20,17:10,Test Lab,0,0,0,0,177
Tuesday,cse_g1,4.0,1,08:30,09:20,Test Lab,4,0,1,0,177
Tuesday,cse_g1,4.0,2,09:20,10:10,Test Lab,4,1,1,1,177
Tuesday,cse_g1,4.0,3,10:30,11:20,Test Lab,4,1,1,1,177
Tuesday,cse_g1,4.0,4,11:20,12:10,Test Lab,4,1,1,0,177
Tuesday,cse_aiml,6.0,5,13:40,14:30,Test Lab,4,1,1,1,177
Tuesday,cse_aiml,6.0,6,14:30,15:20,Test Lab,4,1,1,1,177
Tuesday,cse_aiml,6.0,7,15:30,16:20,Test Lab,4,1,1,1,177
Tuesday,cse_aiml,6.0,8,16:20,17:10,Test Lab,4,1,0,1,177
Wednesday,,,1,08:30,09:20,Test Lab,0,0,1,0,177
Wednesday,cse_g2,6.0,2,09:20,10:10,Test Lab,2,0,1,0,177
Wednesday,cse_g2,6.0,3,10:30,11:20,Test Lab,2,1,0,1,177
Wednesday,,,4,11:20,12:10,Test Lab,0,1,1,0,177
Wednesday,cse_g1,2.0,5,13:40,14:30,Test Lab,2,0,1,1,177
Wednesday,cse_g1,2.0,6,14:30,15:20,Test Lab,2,1,1,1,177
Wednesday,cse_g1,8.0,7,15:30,16:20,Test Lab,2,1,1,1,177
Wednesday,cse_g1,8.0,8,16:20,17:10,Test Lab,2,1,0,1,177
Thursday,,,1,08:30,09:20,Test Lab,0,0,0,0,177
Thursday,,,2,09:20,10:10,Test Lab,0,0,1,0,177
Thursday,cse_g2,8.0,3,10:30,11:20,Test Lab,2,0,1,0,177
Thursday,cse_g2,8.0,4,11:20,12:10,Test Lab,2,1,1,1,177
Thursday,cse_g1,6.0,5,13:40,14:30,Test Lab,4,1,1,1,177
Thursday,cse_g1,6.0,6,14:30,15:20,Test Lab,4,1,1,1,177
Thursday,cse_g1,6.0,7,15:30,16:20,Test Lab,4,1,1,1,177
Thursday,cse_g1,6.0,8,16:20,17:10,Test Lab,4,1,0,1,177
Friday,cse_aiml,6.0,1,08:30,09:20,Test Lab,4,0,1,1,177
Friday,cse_aiml,6.0,2,09:20,10:10,Test Lab,4,1,1,1,177
Friday,cse_aiml,6.0,3,10:30,11:20,Test Lab,4,1,1,1,177
Friday,cse_aiml,6.0,4,11:20,12:10,Test Lab,4,1,1,1,177
Friday,cse_g1,6.0,5,13:40,14:30,Test Lab,2,1,1,1,177
Friday,cse_g1,6.0,6,14:30,15:20,Test Lab,2,1,1,1,177
Friday,cse_g2,4.0,7,15:30,16:20,Test Lab,2,1,1,1,177
Friday,cse_g2,4.0,8,16:20,17:10,Test Lab,2,1,0,1,177
Monday,,,1,08:30,09:20,Test Lab,0,0,0,0,178
Monday,,,2,09:20,10:10,Test Lab,0,0,1,0,178
Monday,cse_g1,6.0,3,10:30,11:20,Test Lab,2,0,1,1,178
Monday,cse_g1,6.0,4,11:20,12:10,Test Lab,2,1,1,1,178
Monday,cse_g2,2.0,5,13:40,14:30,Test Lab,2,1,1,1,178
Monday,cse_g2,2.0,6,14:30,15:20,Test Lab,2,1,0,1,178
Monday,,,7,15:30,16:20,Test Lab,0,1,0,0,178
Monday,,,8,16:20,17:10,Test Lab,0,0,0,0,178
Tuesday,cse_g1,4.0,1,08:30,09:20,Test Lab,4,0,1,1,178
Tuesday,cse_g1,4.0,2,09:20,10:10,Test Lab,4,1,1,1,178
Tuesday,cse_g1,4.0,3,10:30,11:20,Test Lab,4,1,1,1,178
Tuesday,cse_g1,4.0,4,11:20,12:10,Test Lab,4,1,1,1,178
Tuesday,cse_aiml,6.0,5,13:40,14:30,Test Lab,4,1,1,1,178
Tuesday,cse_aiml,6.0,6,14:30,15:20,Test Lab,4,1,1,1,178
Tuesday,cse_aiml,6.0,7,15:30,16:20,Test Lab,4,1,1,1,178
Tuesday,cse_aiml,6.0,8,16:20,17:10,Test Lab,4,1,0,1,178
Wednesday,,,1,08:30,09:20,Test Lab,0,0,1,0,178
Wednesday,cse_g2,6.0,2,09:20,10:10,Test Lab,2,0,1,1,178
Wednesday,cse_g2,6.0,3,10:30,11:20,Test Lab,2,1,0,1,178
Wednesday,,,4,11:20,12:10,Test Lab,0,1,1,0,178
Wednesday,cse_g1,2.0,5,13:40,14:30,Test Lab,2,0,1,1,178
Wednesday,cse_g1,2.0,6,14:30,15:20,Test Lab,2,1,1,1,178
Wednesday,cse_g1,8.0,7,15:30,16:20,Test Lab,2,1,1,1,178
Wednesday,cse_g1,8.0,8,16:20,17:10,Test Lab,2,1,0,0,178
Thursday,,,1,08:30,09:20,Test Lab,0,0,0,0,178
Thursday,,,2,09:20,10:10,Test Lab,0,0,1,0,178
Thursday,cse_g2,8.0,3,10:30,11:20,Test Lab,2,0,1,1,178
Thursday,cse_g2,8.0,4,11:20,12:10,Test Lab,2,1,1,1,178
Thursday,cse_g1,6.0,5,13:40,14:30,Test Lab,4,1,1,1,178
Thursday,cse_g1,6.0,6,14:30,15:20,Test Lab,4,1,1,1,178
Thursday,cse_g1,6.0,7,15:30,16:20,Test Lab,4,1,1,1,178
Thursday,cse_g1,6.0,8,16:20,17:10,Test Lab,4,1,0,1,178
Friday,cse_aiml,6.0,1,08:30,09:20,Test Lab,4,0,1,1,178
Friday,cse_aiml,6.0,2,09:20,10:10,Test Lab,4,1,1,1,178
Friday,cse_aiml,6.0,3,10:30,11:20,Test Lab,4,1,1,1,178
Friday,cse_aiml,6.0,4,11:20,12:10,Test Lab,4,1,1,1,178
Friday,cse_g1,6.0,5,13:40,14:30,Test Lab,2,1,1,1,178
Friday,cse_g1,6.0,6,14:30,15:20,Test Lab,2,1,1,1,178
Friday,cse_g2,4.0,7,15:30,16:20,Test Lab,2,1,1,1,178
Friday,cse_g2,4.0,8,16:20,17:10,Test Lab,2,1,0,1,178
Monday,,,1,08:30,09:20,Test Lab,0,0,0,0,179
Monday,,,2,09:20,10:10,Test Lab,0,0,1,0,179
Monday,cse_g1,6.0,3,10:30,11:20,Test Lab,2,0,1,1,179
Monday,cse_g1,6.0,4,11:20,12:10,Test Lab,2,1,1,1,179
Monday,cse_g2,2.0,5,13:40,14:30,Test Lab,2,1,1,1,179
Monday,cse_g2,2.0,6,14:30,15:20,Test Lab,2,1,0,1,179
Monday,,,7,15:30,16:20,Test Lab,0,1,0,0,179
Monday,,,8,16:20,17:10,Test Lab,0,0,0,0,179
Tuesday,cse_g1,4.0,1,08:30,09:20,Test Lab,4,0,1,1,179
Tuesday,cse_g1,4.0,2,09:20,10:10,Test Lab,4,1,1,1,179
Tuesday,cse_g1,4.0,3,10:30,11:20,Test Lab,4,1,1,1,179
Tuesday,cse_g1,4.0,4,11:20,12:10,Test Lab,4,1,1,1,179
Tuesday,cse_aiml,6.0,5,13:40,14:30,Test Lab,4,1,1,1,179
Tuesday,cse_aiml,6.0,6,14:30,15:20,Test Lab,4,1,1,1,179
Tuesday,cse_aiml,6.0,7,15:30,16:20,Test Lab,4,1,1,1,179
Tuesday,cse_aiml,6.0,8,16:20,17:10,Test Lab,4,1,0,1,179
Wednesday,,,1,08:30,09:20,Test Lab,0,0,1,0,179
Wednesday,cse_g2,6.0,2,09:20,10:10,Test Lab,2,0,1,1,179
Wednesday,cse_g2,6.0,3,10:30,11:20,Test Lab,2,1,0,1,179
Wednesday,,,4,11:20,12:10,Test Lab,0,1,1,0,179
Wednesday,cse_g1,2.0,5,13:40,14:30,Test Lab,2,0,1,1,179
Wednesday,cse_g1,2.0,6,14:30,15:20,Test Lab,2,1,1,1,179
Wednesday,cse_g1,8.0,7,15:30,16:20,Test Lab,2,1,1,1,179
Wednesday,cse_g1,8.0,8,16:20,17:10,Test Lab,2,1,0,1,179
Thursday,,,1,08:30,09:20,Test Lab,0,0,0,0,179
Thursday,,,2,09:20,10:10,Test Lab,0,0,1,0,179
Thursday,cse_g2,8.0,3,10:30,11:20,Test Lab,2,0,1,0,179
Thursday,cse_g2,8.0,4,11:20,12:10,Test Lab,2,1,1,1,179
Thursday,cse_g1,6.0,5,13:40,14:30,Test Lab,4,1,1,1,179
Thursday,cse_g1,6.0,6,14:30,15:20,Test Lab,4,1,1,1,179
Thursday,cse_g1,6.0,7,15:30,16:20,Test Lab,4,1,1,1,179
Thursday,cse_g1,6.0,8,16:20,17:10,Test Lab,4,1,0,1,179
Friday,cse_aiml,6.0,1,08:30,09:20,Test Lab,4,0,1,0,179
Friday,cse_aiml,6.0,2,09:20,10:10,Test Lab,4,1,1,1,179
Friday,cse_aiml,6.0,3,10:30,11:20,Test Lab,4,1,1,1,179
Friday,cse_aiml,6.0,4,11:20,12:10,Test Lab,4,1,1,1,179
Friday,cse_g1,6.0,5,13:40,14:30,Test Lab,2,1,1,1,179
Friday,cse_g1,6.0,6,14:30,15:20,Test Lab,2,1,1,1,179
Friday,cse_g2,4.0,7,15:30,16:20,Test Lab,2,1,1,1,179
Friday,cse_g2,4.0,8,16:20,17:10,Test Lab,2,1,0,1,179
Monday,,,1,08:30,09:20,Test Lab,0,0,0,0,180
Monday,,,2,09:20,10:10,Test Lab,0,0,1,0,180
Monday,cse_g1,6.0,3,10:30,11:20,Test Lab,2,0,1,1,180
Monday,cse_g1,6.0,4,11:20,12:10,Test Lab,2,1,1,1,180
Monday,cse_g2,2.0,5,13:40,14:30,Test Lab,2,1,1,1,180
Monday,cse_g2,2.0,6,14:30,15:20,Test Lab,2,1,0,1,180
Monday,,,7,15:30,16:20,Test Lab,0,1,0,0,180
Monday,,,8,16:20,17:10,Test Lab,0,0,0,0,180
Tuesday,cse_g1,4.0,1,08:30,09:20,Test Lab,4,0,1,1,180
Tuesday,cse_g1,4.0,2,09:20,10:10,Test Lab,4,1,1,1,180
Tuesday,cse_g1,4.0,3,10:30,11:20,Test Lab,4,1,1,1,180
Tuesday,cse_g1,4.0,4,11:20,12:10,Test Lab,4,1,1,0,180
Tuesday,cse_aiml,6.0,5,13:40,14:30,Test Lab,4,1,1,1,180
Tuesday,cse_aiml,6.0,6,14:30,15:20,Test Lab,4,1,1,1,180
Tuesday,cse_aiml,6.0,7,15:30,16:20,Test Lab,4,1,1,1,180
Tuesday,cse_aiml,6.0,8,16:20,17:10,Test Lab,4,1,0,1,180
Wednesday,,,1,08:30,09:20,Test Lab,0,0,1,0,180
Wednesday,cse_g2,6.0,2,09:20,10:10,Test Lab,2,0,1,1,180
Wednesday,cse_g2,6.0,3,10:30,11:20,Test Lab,2,1,0,1,180
Wednesday,,,4,11:20,12:10,Test Lab,0,1,1,0,180
Wednesday,cse_g1,2.0,5,13:40,14:30,Test Lab,2,0,1,1,180
Wednesday,cse_g1,2.0,6,14:30,15:20,Test Lab,2,1,1,1,180
Wednesday,cse_g1,8.0,7,15:30,16:20,Test Lab,2,1,1,1,180
Wednesday,cse_g1,8.0,8,16:20,17:10,Test Lab,2,1,0,1,180
Thursday,,,1,08:30,09:20,Test Lab,0,0,0,0,180
Thursday,,,2,09:20,10:10,Test Lab,0,0,1,0,180
Thursday,cse_g2,8.0,3,10:30,11:20,Test Lab,2,0,1,1,180
Thursday,cse_g2,8.0,4,11:20,12:10,Test Lab,2,1,1,1,180
Thursday,cse_g1,6.0,5,13:40,14:30,Test Lab,4,1,1,1,180
Thursday,cse_g1,6.0,6,14:30,15:20,Test Lab,4,1,1,1,180
Thursday,cse_g1,6.0,7,15:30,16:20,Test Lab,4,1,1,1,180
Thursday,cse_g1,6.0,8,16:20,17:10,Test Lab,4,1,0,1,180
Friday,cse_aiml,6.0,1,08:30,09:20,Test Lab,4,0,1,1,180
Friday,cse_aiml,6.0,2,09:20,10:10,Test Lab,4,1,1,1,180
Friday,cse_aiml,6.0,3,10:30,11:20,Test Lab,4,1,1,0,180
Friday,cse_aiml,6.0,4,11:20,12:10,Test Lab,4,1,1,1,180
Friday,cse_g1,6.0,5,13:40,14:30,Test Lab,2,1,1,1,180
Friday,cse_g1,6.0,6,14:30,15:20,Test Lab,2,1,1,1,180
Friday,cse_g2,4.0,7,15:30,16:20,Test Lab,2,1,1,1,180
Friday,cse_g2,4.0,8,16:20,17:10,Test Lab,2,1,0,1,180
Monday,,,1,08:30,09:20,Test Lab,0,0,0,0,181
Monday,,,2,09:20,10:10,Test Lab,0,0,1,1,181
Monday,cse_g1,6.0,3,10:30,11:20,Test Lab,2,0,1,1,181
Monday,cse_g1,6.0,4,11:20,12:10,Test Lab,2,1,1,1,181
Monday,cse_g2,2.0,5,13:40,14:30,Test Lab,2,1,1,1,181
Monday,cse_g2,2.0,6,14:30,15:20,Test Lab,2,1,0,1,181
Monday,,,7,15:30,16:20,Test Lab,0,1,0,0,181
Monday,,,8,16:20,17:10,Test Lab,0,0,0,0,181
Tuesday,cse_g1,4.0,1,08:30,09:20,Test Lab,4,0,1,1,181
Tuesday,cse_g1,4.0,2,09:20,10:10,Test Lab,4,1,1,1,181
Tuesday,cse_g1,4.0,3,10:30,11:20,Test Lab,4,1,1,0,181
Tuesday,cse_g1,4.0,4,11:20,12:10,Test Lab,4,1,1,1,181
Tuesday,cse_aiml,6.0,5,13:40,14:30,Test Lab,4,1,1,0,181
Tuesday,cse_aiml,6.0,6,14:30,15:20,Test Lab,4,1,1,1,181
Tuesday,cse_aiml,6.0,7,15:30,16:20,Test Lab,4,1,1,1,181
Tuesday,cse_aiml,6.0,8,16:20,17:10,Test Lab,4,1,0,1,181
Wednesday,,,1,08:30,09:20,Test Lab,0,0,1,0,181
Wednesday,cse_g2,6.0,2,09:20,10:10,Test Lab,2,0,1,1,181
Wednesday,cse_g2,6.0,3,10:30,11:20,Test Lab,2,1,0,0,181
Wednesday,,,4,11:20,12:10,Test Lab,0,1,1,0,181
Wednesday,cse_g1,2.0,5,13:40,14:30,Test Lab,2,0,1,1,181
Wednesday,cse_g1,2.0,6,14:30,15:20,Test Lab,2,1,1,1,181
Wednesday,cse_g1,8.0,7,15:30,16:20,Test Lab,2,1,1,1,181
Wednesday,cse_g1,8.0,8,16:20,17:10,Test Lab,2,1,0,1,181
Thursday,,,1,08:30,09:20,Test Lab,0,0,0,0,181
Thursday,,,2,09:20,10:10,Test Lab,0,0,1,0,181
Thursday,cse_g2,8.0,3,10:30,11:20,Test Lab,2,0,1,1,181
Thursday,cse_g2,8.0,4,11:20,12:10,Test Lab,2,1,1,0,181
Thursday,cse_g1,6.0,5,13:40,14:30,Test Lab,4,1,1,1,181
Thursday,cse_g1,6.0,6,14:30,15:20,Test Lab,4,1,1,1,181
Thursday,cse_g1,6.0,7,15:30,16:20,Test Lab,4,1,1,0,181
Thursday,cse_g1,6.0,8,16:20,17:10,Test Lab,4,1,0,1,181
Friday,cse_aiml,6.0,1,08:30,09:20,Test Lab,4,0,1,1,181
Friday,cse_aiml,6.0,2,09:20,10:10,Test Lab,4,1,1,1,181
Friday,cse_aiml,6.0,3,10:30,11:20,Test Lab,4,1,1,1,181
Friday,cse_aiml,6.0,4,11:20,12:10,Test Lab,4,1,1,1,181
Friday,cse_g1,6.0,5,13:40,14:30,Test Lab,2,1,1,1,181
Friday,cse_g1,6.0,6,14:30,15:20,Test Lab,2,1,1,1,181
Friday,cse_g2,4.0,7,15:30,16:20,Test Lab,2,1,1,1,181
Friday,cse_g2,4.0,8,16:20,17:10,Test Lab,2,1,0,1,181
Monday,,,1,08:30,09:20,Test Lab,0,0,0,0,182
Monday,,,2,09:20,10:10,Test Lab,0,0,1,0,182
Monday,cse_g1,6.0,3,10:30,11:20,Test Lab,2,0,1,1,182
Monday,cse_g1,6.0,4,11:20,12:10,Test Lab,2,1,1,1,182
Monday,cse_g2,2.0,5,13:40,14:30,Test Lab,2,1,1,1,182
Monday,cse_g2,2.0,6,14:30,15:20,Test Lab,2,1,0,1,182
Monday,,,7,15:30,16:20,Test Lab,0,1,0,0,182
Monday,,,8,16:20,17:10,Test Lab,0,0,0,0,182
Tuesday,cse_g1,4.0,1,08:30,09:20,Test Lab,4,0,1,1,182
Tuesday,cse_g1,4.0,2,09:20,10:10,Test Lab,4,1,1,1,182
Tuesday,cse_g1,4.0,3,10:30,11:20,Test Lab,4,1,1,1,182
Tuesday,cse_g1,4.0,4,11:20,12:10,Test Lab,4,1,1,1,182
Tuesday,cse_aiml,6.0,5,13:40,14:30,Test Lab,4,1,1,1,182
Tuesday,cse_aiml,6.0,6,14:30,15:20,Test Lab,4,1,1,1,182
Tuesday,cse_aiml,6.0,7,15:30,16:20,Test Lab,4,1,1,1,182
Tuesday,cse_aiml,6.0,8,16:20,17:10,Test Lab,4,1,0,1,182
Wednesday,,,1,08:30,09:20,Test Lab,0,0,1,0,182
Wednesday,cse_g2,6.0,2,09:20,10:10,Test Lab,2,0,1,1,182
Wednesday,cse_g2,6.0,3,10:30,11:20,Test Lab,2,1,0,1,182
Wednesday,,,4,11:20,12:10,Test Lab,0,1,1,0,182
Wednesday,cse_g1,2.0,5,13:40,14:30,Test Lab,2,0,1,1,182
Wednesday,cse_g1,2.0,6,14:30,15:20,Test Lab,2,1,1,1,182
Wednesday,cse_g1,8.0,7,15:30,16:20,Test Lab,2,1,1,1,182
Wednesday,cse_g1,8.0,8,16:20,17:10,Test Lab,2,1,0,1,182
Thursday,,,1,08:30,09:20,Test Lab,0,0,0,0,182
Thursday,,,2,09:20,10:10,Test Lab,0,0,1,0,182
Thursday,cse_g2,8.0,3,10:30,11:20,Test Lab,2,0,1,1,182
Thursday,cse_g2,8.0,4,11:20,12:10,Test Lab,2,1,1,1,182
Thursday,cse_g1,6.0,5,13:40,14:30,Test Lab,4,1,1,1,182
Thursday,cse_g1,6.0,6,14:30,15:20,Test Lab,4,1,1,1,182
Thursday,cse_g1,6.0,7,15:30,16:20,Test Lab,4,1,1,0,182
Thursday,cse_g1,6.0,8,16:20,17:10,Test Lab,4,1,0,1,182
Friday,cse_aiml,6.0,1,08:30,09:20,Test Lab,4,0,1,1,182
Friday,cse_aiml,6.0,2,09:20,10:10,Test Lab,4,1,1,1,182
Friday,cse_aiml,6.0,3,10:30,11:20,Test Lab,4,1,1,1,182
Friday,cse_aiml,6.0,4,11:20,12:10,Test Lab,4,1,1,1,182
Friday,cse_g1,6.0,5,13:40,14:30,Test Lab,2,1,1,1,182
Friday,cse_g1,6.0,6,14:30,15:20,Test Lab,2,1,1,1,182
Friday,cse_g2,4.0,7,15:30,16:20,Test Lab,2,1,1,1,182
Friday,cse_g2,4.0,8,16:20,17:10,Test Lab,2,1,0,1,182
Monday,,,1,08:30,09:20,Test Lab,0,0,0,0,183
Monday,,,2,09:20,10:10,Test Lab,0,0,1,0,183
Monday,cse_g1,6.0,3,10:30,11:20,Test Lab,2,0,1,1,183
Monday,cse_g1,6.0,4,11:20,12:10,Test Lab,2,1,1,1,183
Monday,cse_g2,2.0,5,13:40,14:30,Test Lab,2,1,1,1,183
Monday,cse_g2,2.0,6,14:30,15:20,Test Lab,2,1,0,1,183
Monday,,,7,15:30,16:20,Test Lab,0,1,0,0,183
Monday,,,8,16:20,17:10,Test Lab,0,0,0,0,183
Tuesday,cse_g1,4.0,1,08:30,09:20,Test Lab,4,0,1,1,183
Tuesday,cse_g1,4.0,2,09:20,10:10,Test Lab,4,1,1,1,183
Tuesday,cse_g1,4.0,3,10:30,11:20,Test Lab,4,1,1,1,183
Tuesday,cse_g1,4.0,4,11:20,12:10,Test Lab,4,1,1,1,183
Tuesday,cse_aiml,6.0,5,13:40,14:30,Test Lab,4,1,1,1,183
Tuesday,cse_aiml,6.0,6,14:30,15:20,Test Lab,4,1,1,1,183
Tuesday,cse_aiml,6.0,7,15:30,16:20,Test Lab,4,1,1,0,183
Tuesday,cse_aiml,6.0,8,16:20,17:10,Test Lab,4,1,0,1,183
Wednesday,,,1,08:30,09:20,Test Lab,0,0,1,0,183
Wednesday,cse_g2,6.0,2,09:20,10:10,Test Lab,2,0,1,1,183
Wednesday,cse_g2,6.0,3,10:30,11:20,Test Lab,2,1,0,1,183
Wednesday,,,4,11:20,12:10,Test Lab,0,1,1,0,183
Wednesday,cse_g1,2.0,5,13:40,14:30,Test Lab,2,0,1,1,183
Wednesday,cse_g1,2.0,6,14:30,15:20,Test Lab,2,1,1,1,183
Wednesday,cse_g1,8.0,7,15:30,16:20,Test Lab,2,1,1,1,183
Wednesday,cse_g1,8.0,8,16:20,17:10,Test Lab,2,1,0,1,183
Thursday,,,1,08:30,09:20,Test Lab,0,0,0,0,183
Thursday,,,2,09:20,10:10,Test Lab,0,0,1,0,183
Thursday,cse_g2,8.0,3,10:30,11:20,Test Lab,2,0,1,1,183
Thursday,cse_g2,8.0,4,11:20,12:10,Test Lab,2,1,1,1,183
Thursday,cse_g1,6.0,5,13:40,14:30,Test Lab,4,1,1,0,183
Thursday,cse_g1,6.0,6,14:30,15:20,Test Lab,4,1,1,1,183
Thursday,cse_g1,6.0,7,15:30,16:20,Test Lab,4,1,1,1,183
Thursday,cse_g1,6.0,8,16:20,17:10,Test Lab,4,1,0,1,183
Friday,cse_aiml,6.0,1,08:30,09:20,Test Lab,4,0,1,1,183
Friday,cse_aiml,6.0,2,09:20,10:10,Test Lab,4,1,1,1,183
Friday,cse_aiml,6.0,3,10:30,11:20,Test Lab,4,1,1,1,183
Friday,cse_aiml,6.0,4,11:20,12:10,Test Lab,4,1,1,1,183
Friday,cse_g1,6.0,5,13:40,14:30,Test Lab,2,1,1,1,183
Friday,cse_g1,6.0,6,14:30,15:20,Test Lab,2,1,1,0,183
Friday,cse_g2,4.0,7,15:30,16:20,Test Lab,2,1,1,1,183
Friday,cse_g2,4.0,8,16:20,17:10,Test Lab,2,1,0,1,183
Monday,,,1,08:30,09:20,Test Lab,0,0,0,0,184
Monday,,,2,09:20,10:10,Test Lab,0,0,1,0,184
Monday,cse_g1,6.0,3,10:30,11:20,Test Lab,2,0,1,1,184
Monday,cse_g1,6.0,4,11:20,12:10,Test Lab,2,1,1,1,184
Monday,cse_g2,2.0,5,13:40,14:30,Test Lab,2,1,1,1,184
Monday,cse_g2,2.0,6,14:30,15:20,Test Lab,2,1,0,1,184
Monday,,,7,15:30,16:20,Test Lab,0,1,0,0,184
Monday,,,8,16:20,17:10,Test Lab,0,0,0,0,184
Tuesday,cse_g1,4.0,1,08:30,09:20,Test Lab,4,0,1,1,184
Tuesday,cse_g1,4.0,2,09:20,10:10,Test Lab,4,1,1,1,184
Tuesday,cse_g1,4.0,3,10:30,11:20,Test Lab,4,1,1,1,184
Tuesday,cse_g1,4.0,4,11:20,12:10,Test Lab,4,1,1,1,184
Tuesday,cse_aiml,6.0,5,13:40,14:30,Test Lab,4,1,1,1,184
Tuesday,cse_aiml,6.0,6,14:30,15:20,Test Lab,4,1,1,1,184
Tuesday,cse_aiml,6.0,7,15:30,16:20,Test Lab,4,1,1,1,184
Tuesday,cse_aiml,6.0,8,16:20,17:10,Test Lab,4,1,0,1,184
Wednesday,,,1,08:30,09:20,Test Lab,0,0,1,0,184
Wednesday,cse_g2,6.0,2,09:20,10:10,Test Lab,2,0,1,1,184
Wednesday,cse_g2,6.0,3,10:30,11:20,Test Lab,2,1,0,1,184
Wednesday,,,4,11:20,12:10,Test Lab,0,1,1,0,184
Wednesday,cse_g1,2.0,5,13:40,14:30,Test Lab,2,0,1,1,184
Wednesday,cse_g1,2.0,6,14:30,15:20,Test Lab,2,1,1,0,184
Wednesday,cse_g1,8.0,7,15:30,16:20,Test Lab,2,1,1,1,184
Wednesday,cse_g1,8.0,8,16:20,17:10,Test Lab,2,1,0,1,184
Thursday,,,1,08:30,09:20,Test Lab,0,0,0,0,184
Thursday,,,2,09:20,10:10,Test Lab,0,0,1,0,184
Thursday,cse_g2,8.0,3,10:30,11:20,Test Lab,2,0,1,1,184
Thursday,cse_g2,8.0,4,11:20,12:10,Test Lab,2,1,1,1,184
Thursday,cse_g1,6.0,5,13:40,14:30,Test Lab,4,1,1,1,184
Thursday,cse_g1,6.0,6,14:30,15:20,Test Lab,4,1,1,1,184
Thursday,cse_g1,6.0,7,15:30,16:20,Test Lab,4,1,1,1,184
Thursday,cse_g1,6.0,8,16:20,17:10,Test Lab,4,1,0,1,184
Friday,cse_aiml,6.0,1,08:30,09:20,Test Lab,4,0,1,1,184
Friday,cse_aiml,6.0,2,09:20,10:10,Test Lab,4,1,1,1,184
Friday,cse_aiml,6.0,3,10:30,11:20,Test Lab,4,1,1,1,184
Friday,cse_aiml,6.0,4,11:20,12:10,Test Lab,4,1,1,0,184
Friday,cse_g1,6.0,5,13:40,14:30,Test Lab,2,1,1,1,184
Friday,cse_g1,6.0,6,14:30,15:20,Test Lab,2,1,1,1,184
Friday,cse_g2,4.0,7,15:30,16:20,Test Lab,2,1,1,1,184
Friday,cse_g2,4.0,8,16:20,17:10,Test Lab,2,1,0,1,184
Monday,,,1,08:30,09:20,Test Lab,0,0,0,0,185
Monday,,,2,09:20,10:10,Test Lab,0,0,1,0,185
Monday,cse_g1,6.0,3,10:30,11:20,Test Lab,2,0,1,1,185
Monday,cse_g1,6.0,4,11:20,12:10,Test Lab,2,1,1,1,185
Monday,cse_g2,2.0,5,13:40,14:30,Test Lab,2,1,1,1,185
Monday,cse_g2,2.0,6,14:30,15:20,Test Lab,2,1,0,1,185
Monday,,,7,15:30,16:20,Test Lab,0,1,0,0,185
Monday,,,8,16:20,17:10,Test Lab,0,0,0,1,185
Tuesday,cse_g1,4.0,1,08:30,09:20,Test Lab,4,0,1,1,185
Tuesday,cse_g1,4.0,2,09:20,10:10,Test Lab,4,1,1,1,185
Tuesday,cse_g1,4.0,3,10:30,11:20,Test Lab,4,1,1,1,185
Tuesday,cse_g1,4.0,4,11:20,12:10,Test Lab,4,1,1,1,185
Tuesday,cse_aiml,6.0,5,13:40,14:30,Test Lab,4,1,1,0,185
Tuesday,cse_aiml,6.0,6,14:30,15:20,Test Lab,4,1,1,1,185
Tuesday,cse_aiml,6.0,7,15:30,16:20,Test Lab,4,1,1,1,185
Tuesday,cse_aiml,6.0,8,16:20,17:10,Test Lab,4,1,0,1,185
Wednesday,,,1,08:30,09:20,Test Lab,0,0,1,0,185
Wednesday,cse_g2,6.0,2,09:20,10:10,Test Lab,2,0,1,1,185
Wednesday,cse_g2,6.0,3,10:30,11:20,Test Lab,2,1,0,1,185
Wednesday,,,4,11:20,12:10,Test Lab,0,1,1,0,185
Wednesday,cse_g1,2.0,5,13:40,14:30,Test Lab,2,0,1,1,185
Wednesday,cse_g1,2.0,6,14:30,15:20,Test Lab,2,1,1,1,185
Wednesday,cse_g1,8.0,7,15:30,16:20,Test Lab,2,1,1,1,185
Wednesday,cse_g1,8.0,8,16:20,17:10,Test Lab,2,1,0,0,185
Thursday,,,1,08:30,09:20,Test Lab,0,0,0,0,185
Thursday,,,2,09:20,10:10,Test Lab,0,0,1,0,185
Thursday,cse_g2,8.0,3,10:30,11:20,Test Lab,2,0,1,1,185
Thursday,cse_g2,8.0,4,11:20,12:10,Test Lab,2,1,1,1,185
Thursday,cse_g1,6.0,5,13:40,14:30,Test Lab,4,1,1,1,185
Thursday,cse_g1,6.0,6,14:30,15:20,Test Lab,4,1,1,1,185
Thursday,cse_g1,6.0,7,15:30,16:20,Test Lab,4,1,1,0,185
Thursday,cse_g1,6.0,8,16:20,17:10,Test Lab,4,1,0,1,185
Friday,cse_aiml,6.0,1,08:30,09:20,Test Lab,4,0,1,1,185
Friday,cse_aiml,6.0,2,09:20,10:10,Test Lab,4,1,1,0,185
Friday,cse_aiml,6.0,3,10:30,11:20,Test Lab,4,1,1,1,185
Friday,cse_aiml,6.0,4,11:20,12:10,Test Lab,4,1,1,1,185
Friday,cse_g1,6.0,5,13:40,14:30,Test Lab,2,1,1,1,185
Friday,cse_g1,6.0,6,14:30,15:20,Test Lab,2,1,1,1,185
Friday,cse_g2,4.0,7,15:30,16:20,Test Lab,2,1,1,1,185
Friday,cse_g2,4.0,8,16:20,17:10,Test Lab,2,1,0,1,185
Monday,,,1,08:30,09:20,Test Lab,0,0,0,0,186
Monday,,,2,09:20,10:10,Test Lab,0,0,1,0,186
Monday,cse_g1,6.0,3,10:30,11:20,Test Lab,2,0,1,1,186
Monday,cse_g1,6.0,4,11:20,12:10,Test Lab,2,1,1,1,186
Monday,cse_g2,2.0,5,13:40,14:30,Test Lab,2,1,1,1,186
Monday,cse_g2,2.0,6,14:30,15:20,Test Lab,2,1,0,1,186
Monday,,,7,15:30,16:20,Test Lab,0,1,0,0,186
Monday,,,8,16:20,17:10,Test Lab,0,0,0,0,186
Tuesday,cse_g1,4.0,1,08:30,09:20,Test Lab,4,0,1,1,186
Tuesday,cse_g1,4.0,2,09:20,10:10,Test Lab,4,1,1,1,186
Tuesday,cse_g1,4.0,3,10:30,11:20,Test Lab,4,1,1,1,186
Tuesday,cse_g1,4.0,4,11:20,12:10,Test Lab,4,1,1,1,186
Tuesday,cse_aiml,6.0,5,13:40,14:30,Test Lab,4,1,1,1,186
Tuesday,cse_aiml,6.0,6,14:30,15:20,Test Lab,4,1,1,1,186
Tuesday,cse_aiml,6.0,7,15:30,16:20,Test Lab,4,1,1,1,186
Tuesday,cse_aiml,6.0,8,16:20,17:10,Test Lab,4,1,0,1,186
Wednesday,,,1,08:30,09:20,Test Lab,0,0,1,0,186
Wednesday,cse_g2,6.0,2,09:20,10:10,Test Lab,2,0,1,1,186
Wednesday,cse_g2,6.0,3,10:30,11:20,Test Lab,2,1,0,1,186
Wednesday,,,4,11:20,12:10,Test Lab,0,1,1,0,186
Wednesday,cse_g1,2.0,5,13:40,14:30,Test Lab,2,0,1,1,186
Wednesday,cse_g1,2.0,6,14:30,15:20,Test Lab,2,1,1,1,186
Wednesday,cse_g1,8.0,7,15:30,16:20,Test Lab,2,1,1,1,186
Wednesday,cse_g1,8.0,8,16:20,17:10,Test Lab,2,1,0,1,186
Thursday,,,1,08:30,09:20,Test Lab,0,0,0,0,186
Thursday,,,2,09:20,10:10,Test Lab,0,0,1,0,186
Thursday,cse_g2,8.0,3,10:30,11:20,Test Lab,2,0,1,1,186
Thursday,cse_g2,8.0,4,11:20,12:10,Test Lab,2,1,1,1,186
Thursday,cse_g1,6.0,5,13:40,14:30,Test Lab,4,1,1,1,186
Thursday,cse_g1,6.0,6,14:30,15:20,Test Lab,4,1,1,1,186
Thursday,cse_g1,6.0,7,15:30,16:20,Test Lab,4,1,1,1,186
Thursday,cse_g1,6.0,8,16:20,17:10,Test Lab,4,1,0,1,186
Friday,cse_aiml,6.0,1,08:30,09:20,Test Lab,4,0,1,1,186
Friday,cse_aiml,6.0,2,09:20,10:10,Test Lab,4,1,1,1,186
Friday,cse_aiml,6.0,3,10:30,11:20,Test Lab,4,1,1,0,186
Friday,cse_aiml,6.0,4,11:20,12:10,Test Lab,4,1,1,1,186
Friday,cse_g1,6.0,5,13:40,14:30,Test Lab,2,1,1,1,186
Friday,cse_g1,6.0,6,14:30,15:20,Test Lab,2,1,1,1,186
Friday,cse_g2,4.0,7,15:30,16:20,Test Lab,2,1,1,1,186
Friday,cse_g2,4.0,8,16:20,17:10,Test Lab,2,1,0,1,186
Monday,,,1,08:30,09:20,Test Lab,0,0,0,0,187
Monday,,,2,09:20,10:10,Test Lab,0,0,1,0,187
Monday,cse_g1,6.0,3,10:30,11:20,Test Lab,2,0,1,1,187
Monday,cse_g1,6.0,4,11:20,12:10,Test Lab,2,1,1,1,187
Monday,cse_g2,2.0,5,13:40,14:30,Test Lab,2,1,1,1,187
Monday,cse_g2,2.0,6,14:30,15:20,Test Lab,2,1,0,1,187
Monday,,,7,15:30,16:20,Test Lab,0,1,0,0,187
Monday,,,8,16:20,17:10,Test Lab,0,0,0,0,187
Tuesday,cse_g1,4.0,1,08:30,09:20,Test Lab,4,0,1,1,187
Tuesday,cse_g1,4.0,2,09:20,10:10,Test Lab,4,1,1,1,187
Tuesday,cse_g1,4.0,3,10:30,11:20,Test Lab,4,1,1,1,187
Tuesday,cse_g1,4.0,4,11:20,12:10,Test Lab,4,1,1,1,187
Tuesday,cse_aiml,6.0,5,13:40,14:30,Test Lab,4,1,1,1,187
Tuesday,cse_aiml,6.0,6,14:30,15:20,Test Lab,4,1,1,1,187
Tuesday,cse_aiml,6.0,7,15:30,16:20,Test Lab,4,1,1,1,187
Tuesday,cse_aiml,6.0,8,16:20,17:10,Test Lab,4,1,0,1,187
Wednesday,,,1,08:30,09:20,Test Lab,0,0,1,0,187
Wednesday,cse_g2,6.0,2,09:20,10:10,Test Lab,2,0,1,1,187
Wednesday,cse_g2,6.0,3,10:30,11:20,Test Lab,2,1,0,1,187
Wednesday,,,4,11:20,12:10,Test Lab,0,1,1,0,187
Wednesday,cse_g1,2.0,5,13:40,14:30,Test Lab,2,0,1,1,187
Wednesday,cse_g1,2.0,6,14:30,15:20,Test Lab,2,1,1,1,187
Wednesday,cse_g1,8.0,7,15:30,16:20,Test Lab,2,1,1,1,187
Wednesday,cse_g1,8.0,8,16:20,17:10,Test Lab,2,1,0,1,187
Thursday,,,1,08:30,09:20,Test Lab,0,0,0,0,187
Thursday,,,2,09:20,10:10,Test Lab,0,0,1,0,187
Thursday,cse_g2,8.0,3,10:30,11:20,Test Lab,2,0,1,1,187
Thursday,cse_g2,8.0,4,11:20,12:10,Test Lab,2,1,1,1,187
Thursday,cse_g1,6.0,5,13:40,14:30,Test Lab,4,1,1,1,187
Thursday,cse_g1,6.0,6,14:30,15:20,Test Lab,4,1,1,1,187
Thursday,cse_g1,6.0,7,15:30,16:20,Test Lab,4,1,1,1,187
Thursday,cse_g1,6.0,8,16:20,17:10,Test Lab,4,1,0,1,187
Friday,cse_aiml,6.0,1,08:30,09:20,Test Lab,4,0,1,1,187
Friday,cse_aiml,6.0,2,09:20,10:10,Test Lab,4,1,1,1,187
Friday,cse_aiml,6.0,3,10:30,11:20,Test Lab,4,1,1,1,187
Friday,cse_aiml,6.0,4,11:20,12:10,Test Lab,4,1,1,1,187
Friday,cse_g1,6.0,5,13:40,14:30,Test Lab,2,1,1,1,187
Friday,cse_g1,6.0,6,14:30,15:20,Test Lab,2,1,1,1,187
Friday,cse_g2,4.0,7,15:30,16:20,Test Lab,2,1,1,1,187
Friday,cse_g2,4.0,8,16:20,17:10,Test Lab,2,1,0,1,187
Monday,,,1,08:30,09:20,Test Lab,0,0,0,0,188
Monday,,,2,09:20,10:10,Test Lab,0,0,1,0,188
Monday,cse_g1,6.0,3,10:30,11:20,Test Lab,2,0,1,1,188
Monday,cse_g1,6.0,4,11:20,12:10,Test Lab,2,1,1,1,188
Monday,cse_g2,2.0,5,13:40,14:30,Test Lab,2,1,1,1,188
Monday,cse_g2,2.0,6,14:30,15:20,Test Lab,2,1,0,1,188
Monday,,,7,15:30,16:20,Test Lab,0,1,0,0,188
Monday,,,8,16:20,17:10,Test Lab,0,0,0,0,188
Tuesday,cse_g1,4.0,1,08:30,09:20,Test Lab,4,0,1,1,188
Tuesday,cse_g1,4.0,2,09:20,10:10,Test Lab,4,1,1,1,188
Tuesday,cse_g1,4.0,3,10:30,11:20,Test Lab,4,1,1,1,188
Tuesday,cse_g1,4.0,4,11:20,12:10,Test Lab,4,1,1,1,188
Tuesday,cse_aiml,6.0,5,13:40,14:30,Test Lab,4,1,1,1,188
Tuesday,cse_aiml,6.0,6,14:30,15:20,Test Lab,4,1,1,1,188
Tuesday,cse_aiml,6.0,7,15:30,16:20,Test Lab,4,1,1,1,188
Tuesday,cse_aiml,6.0,8,16:20,17:10,Test Lab,4,1,0,1,188
Wednesday,,,1,08:30,09:20,Test Lab,0,0,1,0,188
Wednesday,cse_g2,6.0,2,09:20,10:10,Test Lab,2,0,1,0,188
Wednesday,cse_g2,6.0,3,10:30,11:20,Test Lab,2,1,0,0,188
Wednesday,,,4,11:20,12:10,Test Lab,0,1,1,0,188
Wednesday,cse_g1,2.0,5,13:40,14:30,Test Lab,2,0,1,1,188
Wednesday,cse_g1,2.0,6,14:30,15:20,Test Lab,2,1,1,1,188
Wednesday,cse_g1,8.0,7,15:30,16:20,Test Lab,2,1,1,1,188
Wednesday,cse_g1,8.0,8,16:20,17:10,Test Lab,2,1,0,0,188
Thursday,,,1,08:30,09:20,Test Lab,0,0,0,0,188
Thursday,,,2,09:20,10:10,Test Lab,0,0,1,0,188
Thursday,cse_g2,8.0,3,10:30,11:20,Test Lab,2,0,1,1,188
Thursday,cse_g2,8.0,4,11:20,12:10,Test Lab,2,1,1,1,188
Thursday,cse_g1,6.0,5,13:40,14:30,Test Lab,4,1,1,1,188
Thursday,cse_g1,6.0,6,14:30,15:20,Test Lab,4,1,1,1,188
Thursday,cse_g1,6.0,7,15:30,16:20,Test Lab,4,1,1,0,188
Thursday,cse_g1,6.0,8,16:20,17:10,Test Lab,4,1,0,1,188
Friday,cse_aiml,6.0,1,08:30,09:20,Test Lab,4,0,1,1,188
Friday,cse_aiml,6.0,2,09:20,10:10,Test Lab,4,1,1,0,188
Friday,cse_aiml,6.0,3,10:30,11:20,Test Lab,4,1,1,1,188
Friday,cse_aiml,6.0,4,11:20,12:10,Test Lab,4,1,1,1,188
Friday,cse_g1,6.0,5,13:40,14:30,Test Lab,2,1,1,1,188
Friday,cse_g1,6.0,6,14:30,15:20,Test Lab,2,1,1,1,188
Friday,cse_g2,4.0,7,15:30,16:20,Test Lab,2,1,1,1,188
Friday,cse_g2,4.0,8,16:20,17:10,Test Lab,2,1,0,1,188
Monday,,,1,08:30,09:20,Test Lab,0,0,0,0,189
Monday,,,2,09:20,10:10,Test Lab,0,0,1,0,189
Monday,cse_g1,6.0,3,10:30,11:20,Test Lab,2,0,1,1,189
Monday,cse_g1,6.0,4,11:20,12:10,Test Lab,2,1,1,1,189
Monday,cse_g2,2.0,5,13:40,14:30,Test Lab,2,1,1,1,189
Monday,cse_g2,2.0,6,14:30,15:20,Test Lab,2,1,0,1,189
Monday,,,7,15:30,16:20,Test Lab,0,1,0,0,189
Monday,,,8,16:20,17:10,Test Lab,0,0,0,0,189
Tuesday,cse_g1,4.0,1,08:30,09:20,Test Lab,4,0,1,1,189
Tuesday,cse_g1,4.0,2,09:20,10:10,Test Lab,4,1,1,1,189
Tuesday,cse_g1,4.0,3,10:30,11:20,Test Lab,4,1,1,1,189
Tuesday,cse_g1,4.0,4,11:20,12:10,Test Lab,4,1,1,1,189
Tuesday,cse_aiml,6.0,5,13:40,14:30,Test Lab,4,1,1,1,189
Tuesday,cse_aiml,6.0,6,14:30,15:20,Test Lab,4,1,1,1,189
Tuesday,cse_aiml,6.0,7,15:30,16:20,Test Lab,4,1,1,1,189
Tuesday,cse_aiml,6.0,8,16:20,17:10,Test Lab,4,1,0,1,189
Wednesday,,,1,08:30,09:20,Test Lab,0,0,1,1,189
Wednesday,cse_g2,6.0,2,09:20,10:10,Test Lab,2,0,1,1,189
Wednesday,cse_g2,6.0,3,10:30,11:20,Test Lab,2,1,0,1,189
Wednesday,,,4,11:20,12:10,Test Lab,0,1,1,0,189
Wednesday,cse_g1,2.0,5,13:40,14:30,Test Lab,2,0,1,1,189
Wednesday,cse_g1,2.0,6,14:30,15:20,Test Lab,2,1,1,1,189
Wednesday,cse_g1,8.0,7,15:30,16:20,Test Lab,2,1,1,1,189
Wednesday,cse_g1,8.0,8,16:20,17:10,Test Lab,2,1,0,1,189
Thursday,,,1,08:30,09:20,Test Lab,0,0,0,0,189
Thursday,,,2,09:20,10:10,Test Lab,0,0,1,0,189
Thursday,cse_g2,8.0,3,10:30,11:20,Test Lab,2,0,1,1,189
Thursday,cse_g2,8.0,4,11:20,12:10,Test Lab,2,1,1,1,189
Thursday,cse_g1,6.0,5,13:40,14:30,Test Lab,4,1,1,1,189
Thursday,cse_g1,6.0,6,14:30,15:20,Test Lab,4,1,1,1,189
Thursday,cse_g1,6.0,7,15:30,16:20,Test Lab,4,1,1,1,189
Thursday,cse_g1,6.0,8,16:20,17:10,Test Lab,4,1,0,1,189
Friday,cse_aiml,6.0,1,08:30,09:20,Test Lab,4,0,1,1,189
Friday,cse_aiml,6.0,2,09:20,10:10,Test Lab,4,1,1,1,189
Friday,cse_aiml,6.0,3,10:30,11:20,Test Lab,4,1,1,1,189
Friday,cse_aiml,6.0,4,11:20,12:10,Test Lab,4,1,1,1,189
Friday,cse_g1,6.0,5,13:40,14:30,Test Lab,2,1,1,1,189
Friday,cse_g1,6.0,6,14:30,15:20,Test Lab,2,1,1,1,189
Friday,cse_g2,4.0,7,15:30,16:20,Test Lab,2,1,1,1,189
Friday,cse_g2,4.0,8,16:20,17:10,Test Lab,2,1,0,1,189
Monday,,,1,08:30,09:20,Test Lab,0,0,0,0,190
Monday,,,2,09:20,10:10,Test Lab,0,0,1,0,190
Monday,cse_g1,6.0,3,10:30,11:20,Test Lab,2,0,1,1,190
Monday,cse_g1,6.0,4,11:20,12:10,Test Lab,2,1,1,1,190
Monday,cse_g2,2.0,5,13:40,14:30,Test Lab,2,1,1,1,190
Monday,cse_g2,2.0,6,14:30,15:20,Test Lab,2,1,0,1,190
Monday,,,7,15:30,16:20,Test Lab,0,1,0,0,190
Monday,,,8,16:20,17:10,Test Lab,0,0,0,0,190
Tuesday,cse_g1,4.0,1,08:30,09:20,Test Lab,4,0,1,1,190
Tuesday,cse_g1,4.0,2,09:20,10:10,Test Lab,4,1,1,1,190
Tuesday,cse_g1,4.0,3,10:30,11:20,Test Lab,4,1,1,1,190
Tuesday,cse_g1,4.0,4,11:20,12:10,Test Lab,4,1,1,1,190
Tuesday,cse_aiml,6.0,5,13:40,14:30,Test Lab,4,1,1,1,190
Tuesday,cse_aiml,6.0,6,14:30,15:20,Test Lab,4,1,1,1,190
Tuesday,cse_aiml,6.0,7,15:30,16:20,Test Lab,4,1,1,1,190
Tuesday,cse_aiml,6.0,8,16:20,17:10,Test Lab,4,1,0,0,190
Wednesday,,,1,08:30,09:20,Test Lab,0,0,1,0,190
Wednesday,cse_g2,6.0,2,09:20,10:10,Test Lab,2,0,1,1,190
Wednesday,cse_g2,6.0,3,10:30,11:20,Test Lab,2,1,0,1,190
Wednesday,,,4,11:20,12:10,Test Lab,0,1,1,0,190
Wednesday,cse_g1,2.0,5,13:40,14:30,Test Lab,2,0,1,1,190
Wednesday,cse_g1,2.0,6,14:30,15:20,Test Lab,2,1,1,1,190
Wednesday,cse_g1,8.0,7,15:30,16:20,Test Lab,2,1,1,0,190
Wednesday,cse_g1,8.0,8,16:20,17:10,Test Lab,2,1,0,0,190
Thursday,,,1,08:30,09:20,Test Lab,0,0,0,0,190
Thursday,,,2,09:20,10:10,Test Lab,0,0,1,1,190
Thursday,cse_g2,8.0,3,10:30,11:20,Test Lab,2,0,1,1,190
Thursday,cse_g2,8.0,4,11:20,12:10,Test Lab,2,1,1,1,190
Thursday,cse_g1,6.0,5,13:40,14:30,Test Lab,4,1,1,1,190
Thursday,cse_g1,6.0,6,14:30,15:20,Test Lab,4,1,1,1,190
Thursday,cse_g1,6.0,7,15:30,16:20,Test Lab,4,1,1,1,190
Thursday,cse_g1,6.0,8,16:20,17:10,Test Lab,4,1,0,1,190
Friday,cse_aiml,6.0,1,08:30,09:20,Test Lab,4,0,1,1,190
Friday,cse_aiml,6.0,2,09:20,10:10,Test Lab,4,1,1,1,190
Friday,cse_aiml,6.0,3,10:30,11:20,Test Lab,4,1,1,1,190
Friday,cse_aiml,6.0,4,11:20,12:10,Test Lab,4,1,1,1,190
Friday,cse_g1,6.0,5,13:40,14:30,Test Lab,2,1,1,1,190
Friday,cse_g1,6.0,6,14:30,15:20,Test Lab,2,1,1,1,190
Friday,cse_g2,4.0,7,15:30,16:20,Test Lab,2,1,1,0,190
Friday,cse_g2,4.0,8,16:20,17:10,Test Lab,2,1,0,1,190
Monday,,,1,08:30,09:20,Test Lab,0,0,0,0,191
Monday,,,2,09:20,10:10,Test Lab,0,0,1,0,191
Monday,cse_g1,6.0,3,10:30,11:20,Test Lab,2,0,1,1,191
Monday,cse_g1,6.0,4,11:20,12:10,Test Lab,2,1,1,1,191
Monday,cse_g2,2.0,5,13:40,14:30,Test Lab,2,1,1,1,191
Monday,cse_g2,2.0,6,14:30,15:20,Test Lab,2,1,0,1,191
Monday,,,7,15:30,16:20,Test Lab,0,1,0,0,191
Monday,,,8,16:20,17:10,Test Lab,0,0,0,0,191
Tuesday,cse_g1,4.0,1,08:30,09:20,Test Lab,4,0,1,1,191
Tuesday,cse_g1,4.0,2,09:20,10:10,Test Lab,4,1,1,1,191
Tuesday,cse_g1,4.0,3,10:30,11:20,Test Lab,4,1,1,1,191
Tuesday,cse_g1,4.0,4,11:20,12:10,Test Lab,4,1,1,1,191
Tuesday,cse_aiml,6.0,5,13:40,14:30,Test Lab,4,1,1,1,191
Tuesday,cse_aiml,6.0,6,14:30,15:20,Test Lab,4,1,1,1,191
Tuesday,cse_aiml,6.0,7,15:30,16:20,Test Lab,4,1,1,1,191
Tuesday,cse_aiml,6.0,8,16:20,17:10,Test Lab,4,1,0,1,191
Wednesday,,,1,08:30,09:20,Test Lab,0,0,1,0,191
Wednesday,cse_g2,6.0,2,09:20,10:10,Test Lab,2,0,1,1,191
Wednesday,cse_g2,6.0,3,10:30,11:20,Test Lab,2,1,0,1,191
Wednesday,,,4,11:20,12:10,Test Lab,0,1,1,0,191
Wednesday,cse_g1,2.0,5,13:40,14:30,Test Lab,2,0,1,1,191
Wednesday,cse_g1,2.0,6,14:30,15:20,Test Lab,2,1,1,1,191
Wednesday,cse_g1,8.0,7,15:30,16:20,Test Lab,2,1,1,1,191
Wednesday,cse_g1,8.0,8,16:20,17:10,Test Lab,2,1,0,1,191
Thursday,,,1,08:30,09:20,Test Lab,0,0,0,0,191
Thursday,,,2,09:20,10:10,Test Lab,0,0,1,0,191
Thursday,cse_g2,8.0,3,10:30,11:20,Test Lab,2,0,1,0,191
Thursday,cse_g2,8.0,4,11:20,12:10,Test Lab,2,1,1,1,191
Thursday,cse_g1,6.0,5,13:40,14:30,Test Lab,4,1,1,1,191
Thursday,cse_g1,6.0,6,14:30,15:20,Test Lab,4,1,1,1,191
Thursday,cse_g1,6.0,7,15:30,16:20,Test Lab,4,1,1,1,191
Thursday,cse_g1,6.0,8,16:20,17:10,Test Lab,4,1,0,1,191
Friday,cse_aiml,6.0,1,08:30,09:20,Test Lab,4,0,1,1,191
Friday,cse_aiml,6.0,2,09:20,10:10,Test Lab,4,1,1,1,191
Friday,cse_aiml,6.0,3,10:30,11:20,Test Lab,4,1,1,1,191
Friday,cse_aiml,6.0,4,11:20,12:10,Test Lab,4,1,1,1,191
Friday,cse_g1,6.0,5,13:40,14:30,Test Lab,2,1,1,1,191
Friday,cse_g1,6.0,6,14:30,15:20,Test Lab,2,1,1,1,191
Friday,cse_g2,4.0,7,15:30,16:20,Test Lab,2,1,1,1,191
Friday,cse_g2,4.0,8,16:20,17:10,Test Lab,2,1,0,1,191
Monday,,,1,08:30,09:20,Test Lab,0,0,0,0,192
Monday,,,2,09:20,10:10,Test Lab,0,0,1,0,192
Monday,cse_g1,6.0,3,10:30,11:20,Test Lab,2,0,1,1,192
Monday,cse_g1,6.0,4,11:20,12:10,Test Lab,2,1,1,1,192
Monday,cse_g2,2.0,5,13:40,14:30,Test Lab,2,1,1,1,192
Monday,cse_g2,2.0,6,14:30,15:20,Test Lab,2,1,0,1,192
Monday,,,7,15:30,16:20,Test Lab,0,1,0,0,192
Monday,,,8,16:20,17:10,Test Lab,0,0,0,0,192
Tuesday,cse_g1,4.0,1,08:30,09:20,Test Lab,4,0,1,1,192
Tuesday,cse_g1,4.0,2,09:20,10:10,Test Lab,4,1,1,1,192
Tuesday,cse_g1,4.0,3,10:30,11:20,Test Lab,4,1,1,1,192
Tuesday,cse_g1,4.0,4,11:20,12:10,Test Lab,4,1,1,1,192
Tuesday,cse_aiml,6.0,5,13:40,14:30,Test Lab,4,1,1,1,192
Tuesday,cse_aiml,6.0,6,14:30,15:20,Test Lab,4,1,1,1,192
Tuesday,cse_aiml,6.0,7,15:30,16:20,Test Lab,4,1,1,1,192
Tuesday,cse_aiml,6.0,8,16:20,17:10,Test Lab,4,1,0,1,192
Wednesday,,,1,08:30,09:20,Test Lab,0,0,1,0,192
Wednesday,cse_g2,6.0,2,09:20,10:10,Test Lab,2,0,1,1,192
Wednesday,cse_g2,6.0,3,10:30,11:20,Test Lab,2,1,0,1,192
Wednesday,,,4,11:20,12:10,Test Lab,0,1,1,0,192
Wednesday,cse_g1,2.0,5,13:40,14:30,Test Lab,2,0,1,1,192
Wednesday,cse_g1,2.0,6,14:30,15:20,Test Lab,2,1,1,1,192
Wednesday,cse_g1,8.0,7,15:30,16:20,Test Lab,2,1,1,1,192
Wednesday,cse_g1,8.0,8,16:20,17:10,Test Lab,2,1,0,1,192
Thursday,,,1,08:30,09:20,Test Lab,0,0,0,0,192
Thursday,,,2,09:20,10:10,Test Lab,0,0,1,0,192
Thursday,cse_g2,8.0,3,10:30,11:20,Test Lab,2,0,1,1,192
Thursday,cse_g2,8.0,4,11:20,12:10,Test Lab,2,1,1,1,192
Thursday,cse_g1,6.0,5,13:40,14:30,Test Lab,4,1,1,1,192
Thursday,cse_g1,6.0,6,14:30,15:20,Test Lab,4,1,1,1,192
Thursday,cse_g1,6.0,7,15:30,16:20,Test Lab,4,1,1,1,192
Thursday,cse_g1,6.0,8,16:20,17:10,Test Lab,4,1,0,1,192
Friday,cse_aiml,6.0,1,08:30,09:20,Test Lab,4,0,1,1,192
Friday,cse_aiml,6.0,2,09:20,10:10,Test Lab,4,1,1,1,192
Friday,cse_aiml,6.0,3,10:30,11:20,Test Lab,4,1,1,1,192
Friday,cse_aiml,6.0,4,11:20,12:10,Test Lab,4,1,1,1,192
Friday,cse_g1,6.0,5,13:40,14:30,Test Lab,2,1,1,1,192
Friday,cse_g1,6.0,6,14:30,15:20,Test Lab,2,1,1,1,192
Friday,cse_g2,4.0,7,15:30,16:20,Test Lab,2,1,1,1,192
Friday,cse_g2,4.0,8,16:20,17:10,Test Lab,2,1,0,1,192
Monday,,,1,08:30,09:20,Test Lab,0,0,0,0,193
Monday,,,2,09:20,10:10,Test Lab,0,0,1,0,193
Monday,cse_g1,6.0,3,10:30,11:20,Test Lab,2,0,1,1,193
Monday,cse_g1,6.0,4,11:20,12:10,Test Lab,2,1,1,1,193
Monday,cse_g2,2.0,5,13:40,14:30,Test Lab,2,1,1,1,193
Monday,cse_g2,2.0,6,14:30,15:20,Test Lab,2,1,0,1,193
Monday,,,7,15:30,16:20,Test Lab,0,1,0,1,193
Monday,,,8,16:20,17:10,Test Lab,0,0,0,0,193
Tuesday,cse_g1,4.0,1,08:30,09:20,Test Lab,4,0,1,1,193
Tuesday,cse_g1,4.0,2,09:20,10:10,Test Lab,4,1,1,1,193
Tuesday,cse_g1,4.0,3,10:30,11:20,Test Lab,4,1,1,1,193
Tuesday,cse_g1,4.0,4,11:20,12:10,Test Lab,4,1,1,1,193
Tuesday,cse_aiml,6.0,5,13:40,14:30,Test Lab,4,1,1,1,193
Tuesday,cse_aiml,6.0,6,14:30,15:20,Test Lab,4,1,1,1,193
Tuesday,cse_aiml,6.0,7,15:30,16:20,Test Lab,4,1,1,0,193
Tuesday,cse_aiml,6.0,8,16:20,17:10,Test Lab,4,1,0,1,193
Wednesday,,,1,08:30,09:20,Test Lab,0,0,1,0,193
Wednesday,cse_g2,6.0,2,09:20,10:10,Test Lab,2,0,1,1,193
Wednesday,cse_g2,6.0,3,10:30,11:20,Test Lab,2,1,0,1,193
Wednesday,,,4,11:20,12:10,Test Lab,0,1,1,0,193
Wednesday,cse_g1,2.0,5,13:40,14:30,Test Lab,2,0,1,1,193
Wednesday,cse_g1,2.0,6,14:30,15:20,Test Lab,2,1,1,1,193
Wednesday,cse_g1,8.0,7,15:30,16:20,Test Lab,2,1,1,1,193
Wednesday,cse_g1,8.0,8,16:20,17:10,Test Lab,2,1,0,1,193
Thursday,,,1,08:30,09:20,Test Lab,0,0,0,0,193
Thursday,,,2,09:20,10:10,Test Lab,0,0,1,0,193
Thursday,cse_g2,8.0,3,10:30,11:20,Test Lab,2,0,1,1,193
Thursday,cse_g2,8.0,4,11:20,12:10,Test Lab,2,1,1,1,193
Thursday,cse_g1,6.0,5,13:40,14:30,Test Lab,4,1,1,1,193
Thursday,cse_g1,6.0,6,14:30,15:20,Test Lab,4,1,1,1,193
Thursday,cse_g1,6.0,7,15:30,16:20,Test Lab,4,1,1,1,193
Thursday,cse_g1,6.0,8,16:20,17:10,Test Lab,4,1,0,1,193
Friday,cse_aiml,6.0,1,08:30,09:20,Test Lab,4,0,1,1,193
Friday,cse_aiml,6.0,2,09:20,10:10,Test Lab,4,1,1,1,193
Friday,cse_aiml,6.0,3,10:30,11:20,Test Lab,4,1,1,1,193
Friday,cse_aiml,6.0,4,11:20,12:10,Test Lab,4,1,1,0,193
Friday,cse_g1,6.0,5,13:40,14:30,Test Lab,2,1,1,0,193
Friday,cse_g1,6.0,6,14:30,15:20,Test Lab,2,1,1,1,193
Friday,cse_g2,4.0,7,15:30,16:20,Test Lab,2,1,1,1,193
Friday,cse_g2,4.0,8,16:20,17:10,Test Lab,2,1,0,1,193
Monday,,,1,08:30,09:20,Test Lab,0,0,0,0,194
Monday,,,2,09:20,10:10,Test Lab,0,0,1,0,194
Monday,cse_g1,6.0,3,10:30,11:20,Test Lab,2,0,1,1,194
Monday,cse_g1,6.0,4,11:20,12:10,Test Lab,2,1,1,1,194
Monday,cse_g2,2.0,5,13:40,14:30,Test Lab,2,1,1,1,194
Monday,cse_g2,2.0,6,14:30,15:20,Test Lab,2,1,0,1,194
Monday,,,7,15:30,16:20,Test Lab,0,1,0,0,194
Monday,,,8,16:20,17:10,Test Lab,0,0,0,0,194
Tuesday,cse_g1,4.0,1,08:30,09:20,Test Lab,4,0,1,1,194
Tuesday,cse_g1,4.0,2,09:20,10:10,Test Lab,4,1,1,1,194
Tuesday,cse_g1,4.0,3,10:30,11:20,Test Lab,4,1,1,1,194
Tuesday,cse_g1,4.0,4,11:20,12:10,Test Lab,4,1,1,1,194
Tuesday,cse_aiml,6.0,5,13:40,14:30,Test Lab,4,1,1,1,194
Tuesday,cse_aiml,6.0,6,14:30,15:20,Test Lab,4,1,1,1,194
Tuesday,cse_aiml,6.0,7,15:30,16:20,Test Lab,4,1,1,1,194
Tuesday,cse_aiml,6.0,8,16:20,17:10,Test Lab,4,1,0,1,194
Wednesday,,,1,08:30,09:20,Test Lab,0,0,1,0,194
Wednesday,cse_g2,6.0,2,09:20,10:10,Test Lab,2,0,1,1,194
Wednesday,cse_g2,6.0,3,10:30,11:20,Test Lab,2,1,0,1,194
Wednesday,,,4,11:20,12:10,Test Lab,0,1,1,0,194
Wednesday,cse_g1,2.0,5,13:40,14:30,Test Lab,2,0,1,1,194
Wednesday,cse_g1,2.0,6,14:30,15:20,Test Lab,2,1,1,1,194
Wednesday,cse_g1,8.0,7,15:30,16:20,Test Lab,2,1,1,0,194
Wednesday,cse_g1,8.0,8,16:20,17:10,Test Lab,2,1,0,1,194
Thursday,,,1,08:30,09:20,Test Lab,0,0,0,0,194
Thursday,,,2,09:20,10:10,Test Lab,0,0,1,0,194
Thursday,cse_g2,8.0,3,10:30,11:20,Test Lab,2,0,1,1,194
Thursday,cse_g2,8.0,4,11:20,12:10,Test Lab,2,1,1,1,194
Thursday,cse_g1,6.0,5,13:40,14:30,Test Lab,4,1,1,1,194
Thursday,cse_g1,6.0,6,14:30,15:20,Test Lab,4,1,1,1,194
Thursday,cse_g1,6.0,7,15:30,16:20,Test Lab,4,1,1,0,194
Thursday,cse_g1,6.0,8,16:20,17:10,Test Lab,4,1,0,1,194
Friday,cse_aiml,6.0,1,08:30,09:20,Test Lab,4,0,1,1,194
Friday,cse_aiml,6.0,2,09:20,10:10,Test Lab,4,1,1,1,194
Friday,cse_aiml,6.0,3,10:30,11:20,Test Lab,4,1,1,1,194
Friday,cse_aiml,6.0,4,11:20,12:10,Test Lab,4,1,1,1,194
Friday,cse_g1,6.0,5,13:40,14:30,Test Lab,2,1,1,1,194
Friday,cse_g1,6.0,6,14:30,15:20,Test Lab,2,1,1,1,194
Friday,cse_g2,4.0,7,15:30,16:20,Test Lab,2,1,1,1,194
Friday,cse_g2,4.0,8,16:20,17:10,Test Lab,2,1,0,1,194
Monday,,,1,08:30,09:20,Test Lab,0,0,0,0,195
Monday,,,2,09:20,10:10,Test Lab,0,0,1,0,195
Monday,cse_g1,6.0,3,10:30,11:20,Test Lab,2,0,1,1,195
Monday,cse_g1,6.0,4,11:20,12:10,Test Lab,2,1,1,1,195
Monday,cse_g2,2.0,5,13:40,14:30,Test Lab,2,1,1,1,195
Monday,cse_g2,2.0,6,14:30,15:20,Test Lab,2,1,0,1,195
Monday,,,7,15:30,16:20,Test Lab,0,1,0,0,195
Monday,,,8,16:20,17:10,Test Lab,0,0,0,0,195
Tuesday,cse_g1,4.0,1,08:30,09:20,Test Lab,4,0,1,1,195
Tuesday,cse_g1,4.0,2,09:20,10:10,Test Lab,4,1,1,1,195
Tuesday,cse_g1,4.0,3,10:30,11:20,Test Lab,4,1,1,1,195
Tuesday,cse_g1,4.0,4,11:20,12:10,Test Lab,4,1,1,1,195
Tuesday,cse_aiml,6.0,5,13:40,14:30,Test Lab,4,1,1,1,195
Tuesday,cse_aiml,6.0,6,14:30,15:20,Test Lab,4,1,1,1,195
Tuesday,cse_aiml,6.0,7,15:30,16:20,Test Lab,4,1,1,1,195
Tuesday,cse_aiml,6.0,8,16:20,17:10,Test Lab,4,1,0,1,195
Wednesday,,,1,08:30,09:20,Test Lab,0,0,1,0,195
Wednesday,cse_g2,6.0,2,09:20,10:10,Test Lab,2,0,1,1,195
Wednesday,cse_g2,6.0,3,10:30,11:20,Test Lab,2,1,0,1,195
Wednesday,,,4,11:20,12:10,Test Lab,0,1,1,0,195
Wednesday,cse_g1,2.0,5,13:40,14:30,Test Lab,2,0,1,1,195
Wednesday,cse_g1,2.0,6,14:30,15:20,Test Lab,2,1,1,1,195
Wednesday,cse_g1,8.0,7,15:30,16:20,Test Lab,2,1,1,1,195
Wednesday,cse_g1,8.0,8,16:20,17:10,Test Lab,2,1,0,1,195
Thursday,,,1,08:30,09:20,Test Lab,0,0,0,0,195
Thursday,,,2,09:20,10:10,Test Lab,0,0,1,0,195
Thursday,cse_g2,8.0,3,10:30,11:20,Test Lab,2,0,1,1,195
Thursday,cse_g2,8.0,4,11:20,12:10,Test Lab,2,1,1,1,195
Thursday,cse_g1,6.0,5,13:40,14:30,Test Lab,4,1,1,1,195
Thursday,cse_g1,6.0,6,14:30,15:20,Test Lab,4,1,1,0,195
Thursday,cse_g1,6.0,7,15:30,16:20,Test Lab,4,1,1,1,195
Thursday,cse_g1,6.0,8,16:20,17:10,Test Lab,4,1,0,1,195
Friday,cse_aiml,6.0,1,08:30,09:20,Test Lab,4,0,1,1,195
Friday,cse_aiml,6.0,2,09:20,10:10,Test Lab,4,1,1,0,195
Friday,cse_aiml,6.0,3,10:30,11:20,Test Lab,4,1,1,1,195
Friday,cse_aiml,6.0,4,11:20,12:10,Test Lab,4,1,1,1,195
Friday,cse_g1,6.0,5,13:40,14:30,Test Lab,2,1,1,1,195
Friday,cse_g1,6.0,6,14:30,15:20,Test Lab,2,1,1,1,195
Friday,cse_g2,4.0,7,15:30,16:20,Test Lab,2,1,1,1,195
Friday,cse_g2,4.0,8,16:20,17:10,Test Lab,2,1,0,0,195
Monday,,,1,08:30,09:20,Test Lab,0,0,0,1,196
Monday,,,2,09:20,10:10,Test Lab,0,0,1,0,196
Monday,cse_g1,6.0,3,10:30,11:20,Test Lab,2,0,1,1,196
Monday,cse_g1,6.0,4,11:20,12:10,Test Lab,2,1,1,1,196
Monday,cse_g2,2.0,5,13:40,14:30,Test Lab,2,1,1,1,196
Monday,cse_g2,2.0,6,14:30,15:20,Test Lab,2,1,0,0,196
Monday,,,7,15:30,16:20,Test Lab,0,1,0,1,196
Monday,,,8,16:20,17:10,Test Lab,0,0,0,0,196
Tuesday,cse_g1,4.0,1,08:30,09:20,Test Lab,4,0,1,1,196
Tuesday,cse_g1,4.0,2,09:20,10:10,Test Lab,4,1,1,1,196
Tuesday,cse_g1,4.0,3,10:30,11:20,Test Lab,4,1,1,1,196
Tuesday,cse_g1,4.0,4,11:20,12:10,Test Lab,4,1,1,1,196
Tuesday,cse_aiml,6.0,5,13:40,14:30,Test Lab,4,1,1,1,196
Tuesday,cse_aiml,6.0,6,14:30,15:20,Test Lab,4,1,1,1,196
Tuesday,cse_aiml,6.0,7,15:30,16:20,Test Lab,4,1,1,1,196
Tuesday,cse_aiml,6.0,8,16:20,17:10,Test Lab,4,1,0,1,196
Wednesday,,,1,08:30,09:20,Test Lab,0,0,1,0,196
Wednesday,cse_g2,6.0,2,09:20,10:10,Test Lab,2,0,1,1,196
Wednesday,cse_g2,6.0,3,10:30,11:20,Test Lab,2,1,0,1,196
Wednesday,,,4,11:20,12:10,Test Lab,0,1,1,0,196
Wednesday,cse_g1,2.0,5,13:40,14:30,Test Lab,2,0,1,1,196
Wednesday,cse_g1,2.0,6,14:30,15:20,Test Lab,2,1,1,0,196
Wednesday,cse_g1,8.0,7,15:30,16:20,Test Lab,2,1,1,1,196
Wednesday,cse_g1,8.0,8,16:20,17:10,Test Lab,2,1,0,1,196
Thursday,,,1,08:30,09:20,Test Lab,0,0,0,0,196
Thursday,,,2,09:20,10:10,Test Lab,0,0,1,0,196
Thursday,cse_g2,8.0,3,10:30,11:20,Test Lab,2,0,1,1,196
Thursday,cse_g2,8.0,4,11:20,12:10,Test Lab,2,1,1,1,196
Thursday,cse_g1,6.0,5,13:40,14:30,Test Lab,4,1,1,1,196
Thursday,cse_g1,6.0,6,14:30,15:20,Test Lab,4,1,1,1,196
Thursday,cse_g1,6.0,7,15:30,16:20,Test Lab,4,1,1,1,196
Thursday,cse_g1,6.0,8,16:20,17:10,Test Lab,4,1,0,1,196
Friday,cse_aiml,6.0,1,08:30,09:20,Test Lab,4,0,1,1,196
Friday,cse_aiml,6.0,2,09:20,10:10,Test Lab,4,1,1,1,196
Friday,cse_aiml,6.0,3,10:30,11:20,Test Lab,4,1,1,1,196
Friday,cse_aiml,6.0,4,11:20,12:10,Test Lab,4,1,1,1,196
Friday,cse_g1,6.0,5,13:40,14:30,Test Lab,2,1,1,1,196
Friday,cse_g1,6.0,6,14:30,15:20,Test Lab,2,1,1,1,196
Friday,cse_g2,4.0,7,15:30,16:20,Test Lab,2,1,1,1,196
Friday,cse_g2,4.0,8,16:20,17:10,Test Lab,2,1,0,1,196
Monday,,,1,08:30,09:20,Test Lab,0,0,0,0,197
Monday,,,2,09:20,10:10,Test Lab,0,0,1,0,197
Monday,cse_g1,6.0,3,10:30,11:20,Test Lab,2,0,1,1,197
Monday,cse_g1,6.0,4,11:20,12:10,Test Lab,2,1,1,1,197
Monday,cse_g2,2.0,5,13:40,14:30,Test Lab,2,1,1,1,197
Monday,cse_g2,2.0,6,14:30,15:20,Test Lab,2,1,0,1,197
Monday,,,7,15:30,16:20,Test Lab,0,1,0,0,197
Monday,,,8,16:20,17:10,Test Lab,0,0,0,0,197
Tuesday,cse_g1,4.0,1,08:30,09:20,Test Lab,4,0,1,1,197
Tuesday,cse_g1,4.0,2,09:20,10:10,Test Lab,4,1,1,1,197
Tuesday,cse_g1,4.0,3,10:30,11:20,Test Lab,4,1,1,1,197
Tuesday,cse_g1,4.0,4,11:20,12:10,Test Lab,4,1,1,1,197
Tuesday,cse_aiml,6.0,5,13:40,14:30,Test Lab,4,1,1,1,197
Tuesday,cse_aiml,6.0,6,14:30,15:20,Test Lab,4,1,1,0,197
Tuesday,cse_aiml,6.0,7,15:30,16:20,Test Lab,4,1,1,1,197
Tuesday,cse_aiml,6.0,8,16:20,17:10,Test Lab,4,1,0,1,197
Wednesday,,,1,08:30,09:20,Test Lab,0,0,1,0,197
Wednesday,cse_g2,6.0,2,09:20,10:10,Test Lab,2,0,1,1,197
Wednesday,cse_g2,6.0,3,10:30,11:20,Test Lab,2,1,0,0,197
Wednesday,,,4,11:20,12:10,Test Lab,0,1,1,0,197
Wednesday,cse_g1,2.0,5,13:40,14:30,Test Lab,2,0,1,1,197
Wednesday,cse_g1,2.0,6,14:30,15:20,Test Lab,2,1,1,1,197
Wednesday,cse_g1,8.0,7,15:30,16:20,Test Lab,2,1,1,1,197
Wednesday,cse_g1,8.0,8,16:20,17:10,Test Lab,2,1,0,1,197
Thursday,,,1,08:30,09:20,Test Lab,0,0,0,0,197
Thursday,,,2,09:20,10:10,Test Lab,0,0,1,1,197
Thursday,cse_g2,8.0,3,10:30,11:20,Test Lab,2,0,1,1,197
Thursday,cse_g2,8.0,4,11:20,12:10,Test Lab,2,1,1,1,197
Thursday,cse_g1,6.0,5,13:40,14:30,Test Lab,4,1,1,0,197
Thursday,cse_g1,6.0,6,14:30,15:20,Test Lab,4,1,1,1,197
Thursday,cse_g1,6.0,7,15:30,16:20,Test Lab,4,1,1,0,197
Thursday,cse_g1,6.0,8,16:20,17:10,Test Lab,4,1,0,1,197
Friday,cse_aiml,6.0,1,08:30,09:20,Test Lab,4,0,1,1,197
Friday,cse_aiml,6.0,2,09:20,10:10,Test Lab,4,1,1,1,197
Friday,cse_aiml,6.0,3,10:30,11:20,Test Lab,4,1,1,1,197
Friday,cse_aiml,6.0,4,11:20,12:10,Test Lab,4,1,1,1,197
Friday,cse_g1,6.0,5,13:40,14:30,Test Lab,2,1,1,1,197
Friday,cse_g1,6.0,6,14:30,15:20,Test Lab,2,1,1,1,197
Friday,cse_g2,4.0,7,15:30,16:20,Test Lab,2,1,1,1,197
Friday,cse_g2,4.0,8,16:20,17:10,Test Lab,2,1,0,1,197
Monday,,,1,08:30,09:20,Test Lab,0,0,0,0,198
Monday,,,2,09:20,10:10,Test Lab,0,0,1,0,198
Monday,cse_g1,6.0,3,10:30,11:20,Test Lab,2,0,1,1,198
Monday,cse_g1,6.0,4,11:20,12:10,Test Lab,2,1,1,1,198
Monday,cse_g2,2.0,5,13:40,14:30,Test Lab,2,1,1,1,198
Monday,cse_g2,2.0,6,14:30,15:20,Test Lab,2,1,0,0,198
Monday,,,7,15:30,16:20,Test Lab,0,1,0,0,198
Monday,,,8,16:20,17:10,Test Lab,0,0,0,0,198
Tuesday,cse_g1,4.0,1,08:30,09:20,Test Lab,4,0,1,1,198
Tuesday,cse_g1,4.0,2,09:20,10:10,Test Lab,4,1,1,1,198
Tuesday,cse_g1,4.0,3,10:30,11:20,Test Lab,4,1,1,1,198
Tuesday,cse_g1,4.0,4,11:20,12:10,Test Lab,4,1,1,1,198
Tuesday,cse_aiml,6.0,5,13:40,14:30,Test Lab,4,1,1,1,198
Tuesday,cse_aiml,6.0,6,14:30,15:20,Test Lab,4,1,1,1,198
Tuesday,cse_aiml,6.0,7,15:30,16:20,Test Lab,4,1,1,1,198
Tuesday,cse_aiml,6.0,8,16:20,17:10,Test Lab,4,1,0,1,198
Wednesday,,,1,08:30,09:20,Test Lab,0,0,1,0,198
Wednesday,cse_g2,6.0,2,09:20,10:10,Test Lab,2,0,1,1,198
Wednesday,cse_g2,6.0,3,10:30,11:20,Test Lab,2,1,0,1,198
Wednesday,,,4,11:20,12:10,Test Lab,0,1,1,0,198
Wednesday,cse_g1,2.0,5,13:40,14:30,Test Lab,2,0,1,0,198
Wednesday,cse_g1,2.0,6,14:30,15:20,Test Lab,2,1,1,1,198
Wednesday,cse_g1,8.0,7,15:30,16:20,Test Lab,2,1,1,1,198
Wednesday,cse_g1,8.0,8,16:20,17:10,Test Lab,2,1,0,1,198
Thursday,,,1,08:30,09:20,Test Lab,0,0,0,0,198
Thursday,,,2,09:20,10:10,Test Lab,0,0,1,0,198
Thursday,cse_g2,8.0,3,10:30,11:20,Test Lab,2,0,1,1,198
Thursday,cse_g2,8.0,4,11:20,12:10,Test Lab,2,1,1,1,198
Thursday,cse_g1,6.0,5,13:40,14:30,Test Lab,4,1,1,1,198
Thursday,cse_g1,6.0,6,14:30,15:20,Test Lab,4,1,1,1,198
Thursday,cse_g1,6.0,7,15:30,16:20,Test Lab,4,1,1,1,198
Thursday,cse_g1,6.0,8,16:20,17:10,Test Lab,4,1,0,1,198
Friday,cse_aiml,6.0,1,08:30,09:20,Test Lab,4,0,1,1,198
Friday,cse_aiml,6.0,2,09:20,10:10,Test Lab,4,1,1,1,198
Friday,cse_aiml,6.0,3,10:30,11:20,Test Lab,4,1,1,1,198
Friday,cse_aiml,6.0,4,11:20,12:10,Test Lab,4,1,1,1,198
Friday,cse_g1,6.0,5,13:40,14:30,Test Lab,2,1,1,1,198
Friday,cse_g1,6.0,6,14:30,15:20,Test Lab,2,1,1,1,198
Friday,cse_g2,4.0,7,15:30,16:20,Test Lab,2,1,1,1,198
Friday,cse_g2,4.0,8,16:20,17:10,Test Lab,2,1,0,1,198
Monday,,,1,08:30,09:20,Test Lab,0,0,0,0,199
Monday,,,2,09:20,10:10,Test Lab,0,0,1,0,199
Monday,cse_g1,6.0,3,10:30,11:20,Test Lab,2,0,1,1,199
Monday,cse_g1,6.0,4,11:20,12:10,Test Lab,2,1,1,1,199
Monday,cse_g2,2.0,5,13:40,14:30,Test Lab,2,1,1,0,199
Monday,cse_g2,2.0,6,14:30,15:20,Test Lab,2,1,0,1,199
Monday,,,7,15:30,16:20,Test Lab,0,1,0,0,199
Monday,,,8,16:20,17:10,Test Lab,0,0,0,0,199
Tuesday,cse_g1,4.0,1,08:30,09:20,Test Lab,4,0,1,1,199
Tuesday,cse_g1,4.0,2,09:20,10:10,Test Lab,4,1,1,1,199
Tuesday,cse_g1,4.0,3,10:30,11:20,Test Lab,4,1,1,1,199
Tuesday,cse_g1,4.0,4,11:20,12:10,Test Lab,4,1,1,1,199
Tuesday,cse_aiml,6.0,5,13:40,14:30,Test Lab,4,1,1,1,199
Tuesday,cse_aiml,6.0,6,14:30,15:20,Test Lab,4,1,1,1,199
Tuesday,cse_aiml,6.0,7,15:30,16:20,Test Lab,4,1,1,1,199
Tuesday,cse_aiml,6.0,8,16:20,17:10,Test Lab,4,1,0,1,199
Wednesday,,,1,08:30,09:20,Test Lab,0,0,1,0,199
Wednesday,cse_g2,6.0,2,09:20,10:10,Test Lab,2,0,1,1,199
Wednesday,cse_g2,6.0,3,10:30,11:20,Test Lab,2,1,0,1,199
Wednesday,,,4,11:20,12:10,Test Lab,0,1,1,0,199
Wednesday,cse_g1,2.0,5,13:40,14:30,Test Lab,2,0,1,1,199
Wednesday,cse_g1,2.0,6,14:30,15:20,Test Lab,2,1,1,1,199
Wednesday,cse_g1,8.0,7,15:30,16:20,Test Lab,2,1,1,1,199
Wednesday,cse_g1,8.0,8,16:20,17:10,Test Lab,2,1,0,1,199
Thursday,,,1,08:30,09:20,Test Lab,0,0,0,0,199
Thursday,,,2,09:20,10:10,Test Lab,0,0,1,0,199
Thursday,cse_g2,8.0,3,10:30,11:20,Test Lab,2,0,1,1,199
Thursday,cse_g2,8.0,4,11:20,12:10,Test Lab,2,1,1,1,199
Thursday,cse_g1,6.0,5,13:40,14:30,Test Lab,4,1,1,1,199
Thursday,cse_g1,6.0,6,14:30,15:20,Test Lab,4,1,1,1,199
Thursday,cse_g1,6.0,7,15:30,16:20,Test Lab,4,1,1,1,199
Thursday,cse_g1,6.0,8,16:20,17:10,Test Lab,4,1,0,1,199
Friday,cse_aiml,6.0,1,08:30,09:20,Test Lab,4,0,1,1,199
Friday,cse_aiml,6.0,2,09:20,10:10,Test Lab,4,1,1,0,199
Friday,cse_aiml,6.0,3,10:30,11:20,Test Lab,4,1,1,1,199
Friday,cse_aiml,6.0,4,11:20,12:10,Test Lab,4,1,1,1,199
Friday,cse_g1,6.0,5,13:40,14:30,Test Lab,2,1,1,1,199
Friday,cse_g1,6.0,6,14:30,15:20,Test Lab,2,1,1,1,199
Friday,cse_g2,4.0,7,15:30,16:20,Test Lab,2,1,1,1,199
Friday,cse_g2,4.0,8,16:20,17:10,Test Lab,2,1,0,1,199
Monday,,,1,08:30,09:20,Test Lab,0,0,0,0,200
Monday,,,2,09:20,10:10,Test Lab,0,0,1,1,200
Monday,cse_g1,6.0,3,10:30,11:20,Test Lab,2,0,1,1,200
Monday,cse_g1,6.0,4,11:20,12:10,Test Lab,2,1,1,1,200
Monday,cse_g2,2.0,5,13:40,14:30,Test Lab,2,1,1,1,200
Monday,cse_g2,2.0,6,14:30,15:20,Test Lab,2,1,0,1,200
Monday,,,7,15:30,16:20,Test Lab,0,1,0,0,200
Monday,,,8,16:20,17:10,Test Lab,0,0,0,0,200
Tuesday,cse_g1,4.0,1,08:30,09:20,Test Lab,4,0,1,1,200
Tuesday,cse_g1,4.0,2,09:20,10:10,Test Lab,4,1,1,1,200
Tuesday,cse_g1,4.0,3,10:30,11:20,Test Lab,4,1,1,1,200
Tuesday,cse_g1,4.0,4,11:20,12:10,Test Lab,4,1,1,1,200
Tuesday,cse_aiml,6.0,5,13:40,14:30,Test Lab,4,1,1,1,200
Tuesday,cse_aiml,6.0,6,14:30,15:20,Test Lab,4,1,1,1,200
Tuesday,cse_aiml,6.0,7,15:30,16:20,Test Lab,4,1,1,1,200
Tuesday,cse_aiml,6.0,8,16:20,17:10,Test Lab,4,1,0,1,200
Wednesday,,,1,08:30,09:20,Test Lab,0,0,1,0,200
Wednesday,cse_g2,6.0,2,09:20,10:10,Test Lab,2,0,1,1,200
Wednesday,cse_g2,6.0,3,10:30,11:20,Test Lab,2,1,0,1,200
Wednesday,,,4,11:20,12:10,Test Lab,0,1,1,0,200
Wednesday,cse_g1,2.0,5,13:40,14:30,Test Lab,2,0,1,1,200
Wednesday,cse_g1,2.0,6,14:30,15:20,Test Lab,2,1,1,1,200
Wednesday,cse_g1,8.0,7,15:30,16:20,Test Lab,2,1,1,1,200
Wednesday,cse_g1,8.0,8,16:20,17:10,Test Lab,2,1,0,1,200
Thursday,,,1,08:30,09:20,Test Lab,0,0,0,0,200
Thursday,,,2,09:20,10:10,Test Lab,0,0,1,0,200
Thursday,cse_g2,8.0,3,10:30,11:20,Test Lab,2,0,1,1,200
Thursday,cse_g2,8.0,4,11:20,12:10,Test Lab,2,1,1,1,200
Thursday,cse_g1,6.0,5,13:40,14:30,Test Lab,4,1,1,1,200
Thursday,cse_g1,6.0,6,14:30,15:20,Test Lab,4,1,1,1,200
Thursday,cse_g1,6.0,7,15:30,16:20,Test Lab,4,1,1,1,200
Thursday,cse_g1,6.0,8,16:20,17:10,Test Lab,4,1,0,1,200
Friday,cse_aiml,6.0,1,08:30,09:20,Test Lab,4,0,1,1,200
Friday,cse_aiml,6.0,2,09:20,10:10,Test Lab,4,1,1,1,200
Friday,cse_aiml,6.0,3,10:30,11:20,Test Lab,4,1,1,0,200
Friday,cse_aiml,6.0,4,11:20,12:10,Test Lab,4,1,1,1,200
Friday,cse_g1,6.0,5,13:40,14:30,Test Lab,2,1,1,1,200
Friday,cse_g1,6.0,6,14:30,15:20,Test Lab,2,1,1,1,200
Friday,cse_g2,4.0,7,15:30,16:20,Test Lab,2,1,1,1,200
Friday,cse_g2,4.0,8,16:20,17:10,Test Lab,2,1,0,1,200
